:020000040800F2
:10000000000002200D190008F1170008F31700087E
:10001000F5170008F7170008F9170008000000009E
:10002000000000000000000000000000FB170008B6
:10003000FD17000800000000FF1700080118000865
:100040005D1900085D1900085D1900085D190008B8
:100050005D1900085D1900085D1900085D190008A8
:100060005D1900085D1900085D1900085D19000898
:100070005D1900085D1900085D1900085D19000888
:100080005D1900085D1900085D1900085D19000878
:100090005D1900085D1900085D1900085D19000868
:1000A0005D1900085D1900085D1900085D19000858
:1000B0005D1900085D190008051800085D190008A1
:1000C0005D1900085D1900085D1900085D19000838
:1000D0005D1900085D1900085D1900085D19000828
:1000E0005D1900085D1900085D1900085D19000818
:1000F0005D1900085D1900085D1900085D19000808
:100100005D1900085D1900085D1900085D190008F7
:100110005D1900085D1900085D1900085D190008E7
:100120005D1900085D1900085D1900085D190008D7
:100130005D1900085D1900085D1900085D190008C7
:100140005D1900085D1900085D1900085D190008B7
:100150005D1900085D1900085D1900085D190008A7
:100160005D1900085D1900085D1900085D19000897
:100170005D1900085D1900085D1900080000000005
:080180005D1900085D1900087B
:1001900010B5054C237833B9044B13B10448AFF3C1
:1001A00000800123237010BD4001002000000000EA
:1001B000F0E3000808B5034B1BB103490348AFF354
:1001C000008008BD0000000044010020F0E30008AA
:1001D00047F63003038002230A0F090130323A2A1E
:1001E00000D30732C25201330A2BF5D170470029E0
:1001F00009DA00B52D2202700130C1F1000100F0D2
:1002000002F8013000BD30B54FF0000505604560D3
:1002100085600E4BA3FB0143DC0822000A2304FB8C
:1002200003F40C1B44F030044453013511460029FB
:10023000EFD120B4013D445D425C4255445401314C
:10024000013D8D4200D0F6DC31BD0000CDCCCCCCE0
:1002500010F8012B11F8013B012A28BF9A42F7D070
:10026000D01A7047034613F8012B002AFBD1181A45
:10027000013870470000000000000000000000008E
:1002800001F0FF01102A2BDB10F0070F08D010F847
:10029000013B013A8B422DD010F0070F42B3F6D14B
:1002A000F0B441EA012141EA014122F007047FF064
:1002B00000070023F0E80256083C85EA010586EABB
:1002C000010685FA47F5A3FA87F586FA47F6A5FAF7
:1002D00087F68EB9EED1F0BC01F0FF0102F0070203
:1002E00032B110F8013B013A83EA010313B1F8D1AE
:1002F0000020704701387047002D06BF354603388F
:10030000073815F0010F07D1013015F4807F02BFC7
:10031000013015F4C03F0130F0BC0138704700BF18
:1003200081F0004102E000BF83F0004330B54FEAA6
:1003300041044FEA430594EA050F08BF90EA020F13
:100340001FBF54EA000C55EA020C7FEA645C7FEAA6
:10035000655C00F0E2804FEA5454D4EB5555B8BFC9
:100360006D420CDD2C4480EA020281EA030382EA3A
:10037000000083EA010180EA020281EA0303362DCC
:1003800088BF30BD11F0004F4FEA01314FF4801C9F
:100390004CEA113102D0404261EB410113F0004FB1
:1003A0004FEA03334CEA133302D0524263EB430368
:1003B00094EA050F00F0A780A4F10104D5F1200E06
:1003C0000DDB02FA0EFC22FA05F2801841F1000161
:1003D00003FA0EF2801843FA05F359410EE0A5F135
:1003E00020050EF1200E012A03FA0EFC28BF4CF066
:1003F000020C43FA05F3C01851EBE37101F000451C
:1004000007D54FF0000EDCF1000C7EEB00006EEB28
:100410000101B1F5801F1BD3B1F5001F0CD34908B2
:100420005FEA30004FEA3C0C04F101044FEA445209
:1004300012F5800F80F09A80BCF1004F08BF5FEA90
:10044000500C50F1000041EB045141EA050130BD70
:100450005FEA4C0C404141EB0101013C28BFB1F582
:10046000801FE9D291F0000F04BF01460020B1FACD
:1004700081F308BF2033A3F10B03B3F120020CDAA0
:100480000C3208DD02F1140CC2F10C0201FA0CF07E
:1004900021FA02F10CE002F11402D8BFC2F1200CE3
:1004A00001FA02F120FA0CFCDCBF41EA0C01904099
:1004B000E41AA2BF01EB0451294330BD6FEA0404E2
:1004C0001F3C1CDA0C340EDC04F11404C4F12002CD
:1004D00020FA04F001FA02F340EA030021FA04F3DF
:1004E00045EA030130BDC4F10C04C4F1200220FA36
:1004F00002F001FA04F340EA0300294630BD21FA74
:1005000004F0294630BD94F0000F83F4801306BF39
:1005100081F480110134013D4EE77FEA645C18BF2D
:100520007FEA655C29D094EA050F08BF90EA020FC4
:1005300005D054EA000C04BF1946104630BD91EABC
:10054000030F1EBF0021002030BD5FEA545C05D1BF
:100550004000494128BF41F0004130BD14F58004FE
:100560003CBF01F5801130BD01F0004545F0FE4172
:1005700041F470014FF0000030BD7FEA645C1ABFA7
:10058000194610467FEA655C1CBF0B46024650EADE
:10059000013406BF52EA033591EA030F41F400210A
:1005A00030BD00BF90F0000F04BF0021704730B590
:1005B0004FF4806404F132044FF000054FF0000165
:1005C00050E700BF90F0000F04BF0021704730B526
:1005D0004FF4806404F1320410F0004548BF4042FB
:1005E0004FF000013EE700BF42004FEAE2014FEA50
:1005F00031014FEA02701FBF12F07F4393F07F4F2B
:1006000081F06051704732F07F4208BF704793F02D
:100610007F4F04BF41F40021704730B54FF4607440
:1006200001F0004521F000411CE700BF50EA010243
:1006300008BF704730B54FF000050AE050EA0102EC
:1006400008BF704730B511F0004502D5404261EB5C
:1006500041014FF4806404F132045FEA915C3FF49D
:10066000D8AE4FF003025FEADC0C18BF03325FEA3A
:10067000DC0C18BF033202EBDC02C2F1200300FAEB
:1006800003FC20FA02F001FA03FE40EA0E0021FA10
:1006900002F11444BDE600BF70B54FF0FF0C4CF4FE
:1006A000E06C1CEA11541DBF1CEA135594EA0C0FB0
:1006B00095EA0C0F00F0DEF82C4481EA030621EAEB
:1006C0004C5123EA4C5350EA013518BF52EA033526
:1006D00041F4801143F4801338D0A0FB02CE4FF0D8
:1006E0000005E1FB02E506F00042E0FB03E54FF008
:1006F0000006E1FB03569CF0000F18BF4EF0010E00
:10070000A4F1FF04B6F5007F64F5407404D25FEAFB
:100710004E0E6D4146EB060642EAC62141EA5551AE
:100720004FEAC52040EA5E504FEACE2EB4F1FD0CF0
:1007300088BFBCF5E06F1ED8BEF1004F08BF5FEA6E
:10074000500E50F1000041EB045170BD06F0004620
:1007500046EA010140EA020081EA0301B4EB5C04CD
:10076000C2BFD4EB0C0541EA045170BD41F48011C5
:100770004FF0000E013C00F3AB8014F1360FDEBFEA
:10078000002001F0004170BDC4F10004203C35DAC6
:100790000C341BDC04F11404C4F1200500FA05F349
:1007A00020FA04F001FA05F240EA020001F00042EA
:1007B00021F0004110EBD37021FA04F642EB060160
:1007C0005EEA430E08BF20EAD37070BDC4F10C048A
:1007D000C4F1200500FA04F320FA05F001FA04F24E
:1007E00040EA020001F0004110EBD37041F100013A
:1007F0005EEA430E08BF20EAD37070BDC4F1200545
:1008000000FA05F24EEA020E20FA04F301FA05F2AC
:1008100043EA020321FA04F001F0004121FA04F254
:1008200020EA020000EBD3705EEA430E08BF20EA24
:10083000D37070BD94F0000F0FD101F0004640005E
:1008400041EB010111F4801F08BF013CF7D041EAE0
:10085000060195F0000F18BF704703F000465200E4
:1008600043EB030313F4801F08BF013DF7D043EAB5
:100870000603704794EA0C0F0CEA135518BF95EA6B
:100880000C0F0CD050EA410618BF52EA4306D1D1F2
:1008900081EA030101F000414FF0000070BD50EA11
:1008A000410606BF1046194652EA430619D094EA9B
:1008B0000C0F02D150EA013613D195EA0C0F05D185
:1008C00052EA03361CBF104619460AD181EA0301D9
:1008D00001F0004141F0FE4141F470014FF0000091
:1008E00070BD41F0FE4141F4780170BD70B54FF02C
:1008F000FF0C4CF4E06C1CEA11541DBF1CEA1355AC
:1009000094EA0C0F95EA0C0F00F0A7F8A4EB05048D
:1009100081EA030E52EA03354FEA013100F0888084
:100920004FEA03334FF0805545EA131343EA12634D
:100930004FEA022245EA111545EA10654FEA002602
:100940000EF000419D4208BF964244F1FD0404F5BB
:10095000407402D25B084FEA3202B61A65EB030517
:100960005B084FEA32024FF480104FF4002CB6EBD4
:10097000020E75EB030E22BFB61A754640EA0C0054
:100980005B084FEA3202B6EB020E75EB030E22BF94
:10099000B61A754640EA5C005B084FEA3202B6EBD5
:1009A000020E75EB030E22BFB61A754640EA9C0094
:1009B0005B084FEA3202B6EB020E75EB030E22BF64
:1009C000B61A754640EADC0055EA060E18D04FEA22
:1009D000051545EA16754FEA06164FEAC30343EAC2
:1009E00052734FEAC2025FEA1C1CC0D111F4801F8F
:1009F0000BD141EA00014FF000004FF0004CB6E788
:100A000011F4801F04BF01430020B4F1FD0C88BF26
:100A1000BCF5E06F3FF6AFAEB5EB030C04BFB6EB31
:100A2000020C5FEA500C50F1000041EB045170BD24
:100A30000EF0004E4EEA113114EB5C04C2BFD4EB51
:100A40000C0541EA045170BD41F480114FF0000ED5
:100A5000013C90E645EA060E8DE60CEA135594EA51
:100A60000C0F08BF95EA0C0F3FF43BAF94EA0C0F54
:100A70000AD150EA01347FF434AF95EA0C0F7FF4C9
:100A800025AF104619462CE795EA0C0F06D152EA1D
:100A900003353FF4FDAE1046194622E750EA410601
:100AA00018BF52EA43067FF4C5AE50EA41047FF412
:100AB0000DAF52EA43057FF4EBAE12E74FF0FF3C77
:100AC00006E000BF4FF0010C02E000BF4FF0010C48
:100AD0004DF804CD4FEA410C7FEA6C5C4FEA430CC1
:100AE00018BF7FEA6C5C1BD001B050EA410C0CBF10
:100AF00052EA430C91EA030F02BF90EA020F002072
:100B0000704710F1000F91EA030F58BF994208BFD8
:100B100090422CBFD8176FEAE37040F00100704795
:100B20004FEA410C7FEA6C5C02D150EA013C07D1EC
:100B30004FEA430C7FEA6C5CD6D152EA033CD3D037
:100B40005DF8040B704700BF8446104662468C4631
:100B50001946634600E000BF01B5FFF7B7FF002864
:100B600048BF10F1000F01BD4DF808EDFFF7F4FF8D
:100B70000CBF012000205DF808FB00BF4DF808ED18
:100B8000FFF7EAFF34BF012000205DF808FB00BF3B
:100B90004DF808EDFFF7E0FF94BF012000205DF85D
:100BA00008FB00BF4DF808EDFFF7CEFF94BF012012
:100BB00000205DF808FB00BF4DF808EDFFF7C4FF0B
:100BC00034BF012000205DF808FB00BF4FEA410C54
:100BD0007FEA6C5C02D150EA013C0AD14FEA430C37
:100BE0007FEA6C5C02D152EA033C02D14FF0000074
:100BF00070474FF0010070474FEA410212F50012B2
:100C000015D211D56FF47873B3EB625212D94FEA53
:100C1000C12343F0004343EA505311F0004F23FA3D
:100C200002F018BF404270474FF00000704750EA92
:100C3000013005D111F0004008BF6FF0004070474F
:100C40004FF00000704700BF4FEA4102B2F1E043AD
:100C500024BFB3F5001CDCF1FE5C0DD901F0004CA3
:100C60004FEAC0024CEA5070B2F1004F40EB8300F3
:100C700008BF20F00100704711F0804F21D113F11F
:100C80003872BCBF01F00040704741F480114FEA58
:100C90005252C2F11802C2F1200C10FA0CF320FAE1
:100CA00002F018BF40F001004FEAC1234FEAD323FE
:100CB00003FA0CFC40EA0C0023FA02F34FEA430368
:100CC000CCE77FEA625307D150EA01331EBF4FF0F1
:100CD000FE4040F44000704701F0004040F0FE400C
:100CE00040F40000704700BF7BB972B90029BEBF55
:100CF00000204FF0004106E008BF00281CBF6FF045
:100D000000414FF0FF3000F0D3B9ADF1080C6DE9B0
:100D100004CE002909DB002B1ADB00F04DF8DDF8CA
:100D200004E0DDE9022304B07047404261EB410179
:100D3000002B1BDB00F040F8DDF804E0DDE90223C6
:100D400004B0404261EB4101524263EB4303704700
:100D5000524263EB430300F02FF8DDF804E0DDE9D5
:100D6000022304B0404261EB41017047524263EB01
:100D7000430300F021F8DDF804E0DDE9022304B0CC
:100D8000524263EB4303704753B94AB9002908BF85
:100D900000281CBF4FF0FF314FF0FF3000F088B942
:100DA000ADF1080C6DE904CE00F006F8DDF804E0C2
:100DB000DDE9022304B070472DE9F047089D8E4617
:100DC00004468846002B4AD18A42174662D9B2FAB5
:100DD00082F64EB1C6F1200301FA06F820FA03F3B9
:100DE000B74043EA0808B4404FEA174E1FFA87FCA1
:100DF000B8FBFEF1230C0EFB118843EA084301FB0C
:100E00000CF29A4209D9FB1801F1FF3080F0EA8018
:100E10009A4240F2E78002393B449A1AA3B2B2FBED
:100E2000FEF00EFB102243EA024300FB0CFC9C4543
:100E300009D9FB1800F1FF3280F0D6809C4540F2C2
:100E4000D3803B44023840EA0140A3EB0C0300216D
:100E50001DB1F3400022C5E90032BDE8F0878B42A6
:100E600005D90DB1C5E9000100210846F5E7B3FA3F
:100E700083F1002946D1734502D3824200F20581F5
:100E8000841A6EEB030201209046002DE5D0C5E9DF
:100E90000048E2E7002A00F09080B2FA82F6002EC5
:100EA00040F0A4808A1A030C4FEA174E80B2BCB2FD
:100EB0000121B2FBFEFC0EFB1C2243EA024304FBB1
:100EC0000CF29A4207D9FB180CF1FF3802D29A4271
:100ED00000F2E080C4469B1AB3FBFEF20EFB123315
:100EE00040EA034302FB04F49C4207D9FB1802F1D9
:100EF000FF3002D29C4200F2CA8002461B1B42EA2B
:100F00000C40A5E7C1F120068B4022FA06F71F43EB
:100F10000EFA01F420FA06F32EFA06FE4FEA1749FC
:100F2000234300FA01F81FFA87FCBEFBF9F01C0C02
:100F300009FB10EE44EA0E4400FB0CFEA64502FA43
:100F400001F209D93C1900F1FF3A80F09C80A645D6
:100F500040F2998002383C44A4EB0E041FFA83FE51
:100F6000B4FBF9F309FB13444EEA044403FB0CFC05
:100F7000A44508D93C1903F1FF3E80F08280A445C6
:100F80007FD9023B3C4443EA0040A4EB0C04A0FBA5
:100F900002EC64457346E14662D35FD05DB1B8EBC5
:100FA000030264EB090404FA06F622FA01F31E4375
:100FB000CC40C5E9006400214FE7B1FBF2FC010C15
:100FC00041EA0E4180B240EA01423B4638463C4687
:100FD000B846BE462026B1FBF7F1A2EB080241EA73
:100FE0000C4166E7014618E710462CE7C6F12002DF
:100FF0002EFA02F3B740B14020FA02F24FEA174E40
:101000000A43B3FBFEF8BCB20EFB1833110C41EAE5
:10101000034108FB04F9B04089454FEA104380B210
:101020003ED9791808F1FF3C01D289451FD8A1EBC0
:101030000901B1FBFEF909FB04F80EFB191192B28C
:1010400042EA0142424529D2BA1809F1FF31C4D21D
:101050004245C2D2A9F102013A44BEE7F0459DD211
:10106000BEEB02036CEB070C0138E14696E7A7EBF9
:1010700009094944A8F1020CB1FBFEF909FB04F887
:10108000DBE773467FE7504666E70846FDE63B44EC
:10109000023A33E7ACF1020C3B441CE749469CE7BB
:1010A000A1EB0901C446B1FBFEF909FB04F8C4E752
:1010B000704700BF10B594B01422002109A80AF0AF
:1010C000C7FC1422002103A80AF0C2FC0023204A16
:1010D0000193116C41F080511164126C02F0805246
:1010E0000192019A1B4A0293116841F480411160F8
:1010F000126802F4804202920224029A129406229A
:101100000820CDE90E430892A8230122CDE910035F
:10111000CDE90A220723102208A80C92139300F0AD
:10112000CDFD08B172B6FEE70F23CDE9033405907B
:101130004FF4A0524FF48053052103A8CDE90623B4
:1011400000F098FF08B172B6FEE714B010BD00BF02
:1011500000380240007000402DE9F04196B000F0E8
:1011600023FCFFF7A7FF142200210FA80AF070FC50
:101170000024AE4B01941A6BAD4842F010021A6382
:101180001A6B02F010020192019A02941A6B42F05B
:1011900004021A631A6B02F004020292029A039488
:1011A0001A6B42F080021A631A6B02F080020392FB
:1011B000039A04941A6B42F002021A631A6B02F04B
:1011C00002020492049A05941A6B42F020021A63F8
:1011D0001A6B02F020020592059A06941A6B42F0EF
:1011E00008021A631A6B02F008020692069A079424
:1011F0001A6B42F040021A631B6B03F04003079323
:1012000001224FF40051079B00F052FD894822460D
:1012100044F2010100F04CFD012287484FF40061C7
:1012200000F046FD10260125844811950FA9CDE94F
:101230000F6400F05FFC4FF400537D480FA9CDE927
:101240000F354FF00308CDE9114400F053FC794805
:10125000CDF848800FA90627CDE90F55119400F06D
:1012600049FC744811940FA9CDE90F7400F042FCB9
:101270004FF4006370480FA9CDE90F35CDE911484F
:1012800000F038FC4FF480486A480FA9CDE90F857B
:10129000CDE9114400F02EFC4FF4807365481195A0
:1012A0000FA9CDE90F3400F025FC324621460BA8EA
:1012B0000AF0CEFB3246214612A80AF0C9FB60486C
:1012C0000C964FF020433C22036003F58273C0E983
:1012D0000137C0E90C840F230A924FF00408112251
:1012E000CDE90833CDE90F83CDE913624FF4805780
:1012F0000D9205230FAA08A9C0E90344C0E90564BB
:10130000C0E90744C0E90A744462846344641193E9
:1013100001F033FD08B172B6FEE74A484A4B03605C
:1013200000F0DAFF034608B172B6FEE74748484AC4
:101330008361C0E900237F21FF22C0E90212C0E9D6
:10134000043301F062F8054608B172B6FEE70146C3
:10135000324608A80AF07CFB1C2229460FA80AF096
:1013600077FB3C4CDFF8FCE0A5600223C4E900E316
:101370004FF6FF73C4E9033520468023A36101F0D3
:10138000E9FE08B172B6FEE708A92046089701F009
:10139000CBFF08B172B6FEE7204601F007FF08B1A7
:1013A00072B6FEE76023CDE90F30119013904246EC
:1013B0000FA9204601F056FF054608B172B6FEE7B8
:1013C000204600F097F92448DFF89CC085624FF46E
:1013D0008273C0E900C34FF40073C0E906350A23E5
:1013E000C0E90255C0E90455C0E90855C36201F0DF
:1013F00019FA054608B172B6FEE7014632460FA853
:101400000AF026FB154E1649B56042F2CF03C6E935
:101410000013304641F28733CDE90855C6E903355C
:10142000B56101F097FE08B372B6FEE700380240DE
:101430000008024000040240001402400010024074
:10144000780100201803002000080650F802002050
:1014500000280040C8010020A002002058020020FF
:101460000008004000180040003001400FA930463D
:101470000F9701F059FF08B172B6FEE700232D481F
:1014800008A9CDE9083302F057F808B172B6FEE7B3
:10149000294E2A4AB060CDE90F0053234FF6FF755D
:1014A000B0613046C6E90023F56001F053FE08B193
:1014B00072B6FEE7CDE90F000FA9304602F03CF806
:1014C00008B172B6FEE706F097FB06F087FB1948F5
:1014D00001F03AFD02211A4801F0D9F8194B032115
:1014E0001870174801F0D3F8174B187006F0BCFAC3
:1014F00006F0ACFB08F076FE06F07EFB134B187886
:1015000008F034FE072005F07BFE012000F078FA99
:1015100023689D63203D6B1CF7D1002008F00CFE72
:1015200006F0C6FB06F024FC06F0B6FC08F0B2F8A4
:10153000FAE700BF5802002010020020001000400F
:10154000F80200205F0500205D05002063050020F3
:1015500072B6FEE782B00C4B002100915A6C42F447
:1015600080425A645A6C02F480420092009A0191BF
:101570001A6C42F080521A641B6C03F08053019382
:10158000019B02B0704700BF003802400268094B5F
:101590009A4282B00BD100230193074B5A6B42F061
:1015A00040025A635B6B03F040030193019B02B05E
:1015B000704700BF00080650003802401FB50446BF
:1015C0001022002168460AF043FA2268094B9A4229
:1015D0000ED10223009368464FF48073039300F00A
:1015E000E3FD08B1FFF7B4FF034B0122C3F83C2E23
:1015F00004B010BD002800400000474210B504466A
:1016000088B01422002103A80AF022FA2268144BA1
:101610009A4222D103F58433002101915A6C11487A
:1016200042F480525A645A6C02F480520192019A38
:1016300002911A6B42F002021A631B6B03F0020361
:101640000293029B382202230321CDE903230523C1
:10165000CDE9061303A900F04DFA08B010BD00BF94
:1016600000300140000402401FB503681D4A934248
:1016700015D100221C4B0192196C41F00401196430
:101680001B6C03F00403019311461E20019B00F024
:10169000DDF91E2005B05DF804EB00F009BA134A2D
:1016A00093420ED1002302930F4B1A6C42F01002AA
:1016B0001A641B6C03F010030293029B05B05DF8E3
:1016C00004FB0B4A9342F9D100230393064B1A6C97
:1016D00042F040021A641B6C03F040030393039B27
:1016E000ECE700BF00080040003802400010004056
:1016F0000018004010B5044686B01422002101A84D
:101700000AF0A6F922680E4B9A4216D100230093E4
:101710000C4B0D481A6B42F002021A631B6B03F06C
:1017200002030093009B4FF400420223CDE9012302
:1017300001A90923059300F0DDF906B010BD00BF33
:101740000018004000380240000402402DE9F0413A
:1017500086B000230393204B1C68002C38D1012253
:101760001A601E4B00949A6B1D4842F001029A6366
:101770009B6B03F00103022703260C2500934FF413
:10178000805801A9009BCDE90187CDE9046500F0EF
:10179000B1F94FF680731348059501A9CDE90137DA
:1017A000CDE9034600F0A6F90F4805954CF23373D6
:1017B00001A9CDE90137CDE9034600F09BF90B48BB
:1017C000059501A9CDE90187CDE9034600F092F91D
:1017D00006B0BDE8F08100BF2803002000380240B9
:1017E0000014024000100240000C024000180240A9
:1017F000FEE7FEE7FEE7FEE7FEE77047704770474B
:1018000000F0ECB810B50D4C204601F0BBFB2046B3
:1018100001F09AFB0A4A0B4C136823F00103136092
:101820001E2123880C229E2005F0B0FD23880C2267
:10183000BDE8104048219E2005F0A8BD58020020B8
:1018400000080040380300200120704708B50AF066
:101850009FFF162303604FF0FF3008BD08B50AF064
:1018600097FF16230360FEE770B50D4614460E463B
:10187000731B9C4201DC204670BDAFF3008006F86C
:10188000010BF5E770B50D4614460E46731B9C42DE
:1018900001DC204670BD16F8010BAFF30080F5E7C0
:1018A0004FF0FF3070474FF400534B6000207047FB
:1018B00001207047002070470B4A116810B503469D
:1018C00009B90A491160106809490A4C0344091B07
:1018D0008B4206D90AF05CFF0C2303604FF0FF3007
:1018E00010BD1360FCE700BF30030020301B002058
:1018F0000000022000080000034AD2F8883043F4B8
:101900007003C2F88830704700ED00E0DFF834D093
:10191000FFF7F2FF0C480D490D4A002302E0D458AE
:10192000C4500433C4188C42F9D30A4A0A4C002329
:1019300001E013600432A242FBD30AF02FFFFFF74D
:101940000BFC704700000220000000204001002036
:101950008027030840010020301B0020FEE7000024
:1019600038B50E4B1A784FF47A73B3FBF2F30C4A86
:1019700005461068B0FBF3F000F0A8F8044658B92B
:101980000F2D09D8024629464FF0FF3000F05EF8CF
:10199000044B20461D6038BD0120FCE708000020F4
:1019A000040000200C00002008B50B4B1A6842F41C
:1019B00000721A601A6842F480621A601A6842F46F
:1019C00080721A60032000F02FF80F20FFF7C8FF85
:1019D000FFF7C0FD002008BD003C0240034A044B55
:1019E00011681B780B441360704700BF340300205C
:1019F00008000020014B1868704700BF3403002026
:101A000038B50446FFF7F6FF631C1CBF054B1B7877
:101A1000054618BFE418FFF7EDFF431BA342FAD3B6
:101A200038BD00BF080000200749CA6822F4E06200
:101A30000302120403F4E063120C134343F0BF6388
:101A400043F40033CB60704700ED00E0164B30B537
:101A5000DC68C4F30224C4F10703251D042B28BF4E
:101A60000423062D4FF0FF358CBF033C002405FAFC
:101A700003F321EA0303A54022EA0502A34000285C
:101A800043EA0203ACBF00F16040084A4FEA031387
:101A9000B8BF00F00F00DBB2AABF00F561401354DD
:101AA00080F8003330BD00BF00ED00E014ED00E031
:101AB000002807DB044A4109012300F01F0083408E
:101AC00042F82130704700BF00E100E00138B0F17A
:101AD000807F0BD24FF0E023054A5861F02182F855
:101AE00023100020072298611A6170470120704777
:101AF00000ED00E02DE9F74FDFF8A491664A0023DE
:101B00000D6801249C4004EA0506AC4340F0AF8018
:101B10004D68032705F003044FEA430807FA08FC61
:101B2000671E012F6FEA0C0C34D8876807EA0C0E89
:101B3000CF6807FA08F747EA0E078760476827EA81
:101B4000060EC5F300179F4047EA0E074760C768B7
:101B500007EA0C0E8F6807FA08F747EA0E07022C0F
:101B6000C76019D14FEAD30A00EB8A0A03F0070BCA
:101B7000DAF820704FEA8B0B4FF00F0E0EFA0BFEC7
:101B800027EA0E0E0F6907FA0BF747EA0E07CAF8A5
:101B9000207001E0032CDAD1076804FA08F407EAA0
:101BA0000C073C4315F4403F046060D000240194CE
:101BB000D9F8444044F48044C9F84440D9F844403A
:101BC00023F0030707F1804704F4804407F59C37AE
:101BD000019403F0030C019CD7F808E04FEA8C0C49
:101BE0000F2404FA0CF42EEA040E2C4CA04245D02B
:101BF00004F58064A04243D004F58064A04241D043
:101C000004F58064A0423FD004F58064A0423DD03A
:101C100004F58064A0423BD004F58064A04239D032
:101C200004F58064A04214BF0824072404FA0CF4CD
:101C300044EA0E04BC609468F74315F4801F0CBF9F
:101C40003C4034439460D46815F4001F0CBF3C4002
:101C50003443D460546815F4003F0CBF3C40344317
:101C600054601468ED0354BF3C40344314600133A6
:101C7000102B7FF445AF03B0BDE8F08F0024D5E70B
:101C80000124D3E70224D1E70324CFE70424CDE7DE
:101C90000524CBE70624C9E7003C014000000240D0
:101CA000003802400369194214BF01200020704728
:101CB0000AB1816170470904FBE700002DE9F34197
:101CC000044640B30368DE0710D423689D075BD445
:101CD0002368190700F19D8023685A0700F1BD8031
:101CE000A369002B40F0248100202CE08D4B9A68E2
:101CF00002F00C02042A07D09A6802F00C02082AAB
:101D00000BD15B68590208D5864B1B689A03DCD55A
:101D10006368002BD9D1012015E06368814DB3F5CC
:101D2000803F13D12B6843F480332B60FFF762FEB2
:101D30007C4E054633689B03C7D4FFF75BFE401B10
:101D40006428F7D9032002B0BDE8F081B3F5A02FD5
:101D500004D12B6843F480232B60E3E72A6822F444
:101D600080322A602A6822F480222A60002BDDD18A
:101D7000FFF740FE06462B689F03A6D5FFF73AFE05
:101D8000801B6428F7D9DDE7664B9A6812F00C0FC8
:101D900007D09A6802F00C02082A11D15B685D0234
:101DA0000ED4604A1368990702D5E368012BB2D1BB
:101DB0001368216923F0F80343EAC103136087E73E
:101DC000E268594BB2B101221A60FFF713FE554D7C
:101DD00006462B689B0707D52B68226923F0F8037A
:101DE00043EAC2032B6073E7FFF704FE801B02285F
:101DF000EFD9A7E71A60FFF7FDFD4A4E05463368A5
:101E00009F077FF565AFFFF7F5FD401B0228F6D968
:101E100098E76269444B82B10122C3F8802EFFF734
:101E2000E9FD404E0546736F9B073FF555AFFFF741
:101E3000E1FD401B0228F6D984E7C3F8802EFFF7A6
:101E4000D9FD384E0546736F9F077FF545AFFFF705
:101E5000D1FD401B0228F6D974E7324B1A6C12F000
:101E6000805228D101921A6C42F080521A641B6C85
:101E700003F080530193019B01272C4D2B68D8055B
:101E80001BD5A368274D012B27D12B6F43F00103EE
:101E90002B67FFF7AFFD234E054641F28838336FBD
:101EA0009A0739D5002F3FF41BAF1E4A136C23F05D
:101EB0008053136414E70027DFE72B6843F4807333
:101EC0002B60FFF797FD06462B68D905D9D4FFF79D
:101ED00091FD801B0228F7D934E7052B04D12B6F25
:101EE00043F004032B67D0E72A6F22F001022A6730
:101EF0002A6F22F004022A67002BCAD1FFF77AFD6D
:101F000041F2883806462B6F9B07CBD5FFF772FD51
:101F1000801B4045F7D915E7FFF76CFD401B404596
:101F2000BDD90FE700380240000047420070004072
:101F3000374DAA6802F00C02082A3ED0022B354B1E
:101F40004FF000021A662BD1FFF754FD06462B68AE
:101F500099011FD4D4E907321343626A43EA82131A
:101F6000E26A43EA0263A26A5208013A43EA024380
:101F70006B60284B264D01221A66FFF73BFD044695
:101F80002B689A013FF5B0AEFFF734FD001B022825
:101F9000F6D9D7E6FFF72EFD801B0228D7D9D1E668
:101FA000FFF728FD04462B689B017FF59DAEFFF7E8
:101FB00021FD001B0228F6D9C4E6012B3FF4ABAE8D
:101FC0006B68E26903F4800191427FF4A4AE216A58
:101FD00003F03F028A427FF49EAE616A47F6C07208
:101FE0001A40B2EB811F7FF496AEA26A520803F446
:101FF0004031013AB1EB024F7FF48DAEE26A03F05B
:102000007063B3EB026F14BF012000209BE600BF9A
:102010000038024000004742134908B58B6803F0BE
:102020000C03042B1CD0082B1CD14A684B68496850
:1020300013F4800314BF0D480D48C1F3881118BF75
:10204000002302F03F02A1FB0001FEF79DFE064BBC
:102050005B68C3F3014301335B00B0FBF3F008BDE1
:102060000248FCE70248FAE70038024040787D0168
:102070000024F4002DE9F0410D46044610B901207A
:10208000BDE8F081434B1A6802F007028A4228D368
:1020900021688F072DD4C80740D43E4B1A6802F040
:1020A0000702AA4265D8226851076BD4130707D5E7
:1020B000394A2169936823F4604343EAC10393607A
:1020C000FFF7AAFF344B354A9B68C3F30313D35C75
:1020D000D840334B1860334B1868FFF741FC0020A1
:1020E000CEE7CAB21A701B6803F007038B42C6D151
:1020F000CEE7294B11F0040F1EBF9A6842F4E0525C
:102100009A600E0742BF9A6842F460429A609A68E9
:10211000A06822F0F00202439A60BCE762681E4B9E
:10212000012A1CD11B6813F4003FA8D01A4EB368D3
:1021300023F003031343B360FFF75CFC41F28838DC
:102140000746B368626803F00C03B3EB820FA4D0B8
:10215000FFF750FCC01B4045F3D9032090E7911EC8
:1021600001291B6802D813F0007FDEE713F0020F8D
:10217000DBE7EAB21A701B6803F00703AB427FF497
:102180007EAF90E70449E0688B6823F4E053034393
:102190008B608BE7003C02400038024030E40008CE
:1021A000040000200C000020036813F0050FF7B5B1
:1021B000044605D123689B072AD4002003B0F0BD54
:1021C000424B434E00229A66FFF714FC05463368E3
:1021D0001F0116D4D4E901231B0743EA8213C6F872
:1021E00084303A4B3A4E01229A66FFF703FC0546CB
:1021F00033681801DED4FFF7FDFB401B0228F7D936
:1022000004E0FFF7F7FB401B0228E0D90320D5E7E5
:10221000002301932E4B2F4D1A6C42F080521A640A
:102220001B6C03F080530193019B2B6843F4807374
:102230002B60FFF7DFFB06462B68D9051BD5244D25
:10224000E2682B6F13F440731BD1E36803F4407210
:10225000B2F5407F1E4A34D1916823F0704021F4DA
:10226000F81120F4407001439160116FC3F30B0328
:102270000B431367A1E7FFF7BDFB801B0228DBD9E7
:10228000C4E702F440729342DFD02B6F0F4A012162
:10229000C2F8401E23F440730021C2F8401E2B6791
:1022A0002B6FDA07D1D5FFF7A5FB41F28837064639
:1022B0002B6F9B07C9D4FFF79DFB801BB842F7D952
:1022C000A4E7916821F4F811CEE700BF000047426F
:1022D000003802400070004010B5044690B14379C8
:1022E00003F0FF0213B90271FFF750F922680223CD
:1022F0006371136843F004031360002001236371CA
:10230000A06010BD0120FCE7F8B50379012B04465D
:102310000E462BD0427901239A420371D5B221D1C6
:1023200002234371FFF766FB074623685A68D2070A
:1023300007D59B68E36033600123637100250023A8
:102340000DE0FFF757FBC01B0228EED923685B683E
:1023500013F00103E9D1012262710222A26023710C
:102360002846F8BD042282601D46E8E70225F7E70B
:1023700038B50368094ADA600446FFF73BFB0546B7
:102380002368DB689B0601D5002038BDFFF732FBD0
:10239000401BB0F57A7FF3D90320F6E75F7F010099
:1023A000036870B5DC6814F04004054617D1DA689C
:1023B00042F08002DA60FFF71DFB06462B68DB68FF
:1023C0005B0600D40CB1204670BDFFF713FB801BE9
:1023D000B0F57A7F82BF04236B770124EEE70024F7
:1023E000F1E70368DA6822F0800210B5DA609B68D2
:1023F0009B06044601D5002010BDFFF7B9FF002859
:10240000F9D0042363770120F6E710B504460028CD
:1024100041D0437F03F0FF0213B90277FFF7CEF8F4
:10242000022363772368DA68D20603D50123637732
:10243000002010BDCA225A6253225A622046FFF77A
:10244000AFFF10BB236820699A6822F4E00222F0F3
:1024500040029A60626899680243606902430A43D5
:102460009A60E2681A611A69A16842EA01421A6137
:102470002046FFF7B6FF40B92368A1691A6C22F421
:1024800080221A641A6C0A431A642368FF225A6273
:102490000028CBD0CDE70120CBE70023092803D8C3
:1024A00040EA0310C0B270470A380133C0B2F5E702
:1024B0002DE9F041037F012B06460F464FF0020045
:1024C00041D0012331683377707738787D78BC78D4
:1024D0008B68002A39D113F0400308BFFB70FFF767
:1024E000DCFF80462846FFF7D8FF02462046FFF76C
:1024F000D4FFFB7840EA835343EA084343EA0224CB
:10250000CA234B6253234B623046FFF749FFA8B9F9
:10251000326804F07F3424F0FE441460936823F49E
:1025200080239360D7E90330916803430B439360A2
:102530003046FFF756FF08B9012373773368FF224F
:102540005A6200233377BDE8F08113F0400308BFDF
:10255000FB702D02FA7845EA004545EA040343EA98
:102560008254CDE7F8B5037F012B05464FF00200FA
:1025700027D001232B7768770E78C8784C788F782E
:102580007603FAB146EA00433B4343EA04242B684E
:10259000CA225A6253225A622846FFF701FF58B9ED
:1025A0002A6824F07F4424F0C00454602846FFF7D2
:1025B00018FF08B901236B772B68FF225A620023AA
:1025C0002B77F8BDE30642BF24F010040A344C70A8
:1025D000FFF763FF04464878FFF75FFF024638467F
:1025E000FFF75BFF40EA060343EA044343EA0224A1
:1025F000CDE7030903EB830300F00F0000EB43007A
:10260000C0B2704738B50368986A486018691B689B
:10261000C0F30E00C3F3062503F07F048860C3F304
:102620000540C3F3805308704D708C70CB7052B965
:10263000FFF7DFFF08702846FFF7DBFF48702046F2
:10264000FFF7D7FF8870002038BD38B503685B6896
:10265000C3F30740C3F3042503F03F04C3F342333D
:10266000C8704D708C700B7052B9FFF7C2FFC87004
:102670002846FFF7BEFF48702046FFF7BAFF887074
:10268000002038BD0368503343F8212070470368A9
:10269000503353F8210070472DE9F3471F46894610
:1026A00090460446FFF7A6F90A9D3D442D1AFFF710
:1026B000A1F9264B1E68C6F3CB366E4382460196BF
:1026C0002268936839EA03030CBF012300234345C2
:1026D00001D100202EE07B1CF3D0FFF78BF9A0EB9B
:1026E0000A00A84229D323685A6822F0E0025A60FF
:1026F0006268B2F5827F0AD1A268B2F5004F02D0BB
:10270000B2F5806F03D11A6822F040021A60A26A03
:10271000B2F5005F07D11A6822F400521A601A68F5
:1027200042F400521A60012384F85130002384F8E7
:102730005030032002B0BDE8F087019B1BB1019B24
:10274000013B0193BCE71D46BAE700BF040000202F
:10275000F0B585B00B4600920E46174602210122C5
:102760000446FFF799FF054628B1636D43F0200347
:102770006365032515E0124B1868124BB0FBF3F0AC
:102780004FF47A73584363680390B3F5827F0BD19B
:10279000009733462A4680212046FFF77DFF002818
:1027A000E3D1284605B0F0BD039B002BF9D0039B75
:1027B000013B039323689B681B06F5D4F1E700BF38
:1027C0000400002000366E0137B50B464168B1F5B4
:1027D000827F044608D0009201210022FFF75CFFAF
:1027E000D0B9002003B030BD8168B1F5004F02D0F0
:1027F000B1F5806F07D125682868B1F5806F20F0AA
:102800004000286004D00092802100222046E5E7A5
:10281000009201210022F9E7636D43F02003636514
:102820000320DFE710B50446002855D0436A002B8B
:102830004ED14268B2F5827F00D0C3610023A3620B
:1028400094F8513003F0FF0223B984F85020204659
:10285000FEF7D4FE2168A068A269022384F85130F3
:102860000B6823F040030B60636800F4044003F43A
:1028700082730343E06800F400600343206900F0C2
:1028800002000343606900F00100034302F400709A
:102890000343E06900F038000343206A00F0800041
:1028A0000343A06A00F4005003430B60636A120CF8
:1028B00003F0100302F004021A434A60CB6923F4C8
:1028C0000063CB6100200123606584F8513010BDA6
:1028D0000023C0E90433B1E70120F8E72DE9F7430D
:1028E00004461F460D469046FFF784F894F8513091
:1028F000012B8146D8B240F09F80002D74D0B8F1F2
:10290000000F71D094F85030012B00F09580032314
:1029100084F8513000236365C4E91033A4F836808D
:10292000A363A387E387A368266884F85000B3F500
:10293000004F2563A4F8348007D1336823F04003A7
:102940003360336843F4804333603368E2685B0686
:102950005EBF336843F040033360B2F5006F6368D5
:1029600045D113B1B8F1010F07D135F8023BF3603F
:102970002563E38E013B9BB2E386E38E9BB2D3B922
:102980004A4639462046FFF7E3FE002851D1A368A6
:1029900033B901932368DA6801929B680193019B24
:1029A000012384F85130606D0023C01A84F8503040
:1029B00018BF012018E022689368980705D5236B9B
:1029C00033F8021BD1602363D3E7FFF713F8A0EBC2
:1029D0000900B842D1D3791CCFD0012384F85130FB
:1029E000002384F85030032003B0BDE8F08313B116
:1029F000B8F1010F08D12B783373236B01332363B4
:102A0000E38E013B9BB2E386E38E9BB2002BB7D0F3
:102A100023689A68920703D5226B12781A73ECE741
:102A2000FEF7E8FFA0EB0900B842EDD37B1CEBD02A
:102A3000D3E720236365AAE70220D5E72DE9F74312
:102A400004460D4691461E46DDF82880FEF7D2FF6B
:102A500094F851306268012B0746D9B20AD0B2F51A
:102A6000827F40F0E580A368002B40F0E1800429DC
:102A700040F0DE80002D4BD0B9F1000F48D0002E81
:102A800046D094F85030012B00F0D280012384F816
:102A9000503094F85130C4F83890042B1CBF0523F3
:102AA00084F8513000236365C4E910332368E68756
:102AB000E6861968A687490658BF1968256358BF76
:102AC00041F04001A68658BF1960E168B1F5006F7A
:102AD00055D10AB1012E07D135F8022BDA60E38E09
:102AE0002563013B9BB2E3860125E38E9BB28BB944
:102AF000E38F9BB273B93A4641462046FFF728FE62
:102B0000002800F0818020236365002384F8503082
:102B1000012031E021688B689A070DD5E38E9BB2C6
:102B200053B145B1236B33F8022BCA602363E38EA4
:102B3000013B9BB2E38600258A6812F001020CD0AB
:102B4000E38F9BB24BB1A36BC96823F8021BA3634D
:102B5000E38F013B9BB2E3871546FEF74BFFC01B9B
:102B60004045C2D3B8F1FF3FBFD0012384F85130B4
:102B7000002384F85030032003B0BDE8F0830AB18D
:102B8000012E08D12A781A73236B01332363E38E55
:102B9000013B9BB2E38601252DE0226893689B07E9
:102BA0000ED5E38E9BB25BB14DB1236B1B781373D3
:102BB000236B01332363E38E013B9BB2E386002545
:102BC0002268916811F001010DD0E38F9BB253B1DF
:102BD000A36BD2681A70A36B0133A363E38F013B2D
:102BE0009BB2E3870D46FEF705FFC01B404502D3AD
:102BF000B8F1FF3FB9D1E38E9BB2002BCDD1E38F6B
:102C00009BB2002BC9D176E7A36833B9019323683F
:102C1000DA6801929B680193019B012384F851308B
:102C2000606D0023C01A84F8503018BF0120A3E75C
:102C30000220A1E72DE9F7431E4690F85130012B01
:102C4000044689461746DDB204D00225284603B063
:102C5000BDE8F0830029F9D0002AF7D04368B3F526
:102C6000827F0BD183684BB9042380F8513013461F
:102C700000960A46FFF7E2FE0546E7E7FEF7BAFED2
:102C800094F85030012B8046DFD0A268C4F8389009
:102C90000123002584F85030B2F5004F4FF00403B3
:102CA00084F85130C4E9105565652368E787A78724
:102CB0002563A586E58607D11A6822F040021A60CE
:102CC0001A6822F480421A601A6855065EBF1A68B4
:102CD00042F040021A60E368F3B1E38F9BB2FBB1AC
:102CE00023689A68D2073CD5DA68A36B23F8022BD5
:102CF000A363E38F013B9BB2E387EEE723689A6807
:102D0000D0071ED5A26B1B7B1370A36B0133A3638B
:102D1000E38F013B9BB2E387E38F9BB2002BEDD1A6
:102D2000424631462046FFF74FFD18BB012384F889
:102D30005130656D0023ED1A84F8503018BF01251D
:102D400084E7FEF757FEA0EB0800B042E4D3711C05
:102D5000E2D0012384F85130002384F85030032559
:102D600074E7FEF747FEA0EB0800B042B5D3731C32
:102D7000B3D0EEE720236365D8E770B50E4615465D
:102D8000044628B390F8493003F0FF021BB980F8DD
:102D90004820FEF7DBFC04F10801206800F00CFC81
:102DA000A2682068314600F039FC236BA268606895
:102DB000294600F04DFC2268A16852F8213043F00A
:102DC000010342F82130012384F84930002070BD0E
:102DD0000120FCE7036A026A22F0010270B5026278
:102DE000446882690D6822F073022A438D6823F0DB
:102DF00002032B430C4DA84203D005F58065A84281
:102E00000BD1CD6823F008032B43D1E9055624F4F8
:102E10004074354323F004032C43446082614A68C4
:102E20004263036270BD00BF00000140036A026A92
:102E300022F4807270B502624468C2690D6822F0A3
:102E400073022A438D6823F4007343EA05230D4D72
:102E5000A84203D005F58065A8420DD1CD6823F4C2
:102E6000006343EA0523D1E9055624F44054354371
:102E700023F4806344EA05144460C2614A68C26373
:102E8000036270BD00000140036A026A22F48052AE
:102E900030B502624468C2690D6822F4E64242EA33
:102EA00005228D6823F4005343EA0533084DA842F8
:102EB00003D005F58065A84204D14D6924F480440F
:102EC00044EA85144460C2614A680264036230BD0A
:102ED0000000014090F83D30012B30D1022380F8F2
:102EE0003D300368DA6842F00102DA60154A934225
:102EF0001AD0B3F1804F17D0A2F57C42934213D081
:102F000002F5806293420FD002F5806293420BD0AB
:102F100002F57842934207D002F57052934203D0F3
:102F2000A2F59432934204D19A6802F00702062A6D
:102F300003D01A6842F001021A6000207047012095
:102F4000704700BF000001400368DA6822F0010208
:102F5000DA60196A41F21112114208D1196A40F27D
:102F60004442114202BF1A6822F001021A60012392
:102F700080F83D30002070477047704770477047B9
:102F800070477047036870B5DD681E69B107044675
:102F90000DD5AA070BD56FF002021A610122027744
:102FA0009B699B0769D0FFF7EAFF0023237771072E
:102FB00010D56A070ED523686FF004021A61022249
:102FC00022779B6913F4407F20465CD0FFF7D7FF40
:102FD0000023237733070FD528070DD523686FF01B
:102FE00008021A6104222277DB699907204650D033
:102FF000FFF7C5FF00232377F20610D5EB060ED5A9
:1030000023686FF010021A6108222277DB6913F43B
:10301000407F204643D0FFF7B2FF00232377F0071D
:1030200008D5E90706D523686FF001021A6120462A
:10303000FFF7A3FF320608D52B0606D523686FF0ED
:1030400080021A61204600F0B6FA700608D56906BB
:1030500006D523686FF040021A612046FFF791FF02
:10306000B20622D5AB0620D523686FF02002204699
:103070001A61BDE8704000F09DBAFFF77FFF20465F
:10308000FFF77EFF91E7FFF779FF2046FFF778FF14
:103090009EE7FFF773FF2046FFF772FFAAE7FFF7EF
:1030A0006DFF2046FFF76CFFB7E770BD274A036846
:1030B000904212D0B0F1804F0FD0A2F57C429042E6
:1030C0000BD002F58062904207D002F580629042F8
:1030D00003D002F57842904208D14A6823F0700389
:1030E0001343CA6823F44073134316E0184A90420E
:1030F000F7D002F580629042F3D002F580629042F0
:10310000EFD0A2F598329042EBD002F58062904267
:10311000E7D002F580629042E3D04A6923F0800351
:1031200013438A68C2620A688262084A904203D0E6
:1031300002F58062904201D10A690263026842F09E
:1031400004020260012242610360704700000140F6
:103150000040014010B5044630B390F83D3003F014
:10316000FF021BB980F83C20FEF77EFA022320689C
:1031700084F83D30211DFFF799FF012384F8463084
:10318000002084F83E3084F83F3084F8403084F8E2
:10319000413084F8423084F8433084F8443084F875
:1031A000453084F83D3010BD0120FCE710B50446E1
:1031B00030B390F83D3003F0FF021BB980F83C209B
:1031C000FFF7DAFE0223206884F83D30211DFFF767
:1031D0006DFF012384F84630002084F83E3084F8E7
:1031E0003F3084F8403084F8413084F8423084F82D
:1031F000433084F8443084F8453084F83D3010BDC5
:103200000120FCE7036A026A22F0100270B5026234
:10321000446882690D6822F4E64242EA05228D681C
:1032200023F0200343EA05130D4DA84203D005F512
:103230008065A8420DD1CD6823F0800343EA0513D1
:10324000D1E9055624F44064354323F0400344EAB1
:103250008504446082614A688263036270BD00BF76
:103260000000014038B590F83C30012B04464FD0A7
:103270000120082A84F83C003AD006D8BAB1042AC2
:1032800026D0002384F83C3038BD0C2AF9D12068C0
:10329000FFF7FAFDC3690A6943F40063C361C369B8
:1032A00023F48063C361C36943EA02232EE02068EC
:1032B000FFF790FD83690A6943F00803836183691E
:1032C00023F0040383618369134383610020D8E7FB
:1032D0002068FFF797FF83690A6943F400638361FD
:1032E000836923F480638361836943EA0223ECE703
:1032F0002068FFF79BFDC3690A6943F00803C361B7
:10330000C36923F00403C361C3691343C361DDE7E9
:103310000220B9E710B584680A4324F47F4442EAE6
:1033200003222243826010BD38B590F83C30012B57
:1033300004464FF0020000F08E8084F83D00012228
:10334000206884F83C20836823F47F4323F07703CC
:1033500083600B68602B4FD032D8402B64D016D8D6
:10336000202B0DD00AD833F0100109D0012384F8A6
:103370003D30002384F83C30104638BD302BF5D169
:10338000826822F07002134343F0070328E0502BB9
:10339000ECD14A68CD68016A036A23F00103036235
:1033A000836921F00A0123F0F00343EA05130A437D
:1033B00083610262836823F0700343F057030FE0D8
:1033C000B3F5805F0DD0B3F5005F0CD0702BCDD17D
:1033D000CB68D1E90121FFF79DFF836843F07703B4
:1033E00083600022C2E7CB68D1E90121FFF792FF99
:1033F000836843F48043F3E7036A026A4D68C9684F
:1034000022F010020262826923F0A00322F47042CB
:1034100043EA051342EA013282610362836823F0C2
:10342000700343F06703DBE74A68CD68016A036A0B
:1034300023F001030362836921F00A0123F0F00302
:1034400043EA05130A4383610262836823F0700331
:1034500043F04703C4E702468EE7036A10B501F064
:103460001F0101248C4023EA04030362036A8A409B
:103470001A43026210BD000008B529B990F83E3029
:10348000012B1FD0012035E0042907D190F83F30EF
:10349000012BF7D1022380F83F3016E008290CBF3A
:1034A00090F8403090F84130013B18BF0123002BC9
:1034B000E8D108294FF002030CBF80F8403080F8B3
:1034C000413002E0022380F83E3000680122FFF71D
:1034D000C4FF164B984203D003F5806398420AD18B
:1034E000436C43F400434364836803F00703062BF3
:1034F00017D1002008BDB0F1804FF5D00C4B984299
:10350000F2D003F580639842EED003F580639842D1
:10351000EAD003F59A339842E6D0A3F59433984263
:10352000E2D0036843F001030360E2E700000140DA
:1035300000040040FFF7A0BF30B590F83C30012BED
:1035400002464FF0020032D0136882F83D005C68FA
:103550000D68986824F070042C435C60144CA342FE
:103560001AD0B3F1804F17D0A4F57C44A34213D0F6
:1035700004F58064A3420FD004F58064A3420BD00D
:1035800004F57844A34207D004F57054A34203D055
:10359000A4F59434A34204D1496820F0800001438B
:1035A00099600123002082F83D3082F83C0030BD54
:1035B00000000140704770470A6850F8223023F03D
:1035C000010370B58C6840F822304B68CE6850F823
:1035D0002250234333430E6933434E693343CE694C
:1035E00033430E6A33434E6A33438E6A3343CE6AA3
:1035F00033430E6B33438E69C96B33430B43064928
:1036000029400B43A4F108014C424C4143EA841386
:1036100040F82230002070BD8000F0FF0B6810B52C
:103620008C6923434C6843EA04138C6843EA0423FF
:10363000CC6843EA04430C694969013C013243EA1E
:103640000453023943EA016340F82230002010BDE0
:10365000B3F5804F30B514D18D690B6850F8224016
:103660002B434D6843EA05138D68C96843EA052377
:1036700043EA0143044921400B4340F82230002033
:1036800030BD6FF07043F8E70000F0CFD0E90132B1
:103690009342BFBF0268591C4160D05CA8BF0020A4
:1036A000704710B552EA03040CD48C68944209DBCD
:1036B000A41A9C4206DB09680A4402600022C0E9A1
:1036C000012310BD00221346F7E7006800BA7047D7
:1036D00003460078312809D15A78002A2DD19A78EA
:1036E0005ABBD878B0FA80F04009704774280BD1E3
:1036F0005A78792A17D19A78702A1ED1D878312829
:1037000014BF0020012070474F2814D15A78542A42
:1037100013D19A78542A10D1D8784F28F0E75A78E4
:10372000012ADCD07047722A07D19A78752A04D111
:10373000D8786528E4E70028F1D00020704730B43D
:103740000B1DC518C45C6B7803EB042308449BB2C3
:103750000021994202DB002030BC7047057B1478C1
:10376000A5420FD1457B5478A5420BD1857B947837
:10377000A54207D1C57BD478A54203D130BC143013
:10378000FFF7A3BF01311030E3E72DE9F0470E2525
:103790004D4306464419DDE90AA9DDE90C8EBDF961
:1037A00020C0BDF92470481CEBB17AB10323237308
:1037B00008EB0A035B1023800EEB09035B106380A8
:1037C000A4F80480A4F806E00E350146731903221C
:1037D0001A73481C26F805C05F80A3F804A0A3F85C
:1037E0000690BDE8F0874AB103232373A4F800C014
:1037F0006780A4F80480A4F806E0F2E702232373AC
:10380000A4F800C06780A280E280EAE7C3698B4227
:1038100001DB436803B9C161436A934201DB43683A
:1038200003B9426283698B4201DC436803B9816159
:10383000036A934201DC436803B9026201234360D7
:1038400070472DE9F8430D4611461A460368DDE935
:103850000898DDE90A76044683B1FFF7D7FF042D07
:1038600007D142464946FFF7D1FF32463946FFF7B6
:10387000CDFFE36A0133E362BDE8F883C36AD4F89D
:1038800028C00E2043430CEB030005732CF80310F3
:103890004280A0F80490A0F8068007814681E8E7FE
:1038A000D0ED027AD0ED046A90ED037AF4EE667AF8
:1038B000F1EE10FA1FB506D1D0ED056AF4EE476AB5
:1038C000F1EE10FA0FD0BDEEC77AFDEEE77A0023D5
:1038D000CDE90233CDE9003317EE902A17EE103A06
:1038E0000221FFF7AEFF05B05DF804FB1FB50446EB
:1038F000FFF7D6FFD4ED047A30EE270AD4ED057A2F
:1039000084ED040A70EEA70A0023FDEEE07A84ED50
:10391000020AC4ED050AC4ED030ACDE90233CDE97C
:10392000003317EE903AFDEEC07A012117EE902A8F
:103930002046FFF786FF04B010BDD0ED047A30EECC
:10394000270AD0ED057A1FB570EEA70A0023FDEE19
:10395000E07ACDE90233CDE9003317EE903AFDEE7F
:10396000C07A80ED040A17EE902AC0ED050A022104
:10397000FFF767FF05B05DF804FBD0ED047A30EE89
:10398000270AD0ED057A70EEA70A30EE011A70EE24
:10399000A11A1FB571EEA22A31EE022AFDEEE27ADB
:1039A000FDEEE11A17EE903ABDEEC11AFDEEE00A07
:1039B000BDEEC00AFDEEC27A80ED042A17EE902A11
:1039C000C0ED052ACDED031A8DED021ACDED010AE9
:1039D0008DED000A0421FFF734FF05B05DF804FB0C
:1039E000F0B50278437803EB02239BB2012B04D09D
:1039F000022B1BD04FF0FF30F0BD8278C37803EB71
:103A000002239BB28B421BDC0479427902EB042235
:103A100013FA82F28A4213DDCB1A5B000633C21816
:103A2000C35C507800EB032080B2E5E78278C3786E
:103A300003EB02239BB2013B002706269F4201DDD8
:103A40000020D9E7FC18641006FB04F50435421980
:103A500010F805C0557805EB0C25ADB2A94201DA86
:103A6000631EEBE79778D57805EB0725ADB2A94241
:103A700001DD671CE2E713795079D3E72DE9F04FB8
:103A8000044689B00D464FF014090C2D02DC09B034
:103A9000BDE8F08F6E1009FB054309FB064653EDA8
:103AA000047AD6ED016A94ED017AF4EEE76AF1EE5C
:103AB00010FAB4EEE67A4CBF01230023F1EE10FABF
:103AC0004CBF012200229A4205F1FF372AD0B4EE02
:103AD000E77AF1EE10FA4CBF012200229A4214BF9D
:103AE000BC464FF0000C09FB0C4CE046B8E80F0058
:103AF0000DF10C0EAEE80F00D8F800A0CEF800A033
:103B0000B646BEE80F00ACE80F00DEF80030C8F89B
:103B100000300DF10C08B8E80F00B446ACE80F0017
:103B2000CEF800A0A646BEE80F000DF10C0CACE8E4
:103B30000F00DEF80080CCF80080B446BCE80F002F
:103B4000A246AAE80F00DCF80030CEF800300DF1F4
:103B50000C0EBEE80F004FF0020B0FC6CCF8008031
:103B60002346D4ED017A93ED067AB4EEE77AF1EECE
:103B700010FA03F1140C30D409FB074696ED017AD4
:103B8000F4EEC77AF1EE10FAA6F1140302D5013F64
:103B90001E46F3E70BF1FF33BB4222DAE046B8E8FA
:103BA0000F000DF10C0EAEE80F00D8F80030CEF883
:103BB0000030B6460193BEE80F00E246AAE80F00C7
:103BC000DEF80030C8F800300DF10C08B8E80F003E
:103BD0000FC6019BCEF80030013F0BF1010B63468D
:103BE000BFE7ED1ABD42664605DD39462046FFF7C0
:103BF00045FF344649E729466046FFF73FFF3D460B
:103C00002646F6E738B5036C33B11C4B1C4A1D48F9
:103C100040F2476107F0E4FCC3688B422BDD436B45
:103C2000012B28DC826944680069C3B900EB4101BB
:103C30006318605C5B780231651803EB0023605CFD
:103C4000697801EB00219BB289B202EB430302EBDE
:103C50004102934208BF4FF0FF33184638BD00EBD6
:103C600081016018FFF731FD043113186018FFF768
:103C70002CFD0244EDE74FF0FF33EEE740E400088F
:103C800068EA000850E40008F5EEC00AF1EE10FA08
:103C900008B506DA0C4B0D4A40F6FB310C4807F02C
:103CA0009FFCB5EEC01AF1EE10FA04DA094B074A90
:103CB00040F6FC31F2E770EE810AF6EE007A60EE33
:103CC000A70A20EE800A08BD67E40008D1E90008D1
:103CD00050E4000876E400082DE9704304462DED19
:103CE000108B0E46B0EE40AAF0EE60AAF0EE418ACC
:103CF000B0EE618AF0EE429AB0EE629AF0EE43BA0C
:103D0000B0EE63BAF0EE44CA154678EE6A7A38EE41
:103D1000CA7A67EEA77A79EE48DAE7EE077A39EEE3
:103D2000E8FA17EE900AFCF75FFC41EC100B0AF082
:103D300065F96DEEAD7A59EC108BEFEE0F7A3BEE34
:103D400049DA17EE900AFCF74FFC41EC100B0AF031
:103D500055F9404653EC102B4946FCF7E7FA7BEE49
:103D6000E9EA6DEE0D7A8046EEEEAE7A89463BEEDC
:103D70006ACA17EE900AFCF737FC41EC100B0AF008
:103D80003DF9404653EC102B4946FCF7CFFAFCF7BF
:103D90005BFF3BEECAEA6CEE0C7A0DEE100AEEEE1B
:103DA0000E7A17EE900AFCF71FFC41EC100B0AF09C
:103DB00025F951EC100BFCF747FF07EE900A67EE70
:103DC000E77A112DEDEE0D7A59D0F4EEEC7AF1EEA2
:103DD00010FA4ADD38EE8A1A78EEA98A79EEAB9AA3
:103DE000F6EE007A69EEA79A78EE2A1AB0EE697AB2
:103DF00038EE098AA8EEA77A01352A4639EE0B9AE1
:103E000021EE271A61EEA71A29EE279AB0EE412A71
:103E1000A8EEA72A3146204667EE278AF0EE612AEF
:103E2000B0EE497AE8EE272AA8EE277A22EE272A72
:103E300062EEA72A27EE278A32EE28CA32EE88DA07
:103E40002CEE27CA2DEE27DAF0EE6A0AB0EE4A0A07
:103E5000B0EE6C4AF0EE4D3AB0EE4C3AFFF73CFF54
:103E6000F0EE4DAAB0EE4CAA4FE733682CB104EB4C
:103E7000C304C4ED00BA84ED01BA01333360BDEC74
:103E8000108BBDE87083000008B583688B4201DBAE
:103E9000002906DA044B054A054840F27D4107F047
:103EA0009FFB416008BD00BF88E40008B0EA00083D
:103EB00050E4000843681944FFF7E6BFF8B54B1E0D
:103EC000032B07460E4606D9094B0A4A0A4840F218
:103ED0008A4107F085FB0025284604023846FFF793
:103EE000D5FB0135AE4240EA0400F6D1F8BD00BF73
:103EF000A0E400088CEA000850E400082DE9FF4126
:103F000001AD85E80E000746002128460A9EFFF70E
:103F1000BBFF02212846FFF7D1FF80462846FFF766
:103F2000B5FB002E044601DBB04506DC144B154AF8
:103F300040F2F241144807F053FB431E032B04D90F
:103F4000124B104A40F2F341F4E706FB00F1284619
:103F5000FFF7B0FF21462846FFF7B0FF214606468F
:103F60002846FFF7ABFF08FB04440234831BA21969
:103F700038462946FFF795FB04B0BDE8F08100BF45
:103F8000B1E40008C0EA000850E40008C5E40008F5
:103F90002DE9F0410C46D1F8048007460221204665
:103FA000FFF78CFF0646D0B12046FFF76FFB431E9C
:103FB000032B054606D90F4B0F4A104840F2AD417E
:103FC00007F00EFB00FB06F12046FFF773FF2946C2
:103FD0002046FFF773FF411E2046FFF76BFF636823
:103FE0003846A3EB080342462146FFF75AFBBDE8DB
:103FF000F08100BFC5E400089BEA000850E4000817
:1040000070B50546FFF742FBA0F12003D62B04460E
:1040100001D88B3870BDA0F1F706032E06D82846CC
:10402000FFF734FB00EB06206C30F3E7A0F1FB0355
:10403000032B08D82846FFF729FBC4F1FB04C0EB8B
:1040400004206C38E6E71C2805D102212846BDE88B
:104050007040FFF733BF1D2801D10421F6E7034B61
:10406000034A044840F2BC4107F0BAFA86E400086B
:104070007DEA000850E40008F4EE610AF1EE10FA5F
:1040800008B500F0B780F4EEE10AF1EE10FA06D4BC
:104090007E4B7F4A40F6D7317E4807F0A1FA92ED79
:1040A000057AD2ED067AB4EEE77AF1EE10FA04D989
:1040B000794B774A40F6D831EEE7F4EEE70AF1EEB5
:1040C00010FA00F39780F4EEC71AF1EE10FA00F13F
:1040D0009180F4EEC70AF1EE10FA0DD537EE606A62
:1040E00071EE406A71EEE00A66EE866A86EEA06ABC
:1040F000F0EE470A30EE060AF4EEE71AF1EE10FA97
:104100000DDD77EEE16A31EE407A71EEE01A27EECE
:10411000267AC7EE216AF0EE671A31EE261A07EE0C
:10412000901AF8EEE77A4B1C07EE103AB4EE670AE5
:10413000F1EE10FAB8EEC77A09D1B4EEC17AF1EE19
:1041400010FA46DA554B524A40F6E531A4E7B4EE90
:10415000407AF1EE10FA0AD1F4EEC17AF1EE10FADB
:1041600040F287804E4B4A4A40F6E73194E7B4EE7E
:10417000E70AF1EE10FA09D8F4EEC17AF1EE10FA7E
:104180002CDA484B424A40F6E93185E7B4EEC07A72
:10419000F1EE10FA09D8B4EEC17AF1EE10FA6ED948
:1041A000414B3B4A40F6EB3176E7F4EEC17AF1EE53
:1041B00010FA04D8B4EEC17AF1EE10FA04DA3B4BEF
:1041C000334A40F6ED3167E7B4EEE70AF1EE10FA54
:1041D00011D8F4EEC17AF1EE10FA0CDB00EB81009D
:1041E00071EEE01A92ED047AD0ED007AE7EE217AD2
:1041F000C0ED007A08BDB4EEC07AF1EE10FA04D832
:10420000B4EEC17AF1EE10FAF4D9B4EEE70AF1EEA9
:1042100010FA0EDBB4EEC07AF1EE10FA09DBF4EE20
:10422000C17AF1EE10FA04D8B4EEC17AF1EE10FAC8
:1042300004DA1F4B164A40F6F4312DE730EE670AD8
:1042400031EE671AD2ED046A71EEE01A30EE010A1F
:1042500061EEA61AF6EE007AF7EE006AE0EE676A03
:1042600000EB810090ED007AF0EE477AE1EEA67A5D
:10427000BEE7B4EEE70AF1EE10FAC1D8A9E7B4EE52
:10428000E70AF1EE10FAB5D8A3E700BFE2E40008B0
:10429000B6E9000850E40008EAE4000836E5000842
:1042A000F9E4000801E5000809E500082BE500082D
:1042B00013E500082DE9F04F2DED108BD0F80080AC
:1042C000ADF5077D0DEE103AB8F1400F4FF0000349
:1042D00007460E461446049339DD4FEAC800043001
:1042E00007F09CF9054605EB88030293142303FBB2
:1042F0000464A09A7B689FEDB0EADFEDB0EAD318C2
:1043000007EE903AF8EEE77AF7EE00CA77EEAC7A6D
:104310004FF00008C4ED017ACDF80480C146C246D2
:10432000A09B534408EE903A7B689A4511DBB9F1A3
:10433000000F40F0418305AB9D4202D0284607F0B4
:1043400075F90DF5077DBDEC108BBDE8F08F05AD5F
:10435000C9E797ED00CA1CEE103A9C0022460021E6
:10436000F8EEE88A284607F073FB221D0298002128
:1043700007F06EFB38EEAC9A04AA144613681BBB18
:10438000BFEE00AAF7EE00AA96ED018AB4EEC89A35
:10439000F1EE10FA37DA2468002C40F0A880029978
:1043A000DFED856A9FED866A2C460022F6EE005A04
:1043B0003B689A42C0F2DB8204AB1B68002B40F0E2
:1043C000F2820AF1010AABE7D3ED067A1968F4EE3E
:1043D000E78AF1EE10FA14DBD3ED047A1160F5EE02
:1043E000407AF1EE10FA06D1764B774A40F6035147
:1043F000764807F0F5F8019983ED04EA1960019316
:10440000BCE71A46BAE7D6ED039AF4EE489AF1EE05
:1044100010FA60D0019B93B118461B680193D6ED4A
:10442000007AD6ED026A39EEC86A76EEE76A86EE61
:10443000867AC8B9664B674A40F62D31D8E7B8F19D
:10444000000F0AD14DF6C42007F0E8F80028E6D0A6
:10445000C0F800904FF4FA68814608F1FF381C203C
:1044600000FB08900430DAE7B5EE407AF1EE10FA7E
:1044700018BFCCEE876A336908BFF0EE4E6AC0ED14
:10448000036A78EEC86A80ED027AE7EE267A002B9E
:104490004FF00003B8EECD7A80ED058A77EEC77A4B
:1044A000C0ED069AC0ED017A14BFF0EE6A7AF0EE24
:1044B0004A7AC0ED047A0360BAF1000F0DD1A09BD7
:1044C0005BB1F4EEE98AF1EE10FA06DDC0ED068A82
:1044D000236803602060143656E7F4EEE98AF1EEB3
:1044E00010FAF5D93C4B384A40F6165180E7029B4A
:1044F00004330393F6EE00DAD4ED06AAF4EEEA8A6A
:10450000F1EE10FA04D9354B354A40F612416FE707
:1045100094ED02FA94ED018AB5EE40FAF1EE10FA4C
:1045200039D1F8EECC7AB4EEE78AF1EE10FA23D561
:10453000B5EEC08AF1EE10FA22DBFDEEC87AF0EE9D
:10454000491A17EE90BAB0EE481AF0EE680AB0EECB
:10455000480A224659462846FFF78EFDF0EE491AD2
:10456000B0EE481AF0EE680AB0EE480A22460BF1A7
:1045700001010298FFF780FD2468002CBCD10EE7F2
:10458000F0EE491AB0EE481AF0EE680AB0EE480AAA
:1045900022460021EDE794ED05AA94ED037AB4EEEE
:1045A000CA9AF1EE10FA78EE0F9A1DDA0D4B0C4A0A
:1045B00040F625411CE700BF00000000AE47813FE8
:1045C00000007F4340E500081CEA000850E40008B2
:1045D0004DE500080AEA00085EE5000887E50008E6
:1045E000EDE9000872E50008F4EECA8AF1EE10FA6F
:1045F00042BF7AEE687AF0EE486AEFEE276AB4EED0
:10460000EA9A5CBFF0EE486AB0EE68AAF1EE10FAE2
:10461000C4BF7AEEE87AB0EE481AF5EEC06ACEBFB3
:10462000AFEE271AF0EE49AAB0EE691AF1EE10FAD1
:1046300004DBB5EEC01AF1EE10FA4ADA4FF0000BC7
:104640001CEE103A5B4597DD07EE90BA0BF10103C3
:10465000B8EEE7AA0FEE903A7AEE487AF8EEEFAAB3
:1046600087EE8FBA7AEEC87AB4EECA8AC7EE8FBAEE
:10467000F1EE10FA3BEE28BA7BEEA8BA40F1348195
:10468000F4EEEA9AF1EE10FA40F39D81F0EE4B1A47
:10469000B0EE4A1AF0EE680AB0EE480A22465946D1
:1046A0002846FFF7E9FCF0EE6B1AB0EE6A1AF0EE5E
:1046B0004B0AB0EE4A0A224659462846FFF7DCFC70
:1046C000F0EE491AB0EE691AF0EE6B0AB0EE6A0A23
:1046D000A5E1F8EECC7AF4EEE76AF1EE10FAADD58A
:1046E000B4EEE71AF1EE10FAA8D5FDEEE67A17EE71
:1046F00090BAFDEEC17A17EE902A934531D13AEE89
:10470000CAAAD4ED047ABBF1000F2AEE27AA03DB74
:104710001CEE103A5B4504DCC84BC94A40F64141E7
:1047200066E607EE90BAF8EEE70AB0EE4A0A70EED7
:10473000AC0A30EEC11A70EEE60AFFF7A5FA05EBF7
:104740008B02D2ED007A039B77EE807A03EB8B032A
:10475000C2ED007AD3ED007A77EE8A7AC3ED007A63
:104760000AE7F4EEC16AF1EE10FA13DD7AEE687A28
:104770003AEEE8AA79EE67AA39EE4AAAF0EE667A2E
:10478000B1EE4FFAF0EE416AB1EE477AB0EE671A39
:10479000B0EE698AB5EEC07AF1EE10FA04DAA94BF0
:1047A000A74A40F6534123E6B5EEC0FAF1EE10FAFF
:1047B00004DAA54BA24A40F6544119E6FDEEE67A2A
:1047C000B0EE686A17EE900AFDEEC17A411C17EE52
:1047D00090BA07EE901AF8EEE75AB0EE680A75EE56
:1047E000C87AD4ED049AA7EE276A820005EB800010
:1047F00007EE90BAF8EEE77AB4EE469AF1EE10FAC8
:1048000037EEC88A48BFB0EE496AA7EE080A36EE0E
:104810004A8A75EEE65A28EE298AD0ED006A65EEDE
:10482000885AB4EEC09AE5EEAD6AF1EE10FAC0ED2A
:10483000006A0BD5ABEB010306EE903A39EE466AFF
:10484000F8EEE66AB0EE490A86EE267A04322A4489
:1048500029EE877A8B450BDCB0EEC87AB4EEEE7A9F
:10486000F1EE10FA12D9794B754A40F69441BFE542
:10487000B0EE486AA7EE2D6A0131D2ED006A76EEFD
:10488000866A38EE078AE2EC016AE3E79FED707A08
:1048900030EE477AB4EEEA7AF1EE10FA04D46D4BBA
:1048A000674A40F69541A3E577EEAC0A3AEEC00AB6
:1048B00030EEC11A70EEE70AFFF7E6F9A9EE808A3A
:1048C00005EB8B02039BD2ED007A77EE887A03EB3F
:1048D0008B03C2ED007A93ED007A7AEECA7AA9EEE4
:1048E000A77A83ED007A47E6F4EECA9AF1EE10FA61
:1048F00000F19D80B4EECA8AF1EE10FA0DD5F4EE07
:10490000CA9AF1EE10FA10DDF0EE4B1AB0EE4A1A28
:10491000F0EE680AB0EE480A74E0F4EECA9AF1EEDE
:1049200010FA02D5B4EECA8AEBE7B4EEEA8AF1EEE9
:1049300010FAF4EEEA9A0BD5F1EE10FA0EDDF0EE75
:104940006B1AB0EE6A1AF0EE680AB0EE480AB2E6E8
:10495000F1EE10FA02D5B4EEEA8AEDE7F0EE491A6C
:10496000B0EE691AF0EE680AB0EE480A57E0F1ECD2
:10497000017AB4EC017A76EEA76AF0EE657A36EE4B
:10498000877AD7E90203B0EEC77AE7EE067A00FB32
:104990000A30FDEEE77A17EE903AFF2BA8BFFF230F
:1049A0008354013204E5D3ED017A93ED027A77EE78
:1049B000877AC3ED017A00E5D9F80040484606F051
:1049C00035FEA146B3E4F4EECA9AF1EE10FA96D59C
:1049D000B4EEEA8AF1EE10FAA7DDF0EE6B1AB0EE53
:1049E0006A1AF0EE680AB0EE480A2246594628468E
:1049F000FFF742FBF0EE4B1AB0EE4A1AF0EE6B0AEC
:104A0000B0EE6A0A224659462846FFF735FBF0EE1B
:104A1000491AB0EE691AF0EE4B0AB0EE4A0A59464E
:104A200022462846FFF728FB1FEE90BA08E6B4EEB0
:104A3000EA8AF1EE10FA7FF775AFCEE796E5000847
:104A4000EDE90008A8E50008B0E50008B8E50008B1
:104A50000AD7233CCCE500082DE9FF478846002112
:104A6000044616461D46FFF70FFAD4E901794F4573
:104A700015DB00231A462AE01E2B39D101212046DE
:104A8000FFF718FA6368994509DD2046FEF7FEFD39
:104A900000F00F030F2B02D000110F28F2D1D4F831
:104AA00004A0D14504DD236813F80A301B2BE3D89A
:104AB0002046FEF7EBFD0C2804D12046FEF7E6FD6C
:104AC00040F480708045D0D1AAEB07033A462146D6
:104AD00001A8FEF7E6FDDDE90234A34205DA01A8EC
:104AE000FFF78EFA022E286006D004B0BDE8F087EA
:104AF0002046FFF785FAD2E7029BA342F5DA01A828
:104B0000FFF77EFA6860F0E770B58AB001AD85E81E
:104B10000E000023CDE904330693044605AB0222C0
:104B200012210EA8FFF798FF069E0EB1059B33B920
:104B30000023C4E90033A36020460AB070BD3246AA
:104B4000294607A8FEF7ADFD132104AB0122FFF7AC
:104B500083FF04990029EBD031442846FFF794F9EC
:104B600029462046FFF714FAE6E700002DE9F04F4A
:104B70002DED028BEBB0154600F15C0205918146EC
:104B800007CA0AAB83E80700059B00930DAE09F145
:104B900044030ECB3046FFF7B1F94FF00008012374
:104BA0004446C246CDF810800693D6E901239A42C6
:104BB00080F26C833046FEF769FD431E83461E2B50
:104BC00000F25E83DFE813F033005C03330049003A
:104BD0005F0085007300F8005C03BE0172028A0268
:104BE0005C0381025C035C035C0333001F001F0055
:104BF0003B005400330015014801860186015C0327
:104C0000EF01C9009700069B2BB1049B04EBD47401
:104C100003EB64030493049BD91D48BF03F10E0109
:104C2000C9103046FFF746F900240694BDE7049BFF
:104C300004EBD47403EB640304930024B5E7012C64
:104C400040F324836AAB03EB840353ED310A13ED85
:104C5000320A2846FEF74AFEE6E7002C40F31683A8
:104C60006AAB03EB840454ED310A9FEDB50AF0E71B
:104C7000002C40F30B836AAB03EB8404DFEDB00A36
:104C800014ED310AE5E7012C40F300830DF1E80B48
:104C900001275B46DBED010A93ED000A2846023747
:104CA000FEF74BFEA7420BF1080BF2DBC5E7002C29
:104CB00040F3EC8200276AAB03EB870353ED300A25
:104CC0009FED9F0A28460137FEF737FEBC42B4DD50
:104CD00003E0002C40F3DA8200276AAB03EB870382
:104CE000DFED970A13ED300A28460137FEF725FE5F
:104CF000BC42A2DDDFE7032C40F3C8824FF0000B7B
:104D00006AAB03EB8B0313ED300ADFED8D0A6AAB60
:104D100003EB8B0313ED2F1A6AAB03EB8B0353EDFD
:104D20002E1AA4EB0B03052B08BF6AAB0BF104078B
:104D300006BF03EB870313ED302A9FED812A6AAB90
:104D400003EB8B0353ED2D2A28460BF1070BFEF7DF
:104D500014FEA345BFF671AF03E0032C40F3968227
:104D600000276AAB03EB870353ED300A9FED740A0B
:104D70006AAB03EB870313ED2F1A6AAB03EB8703D0
:104D800053ED2E1A6AAB03EB870313ED2D2AE31BB9
:104D9000052B08BF6AAB07F1040B06BF03EB8B03BF
:104DA00053ED302ADFED662A28460737FEF7E5FD8A
:104DB000A742BFF642AFA3E7052C40F367823AAFA4
:104DC0004FF0050B3B46D7ED052A97ED042AD7EDAA
:104DD000031A97ED021AD7ED010A93ED000A28464F
:104DE0000BF1060BFEF7C9FDA34507F11807E9DB38
:104DF00023E7072C40F34A82A21E3AAF4FF0000B84
:104E00003B46D7ED052A97ED042AD7ED031A97ED17
:104E1000021AD7ED010A93ED000A07922846FEF721
:104E2000ACFD5B46079A03F10B018A4207F11807B4
:104E30000BF1060BE4DC0733A34280F227826AAA57
:104E400002EB830302EB8B0B53ED300A1BED300AB0
:104E50002846FEF772FDF0E6072C40F31782A31FE9
:104E60000DF1E80B012707935B46DBED010A93ED9B
:104E7000000A2846FEF761FD079B02379F420BF1AF
:104E8000080BF0DBA4F108035A0823F00103D91D35
:104E9000A14203F1030002F1010280F2F7816AAC42
:104EA0000DF5D47C04EB830704EB81010CEB80004F
:104EB0000CEBC20251ED302A17ED2A2A57ED2B1ABE
:104EC00017ED2C1A50ED300A12ED300A2846FEF785
:104ED00054FDB2E6032C40F3D98114F001022CD02A
:104EE000DDED3A7A9FED167A3AA9D31C01EB8207E1
:104EF00020E097ED000A97ED032A97ED011AD7ED10
:104F0000021A0793BBF11B0F0DBFF0EE670AF0EE1C
:104F1000422AF0EE400AF0EE472A1CBFB0EE670AC4
:104F2000B0EE472A2846FEF728FD079B10370433CA
:104F3000F0EE477A9C42DCDC7FE6DFED017AD1E7D8
:104F400000000000B8F1000F2BD1D9F87C3043B33A
:104F500009F1740393E8070016AF87E807003846A5
:104F60004146FEF791FF3846FEF790FB002870D1CE
:104F700038460599FEF79EFF3846FEF787FB0090FE
:104F800013AF09F168030ECB3846FEF7B7FF97E879
:104F900007008DE8070009F138030ECB0AA8FFF7D8
:104FA000B3FD4FF00108002C40F37081013C6AAB67
:104FB00003EB840313ED308ABAF1090FBDEEC88A02
:104FC00000F364810AF1010307931CAA0C230DAFBF
:104FD00003FB0A2397E8070083E80700BBF10A0FE9
:104FE00014BF09F150020AAA07CA10AB83E80700F0
:104FF00010AB93E807000DF1580A8AE8070000217A
:105000005046FEF741FF02215046FEF757FF48F297
:105010006B43984244DCB0F59B6F40F26B43B8BFE2
:105020006B2318EE102AD3183DD483423BDA009349
:105030009AE80E0019A8FEF761FF199A1B9B3A60C7
:10504000BB60002B00F022810023DDF81CA07B60F8
:10505000ABE503280CD102213846FEF72FFF0221D1
:1050600007903846FEF72AFF079B4345024602DCBD
:105070004FF0FF3083E738460992FEF707FB022125
:1050800008903846FEF71AFF059B099A934204DB05
:105090008342089B01DA184671E708F10108E3E74B
:1050A0004FF40043BDE700231A46C8E7BAF1000FEA
:1050B00040F3EC801CAA0AF1FF3A0C2303FB0A23FD
:1050C00093E8070086E807006FE52846FEF7E8FB4F
:1050D00001206BB0BDEC028BBDE8F08F3046FEF7CF
:1050E000D5FA2238032800F2D180DFE800F0022947
:1050F0005482062C40F3CA809DED3C7A5FED702A05
:105100009DED3D2A9DED3B1A9DED3A0ADDED3E6A8F
:105110009DED3F6ADDED405AF0EE620AF0EE471A6F
:105120002846FEF72AFC5FED7A2AB0EE652AF1EEFA
:10513000471AB0EE461AF0EE620AB0EE660AC5E60D
:105140000C2C40F3A3809DED407ADDED416A9DED8E
:10515000426ADDED435A9DED445ADDED454ADDEDF1
:105160003F2A9DED3E2ADDED3D1A9DED3C1ADDED19
:105170003B0A9DED3A0A2846FEF7FFFBF0EE642A53
:10518000B0EE452AF0EE651AB0EE461AF0EE660A69
:10519000B0EE470A9AE6082C78DD9DED3B7A9DED4E
:1051A0003D6A5FED992A9DED3E2A9DED3C1A9DEDED
:1051B0003A0ADDED416ADDED3F5A9DED405ADDEDE5
:1051C000424AF0EE461AF0EE470A2846FEF7D5FBB3
:1051D00077EE062A5FEDA60A72EEA62AB0EE642AE2
:1051E000F1EE622AF0EE661AB0EE451AB0EE650AEC
:1051F0006CE60A2C4ADD9DED3A0ADDED3B0A9DED99
:105200003C1ADDED3D1A9DED3E2ADDED3F2A9DED78
:10521000406ADDED415A9DED425ADDED434ADDED38
:10522000446A70EE017A30EEA17A77EE827A37EE38
:10523000227A77EE867A37EE257A77EE857A37EE20
:10524000247AF0EEE73AB0EEC74AF4EEC43AF1EE53
:1052500010FAD6BFB0EE667AB1EE477AF1EE676A21
:105260002846FEF78AFBF0EE472AB0EE662AF0EEFB
:10527000641AB0EE451AF0EE650AB0EE460A25E66D
:10528000FF2805D01C2814D01F2812DC002020E79E
:1052900004213046FEF712FE07EE900AFAEEC87AB5
:1052A0002F2CF3DC6AAB03EB840343ED307A01343B
:1052B0007BE44FF0FF313046FEF7FCFD3046FEF751
:1052C0009FFE00B207EE900AF8EEE77AE8E700BF2B
:1052D0002DE9F04F00230D46904699B00446C0E9F1
:1052E0000E330364C0E90112A14A41462846FEF785
:1052F00026FAA04A414682462846FEF720FA9E4AF0
:105300002061414606462846FEF719FA9B4A60612D
:10531000414681462846FEF712FA994AA061059057
:1053200041462846FEF70BFA964AE061414683461D
:105330002846FEF704FA944A20624146074628466A
:10534000FEF7FDF9914A606241462846FEF7F7F9FB
:10535000059BA062BAF1000F03D1002019B0BDE88F
:10536000F08FB9F1000FF8D0BBF1000FF5D0002F8E
:10537000F3D0002B35D0002EEFD0854A4146284689
:10538000FEF7DDF9002800F0D68004302B182A5CE7
:105390005B7803EB02239BB2E3604FF0FF33E362E1
:1053A0000AF10203EA18EB5C527802EB03220023B5
:1053B00092B2236305EB0A0303EBC202934240F06F
:1053C000BD80236B002BC8D009F1320905EB09031E
:1053D00015F809205B7803EB02239BB2636301207D
:1053E000BCE702266B4A059341462846CDE90B638C
:1053F000CDE90D33FEF7A3F90028AED028444FF0D5
:1054000000522264A06304F1380207CA059B0FAF63
:1054100087E80700C4E91A33C4E91C33C4E91E3322
:1054200031463846FEF746FD3846FEF72FF906AE00
:1054300001463846FEF728FD39463046FEF7A8FDFE
:1054400015A83946FEF7A4FD059B00930DF1480B06
:1054500015A890E80E005846FEF750FD3946304634
:10546000FEF796FD39463046FEF792FD96E80700B6
:1054700004F1500383E807000CAB012211215846C8
:10548000FFF7EAFA0BAB01224FF483715846FFF79E
:10549000E3FA0DAB01224FF492715846FFF7DCFAA4
:1054A0000EAB012240F225115846FFF7D5FA9BE8D2
:1054B00007008DE80700304697E80E00FFF724FB51
:1054C00096E8070004F15C0383E807000B9B022BBE
:1054D0007FF443AF0C9B0593002B3FF43EAF0D9937
:1054E000D1B1DDF838B0BBF1000F3FF436AF38462C
:1054F000FEF7CAFC39463046FEF74AFD96E807003B
:1055000004F1680383E80700CBF100535A4639469B
:1055100004F17400FEF7C5F805993846FEF7B4FCAF
:1055200039463046FEF734FD96E8070004F144039F
:1055300083E8070021E74FF6FF732DE718795979C3
:1055400001EB002189B203F1080651B103290DD105
:105550009979DB7903EB01239BB2012B01D00A2B54
:1055600004D13046FEF7B1F850442063334625E7B6
:10557000E0E50008E5E50008EAE50008EFE50008D9
:10558000F4E50008F9E50008FEE5000803E6000878
:105590000DE6000808E6000810B50446FEF798F886
:1055A00020B1081E18BF0120404210BD2378742B83
:1055B0001CD16378742B19D1A378632B16D1E378AF
:1055C000662B13D1201DFEF780F8B0F5803F02D086
:1055D000B0F5003F0AD1A3681BBA994206DA04EB82
:1055E00081000C30BDE81040FEF76FB84FF0FF307F
:1055F000DBE770B504462DED088B0E46F0EE41AAB0
:10560000B0EE618AF0EE42BAB0EE62BAB0EE43AAF2
:105610001546112D55D0B0EE007AF0EE408AEAEE34
:10562000878AB0EE609AA8EE079A78EEAB8AF5EE1C
:10563000007A39EE0B9A68EEA78A29EE279A70EE67
:105640002B7AF6EE009A70EE8B6AB0EE687A97EEDF
:10565000A97AF0EE497AD6EEA97A67EEA77AE7EE54
:10566000077AF4EECA7AF1EE10FA20DD78EE201A0D
:105670003AEE801A013561EEA91A21EE291A2A465E
:10568000B0EE4A3AF0EE492AB0EE682A314620469A
:10569000FFF7AFFF7AEEABAA38EE0B8A6AEEA9AA43
:1056A00028EE298AF0EE490AB0EE680AB1E73368BD
:1056B0002CB104EBC304C4ED00BA84ED01BA01338C
:1056C0003360BDEC088B70BD2DE9F0474368026B79
:1056D00098189C5C477807EB0427BFB20D2F00F2A7
:1056E0000281DFE817F00E0000013B0000014200DC
:1056F00000011D0000010001000100010001CD00BA
:10570000CD0002329C189A5C637803EB02239BB2B3
:10571000063B8B4240F3C08008448079BDE8F087A7
:10572000901D1D181C5C687800EB042080B281423B
:10573000C0F0B28002F108041E191D5D747804EBFC
:10574000052410FA84F4A14280F0A680081A0A32D7
:1057500002EB400299189B5C487877E0644B654AFD
:1057600040F2EA51644805F03BFFB1F5803F80F21A
:10577000938002F10C001C18185C647804EB002480
:1057800002F10E07C4F34E0407EB440418191D5D23
:10579000407800EB052002F1080580B203EB050E0E
:1057A0008842C8BF3C4602F10A005E5D9EF8015087
:1057B00003EB000C05EB06251E5C9CF8010000EBDA
:1057C0000620C5F34E0580B2023C002842D1951D4B
:1057D0005E195D5D96F801C0C7F102060CEB052C61
:1057E000CCF34E0C34441032C4F34F0402EB4C02A1
:1057F000660002EB440403EB040813F804E098F895
:10580000014004EB0E24A4B28C424FEA4C0585DC27
:10581000374403EB070813F807E098F8017007EB2B
:105820000E27BFB28F42FFF679AF02EB8C0037181C
:10583000DA1913F807C0527802EB0C2292B2D2B9EF
:10584000421B324498189B5C4078084400EB0320CC
:1058500080B263E76D0804EB450C03EB0C0613F80C
:105860000CE0767806EB0E26B6B2013880B28E4296
:10587000B8BF6446A9E70C1B3A4402EB440269E74F
:1058800002F10C001844FDF720FF4FF00009044618
:105890004FF00C0AA14501DB00203FE7A4EB09050E
:1058A00009EB65050AFB052606F110001844FDF713
:1058B0000CFF8142804614D306F114001844FDF712
:1058C00004FF814202D905F10109E3E7183698196E
:1058D000FDF7FBFE0C2F7FF421AFA1EB080840443D
:1058E0001CE72C46D6E7024B024A40F2316139E709
:1058F00086E40008D5EA000850E400082DE9F047E6
:10590000D0F840908CB0DDE9148704468A461646EC
:105910001D46B9F1000F2CD02C22002101A806F061
:1059200097F801236A46514620460093FFF71EF977
:1059300016B1A8B1069B336015B198B1089B2B60D6
:10594000B8F1000F03D078B1079BC8F800300FB151
:1059500060B938604FF0010948460CB0BDE8F087E7
:105960000346E8E70346EAE70346EEE7099B3B60A8
:10597000F0E7FEF747F9011EEEDB46B162688B1CCB
:10598000D018D25C437803EB02231BB2336045B1DD
:1059900062680B1DD018D25C437803EB02231BB264
:1059A0002B60B8F1000F09D062688B1DD018D25C53
:1059B000437803EB02231BB2C8F80030002FC9D094
:1059C0006368083158185A5C437803EB02231BB212
:1059D000CDE700002DE9F04F2DED0A8B056CABB043
:1059E00007460E460C92002D40F0EE824468FEF70A
:1059F00009F90C9B00281D60C0F24B822318225C21
:105A00005E7806EB02261FFA86F836B2002E40F3C7
:105A10004F8100F10A03E318069300EB48004FEAB8
:105A200048030D9300F10A03E118E25C4B780699F4
:105A300003EB02230C3010FA83F31C440D9B069AEF
:105A4000023B1A44CB5C507800EB032083B20893EE
:105A50000D9B13FA80F00E2300FB033005F0DEFDF2
:105A60008246002800F015821C2101FB080108462F
:105A70002A462B46002B40F0A080227812F0080323
:105A800016BF637801340234089F0273AF4205F1F8
:105A9000010600F10E0000F38E80002308461A462E
:105AA000057BAF0705F0100640F18C8014F8015B10
:105AB00006B96D422B44089E20F80E3B964202F137
:105AC00001057DDC00231A46087B460700F020050F
:105AD00040F1858014F8010B05B940420344089D4C
:105AE0004B80954202F1010001F10E0175DC0024AA
:105AF000CDE90A44CDE90E44A346A14620462246FC
:105B00002146119427460D9B03EB07080E2303FB48
:105B100008F80AEB08033AF9085093F80CC0B3F9F7
:105B20000260119B9F420CF0010310936BD16FB187
:105B30000B9B03930A9BCDE901030F9B0093CDE9D7
:105B4000049B0E9B5046FDF720FE0146109B83F000
:105B500001030E93109B7BB908F10E080AEB0800B5
:105B60003AF90830B0F90220007BC00744D5CDE9EE
:105B70000A56013716461D460E2303FB01F20AEBB7
:105B80000203012018732AF802504FF000029A8095
:105B9000DA805E80069B069A0F9503EB440312F8A9
:105BA00014205B7803EB02239BB20344044411935B
:105BB0003046002246E035465CE7013BDBB263E756
:105BC0002A466DE7002E7FF476AF2678657805EBE0
:105BD000062503FA85F302346DE7024674E7002DCB
:105BE0007FF47DAF2578607800EB052003FA80F321
:105BF000023474E71F4686E72B443244CDE90A5647
:105C000056105D10B8E7109BABBB002A4CD00E239A
:105C100003FB01FE0AEB0E034FF0030C83F80CC0EC
:105C200005EB090C4FEA6C0C2AF80EC006EB0B0CC6
:105C30004FEA6C0CA3F80490A3F806B0A3F802C0D6
:105C4000B346A9460131089DBD4207F10103D1DCED
:105C50000B9B03930A9BCDE901030F9B0093CDE9B6
:105C6000049B0E9B5046FDF790FD06460C9B354667
:105C7000C3F800A00DE19AB10FFA89F20FFA8BFC7C
:105C80004FF003080E2303FB01FE0AEB0E0383F81B
:105C90000C802AF80E505E809A80A3F806C088E730
:105CA0004FF002089446EDE7B346A9460122CAE741
:105CB00000F07E810A309FEDBFBADFEDBFAA044439
:105CC0002E46AA46002362781E93237894F802B0E9
:105CD00094F8038002EB032293071FFA82F940F144
:105CE000E88019F0010F94F9041094F9052000F0F0
:105CF000D680D2B202EB012212B207EE902AA1792D
:105D0000E27902EB012212B2F8EEE7BA07EE902A2E
:105D1000B8EEE79A083419F0080F00F0D180217826
:105D2000627802EB012213B208EE103AB8EEC88A8C
:105D3000023428EE2A8AF0EE488AB0EE4BAAF0EE42
:105D40004B9A69EEA97AE8EE087A17EE900AFAF70C
:105D50004BFC41EC100B08F051F968EEA87A8DED80
:105D6000060BEAEE0A7A17EE900AFAF73DFC41ECD0
:105D7000100B08F043F908EB0B211EAA89B2384634
:105D80008DED080BFFF726FE031E40F30C81DDE9C5
:105D900006010A93FAF758FF0CEE100ADDE9080134
:105DA000FAF752FF0A9BDDF878804FF00E0B0BFBE1
:105DB00003F106EE900A089142464144B2F9000010
:105DC00006EE100AB2F9020007EE900AF8EEE77A42
:105DD000B8EEC66A2AEE277A68EEA77AA8EE067AA7
:105DE0000E32E9EE867A37EE2B7A77EE897A27EE55
:105DF0000C7A67EEA67ABDEEC77AFDEEE77A17EE6B
:105E0000100A22F80E0C17EE900A22F80C0C32F948
:105E10000A0C06EE100A32F9080C07EE900AF8EEAA
:105E2000E77AB8EEC66A2AEE277A68EEA77AA8EE75
:105E3000067AE9EE867A3BEE877A79EE277A27EEC4
:105E40000C7A67EEA67ABDEEC77AFDEEE77A17EE1A
:105E5000100A22F80A0C17EE900A22F8080C914258
:105E6000ACD133440693069A0E2303FB02F005F0EF
:105E7000D5FB0E238346002877D1BAF1000F02D05C
:105E8000504605F0D3FBB8F1000F02D0404605F0B4
:105E9000CDFB28462BB0BDEC0A8BBDE8F08F07EE9A
:105EA000901AF8EEE7BA07EE902A0634B8EEE79AB1
:105EB00031E7424B424A40F22E71424805F090FBD6
:105EC00019F0400F17D02178627802EB012213B24B
:105ED000A178E27802EB012208EE103A13B208EE44
:105EE000903AB8EEC88AF8EEE88A28EE2A8A68EE78
:105EF000AA8A043421E719F0800F2DD02178627826
:105F000002EB012213B2A178E27802EB012208EE43
:105F1000103A217913B2627902EB012209EE903A2C
:105F2000A17913B2E27902EB01220AEE103A13B220
:105F300008EE903AB8EEC88AF8EEE99AB8EECAAA26
:105F4000F8EEE88A28EE2A8A69EEAA9A2AEE2AAAA8
:105F500068EEAA8A0834F4E6F7EE008AB0EE4BAA9F
:105F6000F0EE4B9AB0EE688AEBE6002E06FB03F3E8
:105F700008DDBAF1000F05D01A4651460A9306F023
:105F80003EFC0A9B089A41460BEB030006F037FCE7
:105F9000BAF1000F02D0504605F048FB404605F02C
:105FA00045FB069EDA4619F0200F7FF48BAE5DE6C6
:105FB000B2465BE6000000000000803886E400087E
:105FC00051EA000850E400082C22002113A805F033
:105FD0003FFD0123302200211EA8129305F038FD59
:105FE00012AA31463846FEF7C1FDB0B11D9C0E2005
:105FF000604305F013FB0C9B289018601EAA3146E5
:106000003846FEF7B3FD40B1299DAC423FF441AFA5
:10601000044B054A40F6E6014FE70C9B00251D6046
:1060200037E700BF12E600083AEA0008F0B5C46995
:10603000456822342F192E5D7C7804EB0624A4B227
:106040008C4217DD4AB1046A04EB81042F192E5DDE
:106050007C7804EB062424B2146053B1026A8900F0
:10606000023111446A18695C527802EB012212B2C3
:106070001A60F0BD62B1066A671E06EB870605EB83
:10608000060CAF5D9CF8016006EB072636B2166081
:10609000002BEED0026A091B02EB840202EB4101E5
:1060A000E0E72DE9F04F836A85B01746002B00F03A
:1060B00055814068C218C05C537803EB00239BB243
:1060C000012B40F0BC809078D37803EB00239BB287
:1060D000002B40F0B480137A567A06EB0326B3B255
:1060E00012FA86F6D25C737803EB02239BB206EBBE
:1060F0004303B4460193019B634500F0A0809CF8E4
:1061000002309CF8035005EB0325ABB216FA85F577
:10611000F25C6B7803EB02239BB2022B0BD12A7942
:106120006B7903EB02239BB205EB4303AE4602936C
:10613000029B734502D10CF1020CDCE79EF806309D
:106140009EF8074004EB0324A3B215FA84F40393EA
:10615000A278E37803EB02239AB214FA83F3A05CEB
:106160005A7802EB002292B2012A04D0022A26D0E9
:106170000EF1020EDCE79A78D87800EB022080B2AC
:1061800001384FF000098145F2DC09EB00084FEAC5
:10619000680228F0010808F1040803EB080A13F864
:1061A00008809AF801A00AEB082A1FFA8AFA5145DA
:1061B00001DA501EE7E744DD02F10109E3E79A78CE
:1061C000D87800EB022080B201384FF0000A8245F7
:1061D000CEDC0AEB00094FEA6909062202FB09F24C
:1061E000043203EB020813F802B098F8012002EB26
:1061F0000B2292B2914202DA09F1FF30E7E798F8F8
:1062000002B098F803A00AEB0B2A1FFA8AFA51454C
:1062100002DD09F1010ADAE798F8040098F8053080
:1062200003EB002311FA83F39A1A039BE85C63786B
:1062300003EB00239BB2012B06D0022B52D000238C
:106240004CE0531CF1D193E7A379E07994F80480F2
:1062500000EB0320637903EB08239BB2042B80B28D
:10626000EDD10028EBD153000A3304EB0308E35CC3
:1062700098F8018008EB03281FFA88F314FA88F8CD
:1062800014F8039098F8013003EB092394F8089070
:10629000647A04EB0924A4B294429BB2CFDD013BA3
:1062A00098423FF765AFC21852109400023408EBD1
:1062B000040918F804A099F8014004EB0A24A4B2D8
:1062C000A74201DA531EEBE701DD501CE8E799F81D
:1062D000022099F8033003EB02231BB2184605B0E5
:1062E000BDE8F08F2279637903EB02239BB2042B84
:1062F000A5D1A279E37903EB02239DB2002D9ED1B3
:10630000A37A94F80B80607A08EB0328237A00EBD9
:10631000032014FA80F0FDF763FB1FFA88F80646A5
:10632000394604EB0800FDF75BFB227B637B03EB44
:1063300002239BB29E4245D2002843DBA37BE27B33
:1063400002EB032292B290423CDA400056431030F6
:1063500000EB46002318225C5B78BCE7446A002C03
:10636000BCD0426822449478D07800EB042080B2FC
:106370000028B3D0147A507A00EB042080B20128B0
:10638000ACD1907AD47A04EB0024A4B2013C47EA61
:1063900001471E464FF00608A6429FDC35196D10D6
:1063A00008FB05F101F112001044FDF78EF9874258
:1063B00001D26C1EF0E701D96E1CEDE716315318BF
:1063C000525CC9E72B4689E770B5044615461E4660
:1063D000FFF77AF9334601462A462046BDE8704069
:1063E000FFF724BE70B549B1C469456804342E195D
:1063F0002D5D747804EB052424B20C604AB1C169A8
:10640000446806316518645C697801EB042109B2BF
:1064100011604BB1C269416808328818895C4278C2
:1064200002EB012212B21A6070BD30B5C269416838
:10643000131D0632CD188818CC5C895C6B784278C5
:1064400003EB042302EB012212B21BB29B1A07EEEC
:10645000903AF8EEE77A80EE270A30BDF0B52DEDE0
:10646000048B1C4687B00023CDE9023305AB0193B2
:1064700004AB1546009302AA03ABDDE91076F0EEFB
:10648000409AF0EE608AB0EE419AB0EE618AFFF772
:1064900035FA70B905B128600CB1002323600FB143
:1064A00000233B600EB10023336007B0BDEC048BCA
:1064B000F0BDA5B1DDED027AF8EEE77AB0EE497AEB
:1064C000A7EEA97A17EE100AFAF78EF841EC100B36
:1064D00007F012FF51EC100BFAF78EFB2860B4B1F5
:1064E000059B5B4207EE903AF8EEE77AB0EE487A09
:1064F000A7EEA87A17EE100AFAF776F841EC100B1F
:1065000007F0FAFE51EC100BFAF776FB206097B11A
:10651000DDED047AF8EEE77AA7EEA99A19EE100AF3
:10652000FAF762F841EC100B07F06AFE51EC100B21
:10653000FAF762FB3860002EB7D0039B5B4207EE90
:10654000903AF8EEE77AA7EEA88A18EE100AFAF762
:106550004BF841EC100B07F053FE51EC100BFAF71F
:106560004BFB3060A1E70000DFED021AB0EE611ACC
:10657000FFF774BF0000000070B52DED048B1E46C0
:106580000446B0EE408AF0EE608AB0EE419AF0EE3A
:10659000619A1546FFF798F8099B0993089B0893A1
:1065A000F0EE691AB0EE491AF0EE680AB0EE480A49
:1065B000BDEC048B014633462A462046BDE87040B8
:1065C000FFF74CBFDFED021AB0EE611AFFF7D4BF40
:1065D000000000002DE9F04F2DED088B91B0F4EE96
:1065E000C10A0893229B0993239B0693904600239C
:1065F0000A46F1EE10FA04910790F0EE40AAF0EE90
:10660000608AB0EE418AF0EE619AB0EE42AAD4BF41
:10661000B0EE60BAB0EE41BA0B939A460C320E213E
:10662000984538DCBAF1000F00F0AF814FEA8A00DC
:1066300004F0F4FF8346002800F0A7818AEE8B9ACD
:10664000002603963446DFEDCBBA29EE099A0023E3
:10665000049D0B93F0EE6B0AB0EE6B0A4FF0FF3720
:106660009946C84520DC0B98831B4BF82730039BC9
:10667000012B00F0B880C00004F0D0FF0123039389
:1066800004460028E3D1584611B0BDEC088BBDE8A4
:10669000F04F04F0CBBF01FB03F00133105C012885
:1066A00008BF0AF1010ABBE72B7B013B032B22D871
:1066B000DFE803F002253D65B5F900200B9B00EEF5
:1066C000102AB5F90220002F00EE902AA8BF9E1BC9
:1066D00003F10102A8BF4BF82760B8EEC00AF8EE3C
:1066E000E00A01370B922CB104EBC30282ED000AE1
:1066F000C2ED010A1E4609F101090E35B1E7B5F9EF
:10670000003000EE103AB5F9023000EE903A0B9BE3
:106710005A1CB8EEC00AF8EEE00A0B92002CEAD040
:1067200004EBC30383ED000AC3ED010AE3E7B5F907
:10673000003006EE103AB5F9023005EE903AB5F9A0
:10674000063001EE903AB5F90430B8EEC66AF8EEBC
:10675000E55A01EE103AF8EEE11AB8EEC11A00223D
:10676000B0EE493AF0EE652AB0EE462A0BA9204673
:10677000FEF73FFFF0EE650AB0EE460ABBE7B5F95B
:1067800000300AEE903AB5F902300BEE103AB5F946
:106790000A3002EE903AB5F9083002EE103AB5F937
:1067A000063001EE903AB5F90430F8EEEAAAB8EEF8
:1067B000CBBA01EE103AF8EEE22AB8EEC22AF8EEB1
:1067C000E11AB8EEC11A0022B0EE494AF0EE4B3A97
:1067D000B0EE6A3A0BA92046FDF77EFAF0EE4B0ABE
:1067E000B0EE6A0A87E7002C00F0CF80069B0BB161
:1067F000B1EE488A002318469A4527DC4FF014086A
:1068000000FB088004F00AFF0546D0B10020844652
:106810000646E2451FDC31462846FDF72FF905F113
:1068200014084FF0140A039B9E4276DC099B0798DC
:1068300000933246089B2946FDF73CFD284604F0AC
:10684000F5FE584604F0F2FE20461DE75BF82320D3
:1068500001331044D0E75BF82C30059304EBC00EF5
:10686000CDF810E018440022013B0599914202DC6A
:106870000CF1010CCDE70EEBC30191ED017A049907
:10688000D1ED017AB4EE677AF1EE10FA33D00699C1
:1068900008FB0657B4EEE77A99B3F1EE10FA38DC4C
:1068A00019464FF0000913460EEBC30393ED007A2F
:1068B000C7F81090F0EE697AE8EE877A0EEBC10126
:1068C000013693ED017AC7ED007AF0EE4A7AE7EEF1
:1068D000087A91ED007AC7ED017AF0EE697AE8EE78
:1068E000877A91ED017AC7ED027AF0EE4A7AE8EE06
:1068F000077AC7ED037A049B0833049313460132E9
:10690000B3E7F1EE10FA04D41946DDF818901346F7
:10691000CAE74FF001091146C6E7C446BCE80F00BC
:106920000BAF0FC7DCF800303B60D8ED017A039F56
:10693000C14619ED047AF4EEC77AF1EE10FA1BD5D0
:10694000A9F1140EBEE80F00CC46ACE80F00013FE1
:10695000DEF80030CCF80030A9F11409E9D10DF1CE
:106960002C0CBCE80F000AFB07570FC7DCF80030FF
:106970003B6004E000000000039B9F42EFD1039BBB
:106980000133039308F114084DE711B0BDEC088BF7
:10699000BDE8F08F2DE9F04F2DED048B8FB016463A
:1069A00009AAF0EE408AB0EE608ADDF874A00546D0
:1069B000B0EE419AF0EE619A0C461F46FFF70AF8D6
:1069C000F5EE408AF1EE10FA8046B5EE408A5ED0D0
:1069D000F1EE10FA08BFB0EE688A08AB019307AB7E
:1069E0002146009305AA06ABF0EE691AB0EE491AEB
:1069F000F0EE480AB0EE680A2846FFF72FFDDDF8F2
:106A000014B0079CDDF818900899A4EB0B04A1EBD7
:106A1000090100220A940B910D9206B1346007B16E
:106A200039601C9B0BB1C3F800B0BAF1000F01D064
:106A3000CAF80090099EE4B1D9B101FB04F004F05A
:106A4000EDFD0D90A8B12A6802920122CDE90092D5
:106A50009FED120A0C945B46B0EE692AF0EE491ADB
:106A6000B0EE481AF0EE680A424631460AA8FFF72F
:106A7000B1FD304604F0DAFD0D9803E0099804F00A
:106A8000D5FD00200FB0BDEC048BBDE8F08FF1EE1A
:106A900010FAF3D0F0EE488A9FE700BF3333B33EDD
:106AA00070B52DED048B1E460446B0EE408AF0EE24
:106AB000608AB0EE419AF0EE619A1546FEF704FE48
:106AC000099B0993089B0893F0EE691AB0EE491AE6
:106AD000F0EE680AB0EE480ABDEC048B014633467E
:106AE0002A462046BDE87040FFF754BFDFED021A8A
:106AF000B0EE611AFFF7D4BF000000002DE9F04F9F
:106B00002DED028BADF5397D044666480691049261
:106B1000FFF78BFC63480BAB0AAA09A9FFF762FCDD
:106B2000DDED097A5F48F8EEE77A0DAB67EE807A23
:106B30000CAAFDEEE77A4D21B0EE408A17EE906A7E
:106B4000FFF742FCDDED0C7A0498F8EEE77A11AF1E
:106B500067EE887A4FF00008FDEEE77A17EE905A5C
:106B6000F9F780FB10AB079000934E4801970FABED
:106B70000EAAF0EE480AB0EE480A4D21FFF722FDBA
:106B8000119B14FA85F41E441FFA85FBA4B2079BDF
:106B9000434506DC30460DF5397DBDEC028BBDE882
:106BA000F08F049B3F4813F808A015AF0DF1500972
:106BB00051460197CDF8009013AB12AAF0EE480AA7
:106BC000B0EE480AFFF7FEFC129A149B35489B1A58
:106BD0001693139A159B00279B1A5146179316AAD2
:106BE00017ABF0EE480AB0EE480ACDE90077FFF7A0
:106BF0007DFFDDF85CA0069BA6EB0A0103EB6101BB
:106C00000AF1FF3313FA81F38146621EA4EB0B00F5
:106C10009BB289B292B280B203F051FA16990397EF
:106C20000DF1600C6B1A0CEB430305933B46039A82
:106C300092452EDD1C4AB2F800E0002201E02CF85B
:106C400017E097B2BD4202F10102F8DC174AB2F830
:106C500000E009EB03021046002291420ADC002208
:106C600097B2BD4202F101020CDC039A0132039299
:106C70000B44DCE710F8017B17B1059F27F812E001
:106C80000132EAE74FF0D84E3CF81770AEF880704A
:106C9000E6E748465C4404F0C9FC08F10108A4B2E8
:106CA00075E700BF3C0300203803002010000020DF
:106CB0002DE9F04F2DED028B002197B018461C46B0
:106CC0009046FEF769FC214602465C48B0EE408AD9
:106CD000FEF7FEFA0646002848D05848B0EE480AAB
:106CE000FFF7A3FB554809AB08AA07A9FFF77AFBF2
:106CF000DDED077A5148F8EEE78A0BAB0AAA4D2181
:106D0000B0EE408A68EE808AFFF75EFBDDED0A7A1E
:106D1000F8EEE77A404667EE887AFDEEE88AFDEE07
:106D2000E77A0027CDED037AF9F79CFA0FAB0193D0
:106D30000EAB009382460DAB40480CAAF0EE480A19
:106D4000B0EE480A4D21FFF73DFC18EE903A0F9E39
:106D50001E44039BF033C3F34F030493039BC3F11F
:106D6000F003C3F34F030593BA4505DC304617B073
:106D7000BDEC028BBDE8F08F18F807902F4813ABDD
:106D8000019312ABF0EE480AB0EE480A4946009370
:106D900010AA11ABFFF716FC109B129D0498059CDE
:106DA0001199ED1AAAB2801A001B139B149518EEC4
:106DB000904A5B1A013A2144159312FA80F213FAB1
:106DC00081F39BB292B289B280B203F078F9039951
:106DD0001B48F9F718FA29461A480025F9F713FA5B
:106DE000494615ABCDE90055144814AAF0EE480AFF
:106DF000B0EE480AFFF77AFEDDE914C92B462946B2
:106E00004FF0D84E494514DAC51800220AE015F8AB
:106E100001BBBBF1000F0AD00B4CB4F800B0AEF8C8
:106E200080B001329445F2DC01316344EAE7074C5B
:106E3000F3E704F0FBFB013796E700BF3C030020BB
:106E4000690100205C0100201000002038030020B0
:106E5000F8B52DED028B184B184F1E79184D9FED8C
:106E6000198A072003F082F9002003F065F9012454
:106E70000A23B4FBF3F203FB1242D2B2394628468E
:106E800004F05EFD0021104BB0EE480A2A46084689
:106E90000134FFF70DFFE4B2C820FAF7B1FD0B2C67
:106EA000E6D1304603F062F9BDEC028B074B18883F
:106EB000BDE8F84003F040B93C00002044E600087B
:106EC000BC03002000006643AED701083803002051
:106ED000F8B505462DED028B0E46184600211746E3
:106EE0001C46FEF759FB214602460A48B0EE408A8E
:106EF000FEF7EEF950B1B0EE480ABDEC028B3A460F
:106F000031462846BDE8F840FFF7F8BDBDEC028BDE
:106F1000F8BD00BF3C03002010B50C46FFF7D8FFBA
:106F2000204410BD2DE9F04F2DED028B93B0CDE93B
:106F30000401002118461C461546FEF72DFB21468C
:106F400002467A48F0EE408AFEF7C2F9044600286D
:106F500037D07648764C774FDFF8D091B0EE680A9C
:106F6000FFF763FA71480DAB0CAA0BA9FFF73AFAC9
:106F7000DDED0B7AF8EEE77AB0EE408A67EE807AC4
:106F8000A846FDEEE77A17EE90AA98F80060F6B9E9
:106F90006648B0EE680AFFF748FA644809AB08AAE9
:106FA00007A9FFF71FFADDED077AF8EEE78AE41B81
:106FB00068EE808A0334FDEEE88AB0EE408A2978D4
:106FC00049BB204613B0BDEC028BBDE8F08F3146C3
:106FD0004846FEF779FB11AB019310AB06460093D0
:106FE0000EAA0FAB0146F0EE480A4846B0EE480A3A
:106FF000FFF7BAFA0F9B18F8012F53449F42A8BF1E
:107000001F46119B53449C4231464846B8BF1C461C
:10701000FFF747F8B9E74548FEF756FB0BAB0146CB
:1070200007460AAA4148FFF701F80FAB0DF13409F2
:107030000DF1300801930EAB42460093F0EE480A82
:107040004B46B0EE480A3946FFF78EFA0C9A0E9B73
:1070500036489B1ACDE900890D9A10930F9B297829
:107060009B1A119310AA11ABF0EE480AB0EE480A31
:10707000FFF73CFD049B0D9980469819059BDDE9BF
:10708000109A194418EE903A09F1FF3219440AF1A6
:10709000FF3313FA81F312FA80F29BB289B292B2F3
:1070A00080B203F00CF80023DFF890E019464FF0AF
:1070B000D84C8A4519DD08EB0302039200220BE04D
:1070C000039810F801BB0390BBF1000F09D0BEF884
:1070D00000B0ACF880B001329145F1DC01314B4495
:1070E000E7E71548B0F800B0F3E7404604F09EFA31
:1070F00015F8012F0D483946FEF7D3FFDDED0A7A6A
:10710000F8EEE77A07EE100A67EE887AFDEEE77A86
:1071100017EE903AF8EEC77A67EE887AFDEEE77AD6
:1071200017EE902A13441E4449E700BF3C03002099
:10713000C1BDF0FF3F420F003803002010000020C7
:1071400037B50025CDE900550C46FFF7EBFE20448E
:1071500003B030BD08B5054B1B699B0704D4142050
:10716000FAF74EFC012008BD0020FCE700040240B5
:1071700030B51E4B1E4D1B782A7885B004468DF81D
:1071800005301C4B8DF804201B788DF806301A4B07
:107190008DF809201B788DF80A208DF80B208DF8CA
:1071A00007308DF808308DF80C308DF80D308DF8E3
:1071B0000E308DF80F3000F01FFD287802F0D6FF5A
:1071C0000D2C28BF002404F110030DEB030414F868
:1071D0000C0C02F0CBFF094A0021538812880846A4
:1071E00005B0BDE8304002F06ABF00BF6005002076
:1071F0006305002061050020620500203C0000209E
:10720000F0B5C3B0032304460193FFF7B1FF4FF479
:10721000163303FB04F0C0F30723C0F3074000223A
:107220004FF480418DF8050019488DF807208DF83E
:107230000630FAF73DFD0520FAF7E2FB0422154877
:10724000144F41F2B3530DEB0201FBF747FB4FF430
:10725000167441F2B3534FF4807202A93846FBF71B
:10726000E9FC02AE002536F8020B013502F078FF8A
:10727000802DF8D1013CECD101224FF4804104482B
:10728000FAF716FD0520FAF7BBFB204643B0F0BD28
:1072900000040240A0020020014B18805980704772
:1072A000DA0400202DE9F04F87B00FFA82F852007F
:1072B000814602911D46C2F103044FF0000A029B71
:1072C0001FFA88F61FFA8AF79B1B19FA8AFA9BB2F3
:1072D0001FFA8AFA194650462A46039302F00DFF18
:1072E000029B06EB090BDB1B9BB21FFA8BFB1946BB
:1072F00058462A46019302F000FF019B03EB470327
:107300009BB2194658462A46059302F0F6FE029BA8
:10731000A9EB070BF11889B250462A461FFA8BFBDE
:10732000049102F0EAFE04992A46584602F0E5FE6E
:10733000A9EB060A059B1FFA8AFA194650462A4607
:1073400002F0DBFE03992A46584602F0D6FE2A4692
:107350005046019902F0D1FE0137002CBAB20FFA63
:1073600087FAA3B208DA063303EB82031CB2D045D6
:10737000A5DA07B0BDE8F08FAAEB08080A3303EBE3
:107380008803013E1CB20FFA86F8F0E770B54D1E77
:107390001E46531E14461544C21892B2ABB202F0F8
:1073A0008EFE644300224FF0D843944200D170BD5A
:1073B000A3F880600132F8E790422DE9F0411E46C3
:1073C00038BF1346054690463CBF1D468046B14235
:1073D00038BF33460C463CBF0E461C4623462A4661
:1073E000314640460134BDF81870A5EB080502F09F
:1073F00066FEA31B05FB033300224FF0D841013288
:107400009A42A1F88070FAD9BDE8F0812DE9F74FD2
:10741000BDF83050AA428146174608461C4609D19D
:107420002B4622463946CDF8309003B0BDE8F04FE8
:10743000FFF7C2BF9942F3D0A5EB020AA3EB010B01
:10744000BAF1000FB8BFCAF1000ABBF1000FB8BF14
:10745000CBF1000BDA4504DC2B460F4625461046DF
:107460001C46AF4205D82346044618462B463D46E7
:107470001F46031B83EAE3727E1BA2EBE37206EB5B
:10748000D678844234BF01234FF0FF3300924FEA95
:1074900068080193BD4202D903B0BDE8F08FDA4518
:1074A000CBBF20462146294628464A4602F025FE03
:1074B000009BB8EB030848BF019B05F1010542BFE3
:1074C000E418A4B2B044ADB2E4E72DE9F341BDF84D
:1074D00020700092044688461E461546FFF796FF28
:1074E00033463A46414620460097FFF78FFF434612
:1074F0002A46414620460097FFF788FF33462A4632
:1075000031462046089702B0BDE8F041FFF77EBF44
:1075100013B5013A12FA81F21C4692B283B200927C
:1075200020468AB21946FFF771FF02B010BD2DE95F
:10753000F04F144692B2C2F10105C2EBC23287B0DD
:10754000520012B20392BDF94020BDF844B001329E
:1075500092B200928AB201929146DDF8008003F067
:10756000010203F0020382462DB200270492059324
:10757000A74202DB07B0BDE8F08F002D58DB039B6C
:1075800002331AB2661E15FA83F336B203921DB2A5
:107590000137BBB205EB43053FB20135BE42029352
:1075A0002DB221DB049B73B1009BB1B203EB41020E
:1075B000019B591A029B03EB0A0012B25B4609B207
:1075C00000B2FFF7A5FF059B73B1009BB1B203EBBF
:1075D0004102019B591A029BAAEB030012B25B46BF
:1075E00009B200B2FFF794FFA64217D0049B4BB13B
:1075F0000AEB04005B460FFA88F20FFA89F100B239
:10760000FFF786FF059B4BB1AAEB04005B460FFA20
:1076100088F20FFA89F100B2FFF77AFF09F1FF391A
:1076200008F102081FFA89F91FFA88F834469FE723
:107630002646ADE7F7B50C4691B215464A00013231
:10764000611A12B209B21F460646FFF761FF002316
:107650000093019703232A4621463046FFF767FF30
:1076600003B0F0BD37B514461D46631E8AB213FA47
:1076700080F381B200929BB22846FFF7C7FE03B0A9
:1076800030BD0000034B12B21B8809B200B2FFF7F5
:107690003FBF00BF140000202DE9F04F87B00E4619
:1076A0000093BDF840300193304B198888421EDAB0
:1076B0005B889E421BDADFF8B890D9F808108C88F6
:1076C000C44214D4CD88F54211D4A2F1200384B26F
:1076D000049304F10803C5F3C7054FF000080593B0
:1076E000D9F80810C9885FFA88F2914238D807B0F3
:1076F000BDE8F08F049B39685FFA88F00CFB03004B
:10770000059B05FB001110191A4493B211F80A7079
:1077100003931FFA80FB3B061CD5009A029958463A
:1077200002F0EBFC039B0BF101001FFA80FB7F00D2
:107730009B45FFB2EFD10AF1010A5FFA8AF1D9F84D
:107740000870CA008D42B7F806C0D2B2D2D808F18C
:107750000108C5E7DDE900239342E3D01A46DDE7DF
:10776000324493B24FF0000A0293E6E73C00002057
:10777000140000200FB4F0B585B00AAA244852F8CE
:10778000041B039204F05AF9214E224C224F16F8A2
:10779000012B22B905B0BDE8F04004B070470A2AB9
:1077A000618807D11D4B9B68DB88194461800023E9
:1077B00023800AE00D2A08D0092A2088174D0BD112
:1077C000AB689B8800EB830020807B8862889A42AC
:1077D00024BF00236380DAE7AB8800932B8800B2D4
:1077E00009B2FFF759FFA8682388B0F804C02A7BC4
:1077F00063449BB22380002AE7D039886288A1EBDA
:107800000C018B42E1DDC38813446380CFE700BFE6
:10781000DA030020DA0400203C00002014000020DD
:10782000014BC3E90001704714000020014B986030
:10783000704700BF14000020014B1888704700BF3C
:107840001400002013B5064C013B013A2488009433
:107850000B4402449BB292B2FFF7AEFD02B010BDE2
:1078600014000020034B12B21B8809B200B2FFF7CC
:10787000F9BE00BF14000020014B1B88FFF7DABEE1
:1078800014000020014B1860704700BF1400002056
:1078900070B50B4D06460FCD88B001AC0FC495E80E
:1078A0000700072E28BF0726012E84E8070038BFEF
:1078B000012608AB03EB860656F8200C08B070BD15
:1078C00008E400080229D8BF013800280346B8BFE1
:1078D000C31C00EBA30310B56FF0630490FBF4F43A
:1078E00023444FF4C87490FBF4F01844064B5B5CDF
:1078F00018440244072392FBF3F3C3EBC303D01AEB
:1079000008BF072010BD00BF47E6000838B51B4C74
:10791000E378632B81BF6422B3FBF2F102FB1133E6
:10792000E3706378E07823BB012363706178144BC4
:107930000B44022913F8013C05D1C0F30102002ACF
:1079400008BF0133DBB20F4A1370A3780BB90123D0
:10795000A3701378A2789A4288BFA3700A4BA278CA
:107960001B686425013B05FB0300FFF7ABFF20709C
:1079700038BD0C2BDAD90C23D7E700BF280500202F
:10798000E65D02085C0500202400002008B5FFF732
:10799000BDFFBDE80840024902480022FAF7E2BDF7
:1079A00028050020F80200200B4A0C48136810B587
:1079B00043F001030A4C1360FBF78CFA23880C2276
:1079C0001E219E20FFF7E2FC23880C22BDE8104018
:1079D00048219E20FFF7DABC000800405802002032
:1079E0001000002010B50A4C2368CA225A625322A4
:1079F0005A622046FAF7BCFC064900222046FAF7F4
:107A000001FE20460449BDE810400022FAF71DBEE1
:107A1000F802002040050020280500200E4B4FF6FC
:107A2000FF721A800D4A002111800D4A1278D20788
:107A300006D40C4A52780E2A03D84FF480621A807A
:107A400070471D2A02D84FF47842F8E72C2AF7D85D
:107A50004FF61F02F3E700BF10000020380300209C
:107A60005F0500204005002010B50D480D4C0A218F
:107A7000FAF70DFE63280BDC2060236863330EDA0F
:107A8000152222600648BDE810400A21FAF7FABD27
:107A90001522034822600A21FAF7F4FDEDE710BD34
:107AA000F80200202400002070B5134C134E144D32
:107AB000002221463046FAF7A5FD0022294630462D
:107AC000FAF7C3FD0F4B10481A68EB78143A64219B
:107AD00001FB02334361AB78C3606B78013B036108
:107AE0002378836063784360A378036004F05AF9D5
:107AF000064BC3E9000170BD14050020F802002008
:107B00001005002024000020E404002008050020C7
:107B100070B509211A481B4EFAF7B9FD0821044631
:107B20001748FAF7B4FD0546FFF7BEFFD6E9000196
:107B30002A46234603F094FF002251EC100B002349
:107B4000F9F73AF8D0B1104B0D48012204211A7010
:107B5000FAF79DFD4FF4616303FB00F14A1944F10C
:107B6000000407480821C6E90024FAF78BFD2246E5
:107B70000348BDE870400921FAF784BD70BD00BF1D
:107B8000F8020020080500205405002038B5104DEB
:107B900004212846FAF77BFD0446FFF785FF0D4BCD
:107BA0004FF4616202FB04F0D3E90024821844F12F
:107BB000000408212846C3E90024FAF763FD2246A1
:107BC00009212846FAF75EFD034B00221A7038BDE2
:107BD000F8020020080500205405002008B50448DC
:107BE0000621FAF754FD034B00F00100187008BDA0
:107BF000F80200205E050020002110B50E480F4C51
:107C0000FAF745FD10F0030218BF022222700C4C57
:107C10000CBF0220002020700A480CBF042107215D
:107C20000170094904480CBF072304230B70BDE809
:107C300010400021FAF726BDF8020020630500205D
:107C400062050020610500206005002038B5042190
:107C50001448FAF71CFD052105461248FAF717FDEE
:107C6000B5F53A7F28BF4FF43A75012D38BF01258D
:107C70006328044613DC10F1640FCCBF04460024D3
:107C8000084822460521FAF7FDFC06482A46042149
:107C9000FAF7F8FC044B1D60044B1C6038BD00244F
:107CA000EEE700BFF8020020280000205805002061
:107CB00010B50F480121FAF7EAFC0A28024611D84C
:107CC00090B102EB420402EB8404C4EB841402EB97
:107CD000C404A4B206480121FAF7D4FC054B1B6882
:107CE0009C6310BD0A22ECE74FF48054F2E700BF1A
:107CF000F8020020C801002010B50F480721FAF74C
:107D0000C6FC0A28024611D890B102EB420402EBED
:107D10008404C4EB841402EBC404A4B20648072113
:107D2000FAF7B0FC054B1B689C6310BD0A22ECE718
:107D30004FF48054F2E700BFF8020020C801002091
:107D400008B5FFF74FFE084A084B12781B78D20798
:107D500006D4063B0D2B03D9BDE80840FFF7CCBF86
:107D6000BDE80840FFF7A4BF5D05002040050020E6
:107D700037B53A4B187802F0F9F9FFF7E1FF384BC5
:107D800018789C785D78FFF749FE364B36499C7031
:107D90000246364803F0D4FD9FED350A354B334A91
:107DA00000210220FFF7B8F82A462F492F48324D0C
:107DB00003F0C6FD9FED2E0A2E4B2C4A0021A72072
:107DC000FFF7AAF8224628492C4C284803F0B8FDB2
:107DD0009FED2B0A274B254A7D210020FFF79CF8B9
:107DE0002388009340F23F12BC237B21C820FFF779
:107DF000E3FA2388234C0093C822BC23B2215820E5
:107E0000FFF7DAFA20789FED200AFFF741FD1F4BBC
:107E100002468C215820FFF793F92A68E178A3786D
:107E200000936420013A00FB0212637818490F485E
:107E300003F086FD2B680D4A0933A8BF9FED150A94
:107E40000C4BB8BFB3EE0E0AB9210520FFF764F85A
:107E500003B0BDE83040FFF7A7BD00BF63050020B9
:107E6000400500202C0500205FE60008BC03002030
:107E70000000AC42AED701082400002038030020E7
:107E8000000020422805002000002842EAEA0008FD
:107E900055E60008000010422DE9F041474DFFF77C
:107EA000A1FDAC786E78FFF7B9FD454B9A78A242F8
:107EB00000F08180032CDFF83C819C7004D198F89D
:107EC00000300BB9FFF724FE98F80030012B36D1B3
:107ED000AB78042B33D13B4B002788F80070D3F8E4
:107EE0000080B8F1000F2AD0FFF7DEFD3648D0E958
:107EF000003213EB080342EBE872C0E9003203F0F2
:107F0000B9FD4169314B642291FBF2F402FB14117B
:107F10000269D9700132017B99705A7019708368B7
:107F20002B7043686B700368AB70FFF72FFD23491C
:107F300027483A46FAF7BCFAAC78FFF719FFAB7856
:107F40001BB9BDE8F041FFF713BF22492248224682
:107F500003F0F6FC9FED210A214B1F4A7D210020F2
:107F6000FEF7DAFF052C22D1B6FBF4F404EB840310
:107F7000F61A1C4B1B783343DBB2C3B91A4B1D797D
:107F8000F9F740FCFFF738FE184B187802F0EEF8CE
:107F90002046FFF735F942F21070F9F731FD284617
:107FA00002F0E4F8124B188802F0C6F8C9E7BDE801
:107FB000F041FFF7F9BCBDE8F08100BF40050020AB
:107FC0002C05002058050020080500202805002069
:107FD000F80200205FE60008BC03002000002042F9
:107FE000AED701085E0500203C000020630500209C
:107FF000380300205405002070B52DED028B244C71
:108000009FED248A244E254A82B00546B0EE480AE8
:1080100023463221DC20FEF77FFFB0EE480A2346DC
:108020001F4A32210020FEF777FF2A461D493046BD
:1080300003F086FCB0EE480A234632463221502037
:10804000FEF76AFF9FED180A184B194A194CB42124
:108050007320FFF775F8E62300932088A525F02309
:10806000AC225021FFF731FA0095208850233722A7
:108070000021FFF72AFA009520884FF49F733722DA
:10808000EB21FFF722FA02B0BDEC028B70BD00BFFE
:10809000AED701080000AC42BC03002064E6000833
:1080A000B1E900085FE6000800002842EAEA00089B
:1080B00066E600081000002030B52DED028B1C4C48
:1080C0009FED1C8A1C4A83B0B0EE480A2346322139
:1080D000DC20FEF721FFB0EE480A2346174A184C71
:1080E00032210020FEF718FF9FED160A164B174AA3
:1080F000B4217320FFF724F8E62300932088A525F8
:10810000F023AC225021FFF7E0F90095208850239E
:1081100037220021FFF7D9F9009520884FF49F738B
:108120003722EB21FFF7D1F903B0BDEC028B30BD54
:10813000AED701080000AC4264E60008B1E90008CF
:108140001000002000002842EAEA000866E6000865
:1081500030B5084C2588854209D98D4207D26188FF
:108160008A4204D28B4294BF0020012030BD0020FF
:10817000FCE700BFDE04002008B502210348F9F740
:1081800091FDB0FA80F0400908BD00BF0004024034
:1081900010B5FFF7F1FFF0B10F4C0520F9F730FCF7
:1081A00040F6AE032380638002F048FE01460028BB
:1081B000FAD00A4A084802F05EFF094B1B78022BEE
:1081C00008D12388C3F59F73013323806388C3F1EB
:1081D000EF03638010BDDCE7DE04002068000020B0
:1081E0006305002008B5FFF7D3FFC820F9F708FCA6
:1081F000A5237322F0215020FFF7AAFFF0B96E23C8
:1082000037225021FFF7A4FFD0B9E623AC2250213A
:10821000FFF79EFFB0B96E2337224FF49F71EB201A
:10822000FFF796FF80B9E623AC224FF49F71EB2055
:10823000FFF78EFF0028D6D0042008BD0520FCE7FC
:108240000120FAE70320F8E70220F6E708B5FFF778
:108250009FFF6420F9F7D4FBE623AC22F0215020E5
:10826000FFF776FF70B9A52337224FF49F71EB20FB
:10827000FFF76EFF40B95021FFF76AFF0028E6D0F4
:10828000012008BD0320FCE70220FAE72DE9F043B6
:108290002DED028B83B0FFF7A5FBFFF7E5FBC323B2
:1082A000912240F23F119F20FFF752FF002800F07B
:1082B00090804A4F9FED4A8A3888DFF85C81494DAB
:1082C00001F03AFF484A494C494EB0EE480A43464D
:1082D00005213720FEF734FF9FED460A464A2B461C
:1082E0003221DC20FEF718FE9FED420A434A2B465E
:1082F00032210020FEF710FE22684149414803F078
:108300001FFB00239FED400A404A33804E212B463D
:108310005020FEF701FE4FF6FF73338023689FED78
:108320003A0A384A002BB4BF50207B202B464E21FE
:10833000FEF7F2FDB0EE480A354A4346B4217320F9
:10834000FEF7FEFEE62300933088F023AC22502196
:108350004FF0A509FFF7B9F8CDF800903088502309
:1083600037220021FFF7B1F8CDF8009030884FF4A4
:108370009F733722EB21FFF7A8F8FFF7C7FAFFF743
:1083800065FF032819D1226822480A21FAF77AF9F1
:10839000FFF728FBFFF7FAFA388801F0CDFE6420DA
:1083A00003B0BDEC028BBDE8F043F9F729BB6FF0D9
:1083B0006203236086E76323FBE70228236803D177
:1083C000632BF4D00133F4E713F1630FF3D0013BD7
:1083D000EFE703B0BDEC028BBDE8F083380300206B
:1083E00000002842AED701086BE6000824000020F8
:1083F000100000200000AC4264E60008B1E900086B
:1084000044E60008BC0300200000484277E600086C
:1084100066E60008F8020020EAEA00082DE9F041CB
:10842000EF23B92240F23F11E620FFF791FE044608
:1084300078B3244E244D254FF9F7E4F9308801F044
:108440007BFEFFF763FA9FED220A224B224A0521A9
:108450005520FEF775FEAA782049384603F070FAD9
:108460001F4B9FED200A3A4655217D20FEF754FD13
:10847000FFF722FEFFF7EAFE8046FFF747FAB8F162
:10848000030F0CD1FFF782FA308801F055FEFFF799
:108490006FFC2046BDE8F0810123AB70D3E7B8F153
:1084A000020FAB7806D1104A12789A42F4D0013309
:1084B000DBB2F2E7012B02D10B4B1B78EDE7013B5E
:1084C000F6E700BF3803002028050020BC03002089
:1084D00000002842EAEA00087BE600085FE60008A0
:1084E000AED70108000010425C0500202DE9F041E4
:1084F000EF23B922E6218220FFF72AFE044668B363
:10850000214E224D224FF9F77DF9308801F014FEFB
:108510009FED200A204B214A05213720FEF710FE4F
:108520006A781F49384603F00BFA1E4B9FED1E0A6E
:108530003A4655217D20FEF7EFFCFFF7BDFDFFF722
:1085400085FE8046FFF7E2F9B8F1030F0ED1FFF781
:108550001DFA308801F0F0FDFFF70AFC2046BDE867
:10856000F08101236B70D3E70C23FBE7B8F1020F16
:108570006B7804D10C2BF4D00133DBB2F2E7012B82
:10858000F2D0013BF9E700BF3803002028050020A6
:10859000BC03002000002842EAEA000883E6000845
:1085A0005FE60008AED70108000010422DE9F04157
:1085B000EF23B92282210020FFF7CAFD044698B3B9
:1085C000244E254D254FF9F71DF9308801F0B4FDF3
:1085D0009FED230A234B244A05214120FEF7B0FDDD
:1085E000224BEA781B686421013B01FB03223846D9
:1085F0001F4903F0A5F91F4B9FED1F0A3A4655216D
:108600005F20FEF789FCFFF757FDFFF71FFE80464E
:10861000FFF77CF9B8F1030F0ED1FFF7B7F93088F7
:1086200001F08AFDFFF7A4FB2046BDE8F08100239E
:10863000EB70CDE76323FBE7B8F1020FEB7804D1D1
:10864000632BF4D00133DBB2F2E7002BF2D0013B15
:10865000F9E700BF3803002028050020BC030020F4
:1086600000002842EAEA00088DE600082400002005
:1086700096E60008AED70108000010422DE9F04749
:108680002DED028BFFF7AEF97323002240F23F116C
:10869000B420FFF75DFD064600283DD0294D2A4F46
:1086A00095F801809FED298ADFF8A890DFF8A8A04F
:1086B000F9F7A8F8388801F03FFDB0EE480A4B46BC
:1086C000524605212320FEF73BFD6878FFF794FC16
:1086D000FFF7BCFD03286C7828D1FFF783F9A0458C
:1086E0006C7014D0AB781A4C0133DBB23C2B28BF32
:1086F0000023AB702368CA225A6253225A62204672
:10870000F9F736FE0F4900222046F9F7D1FE3888E6
:1087100001F012FDFFF72CFBBDEC028B3046BDE8EB
:10872000F08700246C70C8E73B24FBE7022804D1E3
:108730003B2CF6D00134E4B2F4E7002CF4D0013C39
:10874000F9E700BF40050020380300200000284260
:10875000F8020020EAEA00089BE600082DE9F0474D
:108760002DED028BFFF73EF9002273239621104670
:10877000FFF7EEFC064668B3214D224F95F80080C6
:108780009FED218ADFF88890DFF888A0F9F73AF8A2
:10879000388801F0D1FCB0EE480A4B46524605211C
:1087A0003720FEF7CDFC2878FFF726FCFFF74EFDBB
:1087B00003282C7818D1FFF715F9A0452C7004D0A8
:1087C0000F4912480022F9F773FE388801F0B4FC13
:1087D000FFF7CEFABDEC028B3046BDE8F0870024EF
:1087E0002C70D8E71724FBE7022804D1172CF6D009
:1087F0000134E4B2F4E7002CF4D0013CF9E700BF07
:10880000400500203803002000002842F802002024
:10881000EAEA0008A6E6000808B5FFF7ADFC002864
:10882000FBD1BDE808401420F9F7EAB82DE9F04182
:1088300007212DED028B2848284E9FED298ADFF86D
:10884000BC80284FF9F723FF0A2828BF0A200446D6
:10885000FFF752FA308801F06FFCB0EE480A434649
:10886000214A05215520FEF76BFC20492246384657
:1088700003F066F81E4B9FED1F0A3A4655217D20F6
:10888000FEF74AFBFFF718FCFFF7E0FC0546FFF791
:1088900033FA194B0022032D1A805A800AD1FFF7B0
:1088A000BBFF308801F048FCBDEC028BBDE8F04115
:1088B000FFF746BA022D0AD1092C00D80134064828
:1088C00022460721F9F7DEFEFFF716FAC5E7002C6E
:1088D000F5D0013CF3E700BFF80200203803002088
:1088E00000002842BC030020B0E600085FE6000854
:1088F000AED7010800001042DE040020EAEA0008BA
:108900002DE9F047EF232DED028BC32240F23F11FA
:108910009F20FFF71DFC002860D0324FDFF8F48065
:108920003888314E9FED318ADFF8EC9001F004FC7D
:10893000FFF754F998F800409FED2D0A2D4B2E4A71
:1089400005211920FEF7FCFB04F001042B493046F9
:1089500003F04DFF1CB12A49304603F048FF294D72
:10896000294A4FF0000AB0EE480A4B4655216920CB
:10897000A5F800A0FEF7D0FA4FF6FF732B80B0EEFB
:10898000480A4B46324655216920FEF7C5FAFFF7E3
:1089900093FBFFF75BFC1D4B03280546A3F800A0E3
:1089A000A3F802A011D1FFF71DF8194822460621AD
:1089B000F9F768FE88F80040FFF72EFFBDEC028B48
:1089C0003888BDE8F04701F0B7BBFFF725FF022D5F
:1089D00016BF04F1FF340134E4B2ADE7BDEC028B05
:1089E000BDE8F08738030020BC03002000001042DF
:1089F00000002842EAEA0008BAE60008C5E60008D6
:108A0000C9E600081000002077E60008DE04002018
:108A1000F80200205E050020AED701082DE9F843DA
:108A20009122C3239F210020FFF792FB002855D0FD
:108A30002B4EDFF8D88030882A4F01F07DFB2A4882
:108A40000021F9F724FE041E18BF01244FF000098D
:108A500004F0010462000021234888F80020F9F79F
:108A600011FEFFF7C9F898F8000001F07FFB30888D
:108A700001F062FB05219FED1D0A1D4B1D4A1920C7
:108A8000FEF75EFB1C49384603F0B1FE1CB11B49E2
:108A9000384603F0ACFE1A4B9FED1A0A3A465521B0
:108AA0006920FEF739FAFFF707FBFFF7CFFB164BFC
:108AB00003280546A3F80090A3F8029006D1FFF71B
:108AC000ABFE3088BDE8F84301F036BBFFF7A4FEEB
:108AD000022D0CBF013404F1FF34B9E7BDE8F8837F
:108AE00038030020BC030020F802002000002842C8
:108AF000EAEA0008CDE60008DAE60008DEE600084B
:108B0000AED7010800001042DE04002063050020FB
:108B100010B591235F2240F23F119F20FFF718FB11
:108B2000F0B1104CFFF778FE208801F005FB0E4BEA
:108B30001B684FF6FF729A63042001F017FB01F0E7
:108B40000FFEFFF7B5F8094B187801F00FFBFFF7A0
:108B500063FE208801F0F0FA054B00221A805A804B
:108B600010BD00BF38030020C801002063050020AD
:108B7000DE04002010B591235F229F210020FFF723
:108B8000E7FAD8B10E4CFFF747FE208801F0D4FA7F
:108B90000C4B1B684FF6FF729A6301F06FFAFFF7F8
:108BA00087F8094B187801F0E1FAFFF735FE2088C5
:108BB00001F0C2FA054B00221A805A8010BD00BF96
:108BC00038030020C801002063050020DE040020D7
:108BD000F8B52D225F2340F23F119F20FFF7B8FA2E
:108BE00020B3134B134D1E79134FFFF715FE288842
:108BF00001F0A2FA0024FEF7FFFF387801F0B6FA80
:108C0000E0B20134FEF7FCFAFFF7C2FAFFF704FE08
:108C10000C2CF0D1304601F0A9FAFFF7FDFD2888B1
:108C200001F08AFA054B00221A805A80F8BD00BF75
:108C30003C0000203803002063050020DE040020F3
:108C400038B52D225F239F210020FFF781FAF8B16C
:108C5000104B114C1D79FFF7DFFD208801F06CFAF5
:108C60000E4B1B684FF6FF729A6302F01FFB2088C1
:108C700001F062FA02F0E8FB284601F077FAFFF70C
:108C800017F8FFF7C9FD2088BDE8384001F054BA55
:108C900038BD00BF3C00002038030020C801002080
:108CA0002DE9F04F2DED028BC32383B0912240F2CA
:108CB0003F119F20FFF74CFA002800F0FF80DFF8FB
:108CC00048A2814EF8F79EFDBAF8000001F034FA90
:108CD000DFF838929FED7D8A7D4CDFF834829FED7E
:108CE0007D0A7D4A7D4D7E4F4B4605210020FEF7D3
:108CF00027FABAF800307B4A3380B0EE480A2346A0
:108D000037218220FEF708F9B0EE480A754A23465B
:108D1000B4218720FEF700F94FF6FF732A687249E5
:108D20003380404602F00CFE2B68002BB4BF82203B
:108D30009120B0EE480A234642463721FEF7ECF870
:108D40003A686949404602F0FBFDB0EE480A234606
:108D50004246B4218720FEF7DFF8644AB0EE480AA5
:108D6000234637214FF48270FEF7D6F8604AB0EE02
:108D7000480A234637211420FEF7CEF85B4AB0EEAE
:108D8000480A2346B4214FF48270FEF7C5F8584ACA
:108D9000B0EE480A2346B4211420FEF7BDF8554A28
:108DA000B3EE0C0A4B4644215520FEF7C9F9524A4E
:108DB000B3EE0C0A4B46B4215520FEF7C1F99FEDE6
:108DC000450A4E4A4B4676216E20FEF7B9F9A52397
:108DD00000934FF06E0B3088E62372225321FEF78A
:108DE00074FBCDF800B03088502337220021FEF705
:108DF0006CFBE623009330885023AC220021FEF761
:108E000064FBCDF800B030884FF49F733722EB211C
:108E1000FEF75BFBE6230093AC224FF49F73308890
:108E2000EB21FEF752FBFFF7DDF9354B0022052859
:108E300083461A805A801AD1FFF7EEFCBAF8000078
:108E400001F07AF93A682F480421F9F71BFC2A68E7
:108E50002C485946F9F716FC03B0BDEC028BBDE86F
:108E6000F04FFEF793BE4FF43A733B6030E70228B1
:108E700005D12B68622B1EDC01332B602FE7012804
:108E800007D12B6813F1620FACBF03F1FF336323EB
:108E9000F3E7042807D13B68B3F53A7F34BF0133C9
:108EA00001233B601BE703287FF419AF3B68012BCC
:108EB000D9D9013BD9E76FF06203DEE703B0BDEC1F
:108EC000028BBDE8F08F00BF1000002000001042B0
:108ED000AED7010800002842E2E60008580500204D
:108EE0002800002077E6000844E6000864E6000851
:108EF000B1E90008F2E60008F6E6000866E60008B8
:108F0000DE040020F802002038030020EAEA00080E
:108F1000BC03002010B5EF23C3229F210020FFF7E0
:108F200017F9044640B1FFF777FC044B188801F0AD
:108F300003F96420F8F764FD204610BD38030020D3
:108F400070B52DED028B594C9FED598A82B0FEF71A
:108F500053FE584B187801F009F99FED570A574A0C
:108F6000234600210A20FEF7EBF8554AB0EE480AE6
:108F7000234632210320FEF7E3F8524AB0EE480AB6
:108F800023463221AF20FEF7DBF84F4AB0EE480A05
:108F9000234664210A20FEF7D3F84C4AB0EE480A73
:108FA00023466421A520FEF7CBF89FED490A494AE4
:108FB00023469B210520FEF7C3F89FED470A474A49
:108FC00023469A21A220FEF7BBF8454AB0EE480A94
:108FD0002346C8211620FEF7B3F85F25B0EE480AF5
:108FE000404A2346C821BE20FEF7AAF800959F23D9
:108FF0002D2200214FF6FF70FEF767FA91260095AB
:1090000040F23F132D229F214FF6FF70FEF75DFACD
:109010002A4600969F2300214FF6FF70FEF755FA6F
:109020002A460096C32540F23F139F214FF6FF705A
:10903000FEF74BFA32469F2300214FF6FF70009552
:10904000FEF743FA324640F23F139F214FF6FF707E
:10905000EF260095FEF739FA9F232A4600214FF6A6
:10906000FF700096FEF731FA40F23F132A469F2127
:109070004FF6FF700096FEF728FAFFF789F8FFF722
:10908000DFFDFFF7A5FDFFF775FDFFF741FDFFF7DA
:10909000C5FCFFF735FCFFF7F9F8FFF73BFF0028A9
:1090A0003FF455AF02B0BDEC028B70BDEAEA000898
:1090B000000028426305002000001042FAE6000884
:1090C0000AE7000811E7000818E700081EE7000893
:1090D0000000184225E70008000014426FE600086F
:1090E0002CE7000831E7000810B5EF23C32240F257
:1090F0003F119F20FFF72CF870B1084CFFF78CFB55
:10910000208801F019F8FFF71BFFFFF785FB208887
:10911000BDE8104001F010B810BD00BF38030020BA
:109120002DE9F84391222DED028BC3239F210020CE
:10913000FFF70EF8002864D0344FDFF80481388838
:109140009FED338A00F0F8FF32480321F9F79FFAC8
:109150000026B146304B314AA8F8009000F00104D7
:10916000B0EE480A55216920FDF7D6FE4FF6FF7391
:10917000A8F8003005219FED2A0A2A4B2A4A192017
:10918000FDF7DEFF29492A4803F031FB1CB12949CC
:10919000274803F02CFB204B254AB0EE480A552106
:1091A0006920FDF7B9FEFEF787FFFFF74FF8224B66
:1091B000032805461E805E801BD1FEF713FC224665
:1091C00014481E4C2946F9F75DFA29461148F9F76B
:1091D0005EFA2070FFF720FB388800F0ADFF23789F
:1091E0000BB9FFF723FBBDEC028BBDE8F843FEF79C
:1091F000A7BDFFF711FB022D0CBF601C04F1FF306F
:10920000A8E7BDEC028BBDE8F88300BF380300205F
:1092100000001042F8020020AED7010877E60008EF
:1092200000002842EAEA000836E70008C5E6000820
:10923000BC030020C9E60008DE0400205D05002014
:10924000100000202DE9F04102212DED028B354860
:10925000F9F71DFA912304465F2240F23F119F2047
:10926000FEF776FF002859D02F4E9FED308A3088C8
:109270002F4F304D00F060FF9FED2F0A2F4B304AEB
:10928000DFF8D48005211920FDF75AFF00232D4A6D
:10929000A8F80030B0EE480A3B4655216920FDF79A
:1092A0003BFE4FF6FF732849A8F80030284603F02C
:1092B0009EFAE30703D52549284603F098FA3B4672
:1092C0002A46B0EE480A55216920FDF725FEFEF733
:1092D000F3FEFEF7BBFF1E4B002203281A805A80C4
:1092E00016D122460F480221F9F7CCF902210D4888
:1092F000F9F7CDF9174B1870FFF78EFA308800F0A8
:109300001BFFBDEC028B6420BDE8F041F8F778BB91
:1093100002280CBF013404F1FF34ADE7BDEC028B31
:10932000BDE8F081F8020020380300200000104260
:10933000AED70108BC03002000002842EAEA00087A
:1093400041E7000877E60008C5E60008C9E600081E
:10935000DE0400205F05002010000020F8B5012188
:109360002DED028B2A48F9F792F9912304465F22EA
:109370009F210020FEF7ECFE002846D0254D9FEDF2
:10938000268A2888254F264E0A2C28BF0A2400F05A
:10939000D3FEB0EE480A3B46224A05215520FDF790
:1093A000CFFE21492246304602F0CAFA1F4B9FEDFC
:1093B000200A324655217D20FDF7AEFDFEF77CFEEA
:1093C000FEF744FF1B4B002203281A805A800BD162
:1093D000FFF722FA6420F8F713FBBDEC028B288814
:1093E000BDE8F84000F0A8BE02280AD1092C00D838
:1093F0000134074822460121F9F744F9FEF758FCE9
:10940000C7E7002CF5D0013CF3E7BDEC028BF8BDBB
:10941000F80200203803002000002842EAEA000891
:10942000BC0300204DE700085FE60008AED7010846
:1094300000001042DE04002008B52D225F2340F218
:109440003F119F20FEF784FE38B1FDF701FDFFF7C5
:10945000E3F9024B00221A805A8008BDDE04002086
:1094600008B52D225F239F210020FEF771FE38B141
:1094700001F0EAFFFFF7D0F9024B00221A805A8070
:1094800008BD00BFDE04002070B52DED028BB923AE
:1094900082B07D2240F23F114620FEF759FE00289F
:1094A00000F0B380F8F7AEF95A4B5B4C18889FED8B
:1094B0005B8A00F041FEFEF79FFB594B187800F0E5
:1094C00055FE00219FED570A574A23460846FDF7EF
:1094D00037FE564AB0EE480A234632211920FDF7DE
:1094E0002FFE534AB0EE480A23463221AF20FDF743
:1094F00027FE504AB0EE480A234664211920FDF7A2
:109500001FFE4D4AB0EE480A23466421A520FDF710
:1095100017FE4A4AB0EE480A234696211620FDF768
:109520000FFE474AB0EE480A23469621AA20FDF7CF
:1095300007FE444AB0EE480A2346C8211620FDF72C
:10954000FFFD5F25B0EE480A3F4A2346C821BE20F2
:10955000FDF7F6FD00959F232D2200214FF6FF70A9
:10956000FDF7B3FF9126009540F23F132D229F2176
:109570004FF6FF70FDF7A9FF2A4600969F230021B2
:109580004FF6FF70FDF7A1FF2A460096C32540F273
:109590003F139F214FF6FF70FDF797FF32469F2341
:1095A00000214FF6FF700095FDF78FFF324640F225
:1095B0003F139F214FF6FF70EF260095FDF785FFC3
:1095C0009F232A4600214FF6FF700096FDF77DFF8E
:1095D00040F23F132A469F214FF6FF700096FDF799
:1095E00074FFFEF7D5FDFFF75BFBFFF739FFFFF7D1
:1095F00023FFFFF7B3FEFFF725FEFFF791FDFFF70F
:1096000089FC10B9FFF770FD55E702B0BDEC028B85
:1096100070BD00BF38030020EAEA000800002842BD
:10962000630500200000104257E7000868E70008C3
:109630006EE7000851E7000875E700087CE70008BE
:10964000EAE600082CE7000881E700080E4B1A88BC
:10965000452A10B514D85B887E3B9BB23A2B4FF05D
:1096600000040FD8FEF7BEF9084909488C7022465D
:10967000F8F71EFFFEF77CFBFFF7CEF8012010BDC8
:109680000020FCE72046FAE7DE0400204005002029
:10969000F802002008B5FEF76FFD10B3FEF778FD65
:1096A000FFF7BAF8FFF7D2FFD8B90E4B4FF6FF72AB
:1096B0001A80FFF753F8A0B9FEF7E0FF88B9FEF76C
:1096C00075FF70B9FEF712FF58B9FEF7A7FE40B953
:1096D000FFF7DAFE08B1FEF74BFBBDE80840FFF7E5
:1096E0009BB808BD10000020002000F025BD08B583
:1096F0001F2000F021FD4FF47A70F8F781F9BDE8E2
:109700000840FFF7F1BF002000F030BD4FF4FA70C1
:10971000F8F776B938B5FFF7E7FF64224FF47843DE
:1097200078211046FDF786FF6424FDF713FD0546FA
:1097300028B9DC2C07D1FDF70DFD054638B3BDE88F
:109740003840FFF7E3BF2B46204666227821FDF71D
:10975000A9FD20460134A4B22B4665227821FDF7ED
:10976000A1FD20464FF4784364227821FDF79AFD4D
:1097700020464FF4784365227821FDF793FD4FF49E
:109780007843662278212046FDF78CFDCDE7662CD4
:10979000D5D02B46204666227821FDF783FD204652
:1097A000013CA4B22B4665227821FDF77BFD2046C3
:1097B0004FF4784364227821FDF774FD20464FF47E
:1097C000784365227821FDF76DFD4FF478436622DA
:1097D00078212046FDF766FDADE7F7B5FFF784FF7A
:1097E00004250024EF26A4B2ADB22B462246002168
:1097F0001F200096FDF70AFE0A20F8F701F9FDF791
:10980000A9FC0634083524B22DB2074620B103B0B6
:10981000BDE8F040FFF77ABFF02CE4D140F23B15F1
:10982000EF24A4B2ADB22B46224640F23F111F20D6
:109830000097FDF7EBFD0A20F8F7E2F8FDF78AFC48
:10984000063C083D24B22DB206460028DFD1621C3A
:10985000E7D10427EF25BCB2ADB223462A4600214A
:109860004FF478400096FDF7D1FD0A20F8F7C8F8CC
:10987000FDF770FC0834063D27B22DB204460028DF
:10988000C5D16B1CE7D140F23B15EF26A4B2ADB2B7
:109890002B46224640F23F114FF478400096FDF7E8
:1098A000B5FD0634083D0A2024B22DB2F8F7A8F819
:1098B000FDF750FC0028AAD1F02CE7D1FDF74AFCB7
:1098C0000028A4D14FF47A7003B0BDE8F040F8F757
:1098D00097B80220F8F794B82DE9F041FFF704FF9C
:1098E00032221F2311461046FDF7A4FE32244FF406
:1098F0007A7700262546FDF72DFC18B1BDE8F0412A
:10990000FFF704BF76BBB5F5877F7DD2BD2C30D87D
:109910002146284633463422FDF7C4FC214628461A
:1099200033463322FDF7BEFC05F1010821462846E7
:1099300033463522FDF7B6FC1FFA88F8611C1F2359
:1099400032220FFA88F08CB209B2FDF773FEFFF7EE
:10995000C0FF4546013FCED1BDE8F0414FF47A70DB
:10996000F8F74EB8012E24D1B5F5877F25D2322CD9
:109970006CD92146284600233422FDF793FC21466A
:10998000284600233322FDF78DFC2146284600237C
:109990003522FDF787FC681C611E85B28CB21F233F
:1099A000322209B200B2FDF745FEFFF792FF012611
:1099B000D0E7022E24D1322DF9D9322C26D92146D6
:1099C000284600233422FDF76DFC2146284600235B
:1099D0003322FDF767FC6E1E214628460023352200
:1099E000FDF760FCB6B2611E1F23322230B28CB28A
:1099F00009B2FDF71FFEFFF76CFF35460226A9E707
:109A0000032EA7D1322D21D9BD2CF7D821462846C7
:109A100000233422FDF746FC21462846002333224A
:109A2000FDF740FC2146284600233522FDF73AFC8D
:109A3000681E611C1F23322285B28CB200B209B2AB
:109A4000FDF7F8FD0326FFF744FF83E7064681E7AD
:109A50002DE9F74FFFF748FE4FF4784300930021BC
:109A600064231A460846FDF7A7FC4FF0000864255A
:109A70004FF47A7A2F4644464646FDF76BFB20B1F9
:109A800003B0BDE8F04FFFF741BEB8F1000F3BD186
:109A9000DB2E00F2A7808B2C3ED83B462246314677
:109AA0000094FDF7B3FC06F1010B07F101090095E5
:109AB00001351FFA89F9334622463146ADB21FFA05
:109AC0008BFB40460134FDF7A1FCA4B24B462A466D
:109AD00059464FF478400095FDF798FC4B462246D6
:109AE00049464FF478400095FDF790FCFFF7F1FEF2
:109AF0004F465E460AF1FF3A1FFA8AFABAF1000FA2
:109B0000BBD103B0BDE8F08FB8F1010F2FD1DB2E30
:109B100032D8002C00F0938033462246314600951F
:109B20000020FDF773FC013C3B462A4600950137B7
:109B3000013D3146BFB2A4B200200136ADB2FDF7FF
:109B400065FCB6B23B46224639464FF47840009554
:109B5000FDF75CFC3B46224631464FF478400094CA
:109B6000FDF754FCFFF7B5FE4FF00108C2E7B8F16E
:109B7000020F33D1002EF7D0B4B33B462A4631460C
:109B800000950020FDF742FC06F1FF38224607F160
:109B9000FF39013C1FFA88F83B463946A4B21FFA48
:109BA00089F900950020013DFDF730FCADB24B4630
:109BB000224641464FF478400094FDF727FC434687
:109BC000224641464FF478400095FDF71FFCFFF711
:109BD00080FE4F4646464FF002088BE7B8F1030F70
:109BE00088D176B38B2CF6D83B462246314600947A
:109BF0000020FDF70BFC013E3B4639460095013F36
:109C000001352246B6B2ADB20020BFB20134FDF735
:109C1000FDFBA4B23B462A4631464FF478400095FE
:109C2000FDF7F4FB3346224631464FF47840009569
:109C3000FDF7ECFB4FF00308FFF74BFE5AE7A04699
:109C400058E7B04656E700004FF0D84345221A8047
:109C50000B4A0C491268B2FBF1F2032353431A4634
:109C6000013B002AFBD14FF0D843B3F88020B3F872
:109C70008020B3F88000C0B200EB022080B27047B1
:109C800004000020404B4C0007B5044801A9F8F738
:109C90003BFB019803B05DF804FB00BF18030020F4
:109CA0002DE9F047FFF720FD40F6C4164FF6FF7987
:109CB00032274FF08C08FFF7E7FF0446FFF7E4FF79
:109CC0000546FFF7E1FF8246FFF7DEFFB5FBF8F13F
:109CD000BAFBF7F2B0FBF9F30344DC2008FB1151A7
:109CE000B4FBF0F500FB154407FB12A2323104F17E
:109CF00032009BB212B209B200B2FDF79BFCFDF735
:109D000029FA18B1BDE8F047FFF700BD013EB6B231
:109D1000002ED0D1BDE8F0474FF47A70F7F770BE4F
:109D20002DE9F74FFFF7E0FC64254FF4A076F0270C
:109D30004FF6FF78FFF7A8FF8246FFF7A5FF83469F
:109D4000FFF7A2FF8146FFF79FFF0446FFF79CFF46
:109D5000B4FBF7F2B9FBF6F307FB1242B0FBF7F4E2
:109D600004FB170406FB1393A4B2BBFBF6F1BAFB8A
:109D7000F8FC06FB11B1D4441FFA8CF09BB292B2EE
:109D800089B20094FDF7A1FB0A20F7F739FEFDF731
:109D9000E1F920B103B0BDE8F04FFFF7B7BC013DDA
:109DA000ADB2002DC6D14FF47A7003B0BDE8F04FCC
:109DB000F7F726BE2DE9F74FFFF796FC4FF4FA664A
:109DC000F0274FF4A0784FF6FF79FFF75DFF0446C8
:109DD000FFF75AFF8346FFF757FF8246FFF754FF0E
:109DE0000546FFF751FFB5FBF7F1BAFBF8F207FBA9
:109DF0001151B4FBF9F52C44B0FBF7F308FB12A2A8
:109E000003FB1703A4B2BBFBF8F008FB10B09BB236
:109E100092B289B280B20094FDF7CEFAFDF79AF9BA
:109E200020B103B0BDE8F04FFFF770BC013EB6B201
:109E3000002ECAD1F5E72DE9F341002000F07CF9AE
:109E400000244FF6FF76FFF71FFFA5B2B0FBF6F335
:109E500018442A46009540F23F13002180B2FDF7D6
:109E6000D5FAFDF777F9054620B102B0BDE8F0411B
:109E7000FFF74CBC0134F02CE5D1FFF747FC4FF65F
:109E8000FF76EF27FFF700FFACB2B0FBF6F210440D
:109E900023462146002280B20097FDF7B7FAFDF76E
:109EA00059F904460028E0D10135B5F5A07FE9D184
:109EB000FFF72CFC40F23F174FF6FF78C4F1EF0696
:109EC0003D1B782CB6B2ADB2CFD0FFF7DDFEB0FBB4
:109ED000F8F318442246214600962B4680B20134FE
:109EE000FDF7F3FAA4B2FDF735F90028E6D0BCE798
:109EF0002DE9F047FFF7F8FB40F2DC564FF6FF790B
:109F000014274FF0C808FFF7BFFE0446FFF7BCFE5A
:109F10000546FFF7B9FE8246FFF7B6FEB5FBF8F13E
:109F2000BAFBF7F2B0FBF9F303444FF48C7008FB73
:109F30001151B4FBF0F500FB154407FB12A21431DC
:109F400004F114009BB2D2B289B280B2FDF7AAF933
:109F50000120F7F755FDFDF7FDF818B1BDE8F04712
:109F6000FFF7D4BB013ECED1F8E72DE9F74FFFF75D
:109F7000BBFB4FF47A774FF4A075F0264FF6FF78CD
:109F8000FFF782FE8246FFF77FFE8346FFF77CFEE7
:109F90000446FFF779FE8146FFF776FEB4FBF6F242
:109FA000B9FBF5F306FB1242B0FBF6F404FB160412
:109FB00005FB1393A4B2BBFBF5F1BAFBF8FC05FB60
:109FC00011B1D4441FFA8CF09BB292B289B20094C2
:109FD000FDF71CFA0120F7F713FDFDF7BBF820B1E0
:109FE00003B0BDE8F04FFFF791BB013FC8D1F7E7E1
:109FF0002DE9F843FFF778FBDFF87880DFF87890F9
:10A0000043F698264FF6FF77FFF73EFE0446FFF72C
:10A010003BFE0546FFF738FEF023B5FBF3F103FBEB
:10A0200011514FF4A073B0FBF7F20244B4FBF3F00C
:10A0300003FB104092B289B280B200F05EF85F2359
:10A04000D8F80020B2FBF9F253431C46013B002C28
:10A05000FBD1FDF77FF830B1FFF758FB2046BDE894
:10A06000F84300F069B8013ECED1BDE8F843FFF7F0
:10A070004DBB00BF04000020404B4C0008B5FFF76B
:10A0800042FBFFF7B5FFFFF770FFFFF731FFFFF768
:10A09000D2FEFFF78FFEFFF7DBFCFFF79EFBFFF71B
:10A0A0003FFEFFF7FDFDFFF735FBFFF715FCFFF760
:10A0B0001EFBFFF719FBBDE80840FFF727BB30B5D3
:10A0C0004FF0D8442A252580050AA4F88050A4F82A
:10A0D0008000100AA4F88000A4F880202B2222809F
:10A0E0000A0AA4F880201A0AA4F88010A4F8802094
:10A0F000A4F880302C23238030BD4FF0D84310B516
:10A100002A241C80040AA3F88040A3F88000A3F846
:10A110008040A3F880002B201880080AA3F8800054
:10A12000A3F88010A3F88000A3F880102C211980D8
:10A13000A3F8802010BD0000084A0021538812882F
:10A1400010B504460846FFF7BAFF4FF496334FF0B8
:10A15000D842013BA2F88040FBD110BD3C0000205A
:10A160004FF0D843A3F8800070470000082828BFAC
:10A170000020164A164B125C042810B535BFF0219A
:10A180004FF4A0714FF4A074F024DA711C801871A0
:10A19000598010F003004FF0D8430E4C4FF03601B9
:10A1A00018BF02201980A3F8802020700A480CBF35
:10A1B00002210021017009490CBF042207220A7004
:10A1C000074A0CBF07230423137010BD1E7D02082D
:10A1D0003C0000206305002062050020610500208E
:10A1E000600500202DE9F041184D194F0421284643
:10A1F000F9F7A0F92B6800249C634FF0D8483E5D26
:10A200005EB90420FFF7B2FF3046FFF795FF2B68D9
:10A2100046F290529A63BDE8F081631CA8F8006092
:10A22000F85C0F2804F1020402D9F7F7E9FBE6E72E
:10A230000028E4D03B440022013213F8011FA8F8A3
:10A2400080109042F8D80444D9E700BFC80100202C
:10A25000267D020873B544238DF8073000220723BA
:10A260004E494F484F4C8DF802208DF801309DF833
:10A270000130FF2B11D144238DF807300022072332
:10A2800049494748494C8DF802208DF801309DF826
:10A290000130FF2B41D102B070BD9DF80730083B63
:10A2A000DBB28DF807309DF8073003F03F038DF8DF
:10A2B00005308DF806209DF806309DF805505B1B93
:10A2C000DBB28DF803309DF806309DF805502B4425
:10A2D000DBB28DF804309DF803309DF804509DF8F2
:10A2E00001608033803550F8233050F825505B1BD7
:10A2F0001B129DF801508B559DF802304D5DE554C1
:10A300009DF802300133DBB28DF802309DF8013048
:10A31000013BDBB28DF80130A9E79DF80730083B1F
:10A32000DBB28DF807309DF8073003F03F038DF85E
:10A3300005308DF806209DF806309DF805505B1B12
:10A34000DBB28DF803309DF806309DF805502B44A4
:10A35000DBB28DF804309DF803309DF804509DF871
:10A3600001608033803550F8233050F825505B1B56
:10A370001B129DF801508B559DF802304D5DE55440
:10A380009DF802300133DBB28DF802309DF80130C8
:10A39000013BDBB28DF8013079E700BFA81900203E
:10A3A000981D0308A019002098190020901900207A
:10A3B000574B2DE9F74F1C88DFF87CB17034A4B2FD
:10A3C0001C80544B1A88C03292B21A80524B1988A2
:10A3D00060314FEA122E89B270461980090A471A75
:10A3E00001EB1222D2B2FFB24C4B07F1400602F150
:10A3F000400853F8266053F828804644DFF83C8133
:10A40000361288F8006053F8276053F822700EEB7C
:10A41000142C01EB1425F61B0EF1800E404FEDB20B
:10A4200036123E705FFA8CF953F82E60A5EB000AE5
:10A4300051FA8CFC5FFA8AFA5FFA8CFC46F3C71873
:10A440000CF140070AF1400653F8277053F82660D4
:10A450008BF80080A2EB1422D2B2F61B02F1400767
:10A46000C1EB142E53F8277053F82220A9EB0101F9
:10A47000C9B23E4401F140075FFA8EFE53F82770DF
:10A4800053F82110F61B06EBD67653F82E70019682
:10A4900053F82560F61B019F06EB6706214F361225
:10A4A0003E7053F82C6053F82A704035F61B0EF1BD
:10A4B000400E711A8A1A53F8251053F82E50A0EB4B
:10A4C0001420294402EBD272C0B201EB6202803048
:10A4D000154909F1800912120A7053F8202053F827
:10A4E00029301249D31A124A107892F9002043F306
:10A4F0000723002A0B7008DB0E4A02EB002212F839
:10A500000800D35C8BF800000B7003B0BDE8F08F3F
:10A51000680500206605002064050020981D0308DA
:10A52000B4190020B2190020B1190020B019002080
:10A5300044000020989D0208B3190020B51900209E
:10A540002DE9F04F4F4B504F93F90030DFF85CC1CD
:10A550004E4C4F4D85B001934E4B93F90030029312
:10A560004D4B0093002317F9012B0199DFF840A10F
:10A5700092B20CEB022212F80190029912F80180BB
:10A58000009A12F9010B0092444A164603F1400268
:10A5900080B292B20CEB002003921AF9012B815C7D
:10A5A00001EB090203F1010B52B2E254D24304F869
:10A5B0000B2016F9012B825C02EB080E4FFA8EFE7F
:10A5C00005F803E06FEA0E0E05F80BE0A2EB0802B7
:10A5D00003F1020E03F1030B52B205F80E20D24331
:10A5E00005F80B20A1EB0901039A043349B29BB291
:10A5F00004F80E1093426FEA010104F80B10CCD15D
:10A60000B3F5007FAFD1264B264FB3F800C0DFF87B
:10A610007C80DFF87CE0DFF89C90DFF89CA0DFF81E
:10A620009CB00021396008460C461EF9013B18F920
:10A63000012B1B0112010CFB03F30CFB02F21B0CA0
:10A64000120C03F50066B6B202F500650096ADB2D5
:10A65000154E755D009E19F806603543032D07D130
:10A66000A03278332AF810202BF810300121013065
:10A670000134A4B2B4F5007FD7D101B1386005B080
:10A68000BDE8F08FB319002090190020701700204A
:10A6900070150020B01900209819002070190020B2
:10A6A000460000204C000020988D0208989D02086A
:10A6B00080190020987D020870110020700D002084
:10A6C0002DE9F04F1D4BDFF890E093F900B01C4BE3
:10A6D000DFF888C093F900A01A4B1B4A93F9009049
:10A6E0001A4B93F900301F46194B002419481EF8E5
:10A6F000011B00EB01211CF8010B11F80B5011F8A4
:10A700000A60144901EB0020013410F80910C05D03
:10A7100006EB000882F80080801B05EB0108082C7E
:10A72000A1EB050183F800805070597002F102021C
:10A7300003F10203DAD1BDE8F08F00BFB1190020A8
:10A74000B4190020B219002080190020B51900208A
:10A7500070190020989D0208A8190020A019002057
:10A760002DE9F84F624B634C634D00201880634B1A
:10A770001880FFF7E1FCFFF76DFD236801332360CC
:10A78000FCF7E8FC38B10020FFF7D6FCFEF7BEFF6F
:10A7900040F6055323602268B2F5966F28D92B88BE
:10A7A000B3F5804F1BD256490878C0B140339BB2F5
:10A7B000B3F5804F2B8001D100230B7040F6B833E6
:10A7C0009A4215D90020FFF7B7FC4FF480532B8035
:10A7D0004B4B01221A7000232360BDE8F88F403BE9
:10A7E0009BB23F2B2B809EBF454B01211970E5E7A3
:10A7F000FFF7DEFDFFF764FFFFF7A2FE40F21D1634
:10A80000FFF722FAB042FBD13E4B394E3B4FD3F813
:10A8100000E000224FF0D8434FF02A084FF02B09F8
:10A820004FF02C0A9346964520D1374BDFF8E0C015
:10A83000364F1E6800224FF0D8434FF02A084FF0E1
:10A840002B094FF02C0A4FF6FF7B96422FD130494F
:10A8500027484FF4806201F0D2FF2C4927484FF47B
:10A86000806201F0CCFF274B1E6086E737F8020BB1
:10A8700036F8021BA3F800804FEA102CA3F880C022
:10A88000A3F88000A3F880C0A3F88000080AA3F80A
:10A8900000900132A3F88000A3F88010A3F8800094
:10A8A000A3F88010A3F800A0A3F880B0BBE737F8A6
:10A8B000020B3CF8021BA3F800804FEA102EA3F80D
:10A8C00080E0A3F88000A3F880E0A3F88000080AE5
:10A8D000A3F800900132A3F88000A3F88010A3F839
:10A8E0008000A3F88010A3F800A0A3F880B0ACE724
:10A8F000700900206C050020460000207005002033
:10A9000045000020480000204C000020700D002071
:10A910007011002070B5184E0446082523064CBF60
:10A920000122002215484FF40061F7F7C1F96400D5
:10A93000002201213046F7F7BBF9E4B200BF00BFA7
:10A9400000BF00BF00BF00BF00BF00BF00BF00BF0F
:10A9500000BF00BF00BF012211463046F7F7A8F93B
:10A9600000BF00BF00BF00BF00BF00BF00BF00BFEF
:10A9700000BF013DD2D170BD00040240001402406E
:10A9800010B50B4C02212046F7F78CF90028F9D0BE
:10A99000074C4FF480712046F7F784F90028F8D06F
:10A9A000044C10212046F7F77DF90028F9D010BD9E
:10A9B000000402400010024070B56420F7F720F850
:10A9C0000C4D0D4E02212846F7F76CF94FF48071BB
:10A9D00004462846F7F766F950B1B4FA84F46409DE
:10A9E00010213046F7F75EF908B1002CEAD070BDAF
:10A9F0000124F5E7000402400010024008B564207D
:10AA0000F6F7FEFFFFF7D8FF3220F6F7F9FFFFF762
:10AA1000B7FFBDE808403220F6F7F2BF08B5094895
:10AA2000FCF704FF05210846FCF736FC0648FCF756
:10AA3000A1FE05201421FCF72FFCBDE808400348C7
:10AA4000FCF798BE2C000020BFE70008D1E7000803
:10AA500038B5044600200D46FFF76EFB3221142066
:10AA6000FCF71AFC0A48FCF785FE2846094DFCF75E
:10AA700081FE21462846F5F7ABFB64211420FCF744
:10AA80000BFC2846FCF776FEBDE83840FFF7B6BF62
:10AA9000D9E700086901002038B500214FF6FF70A2
:10AAA000FCF7BEFE1F48204C204DFCF7BFFE0020E7
:10AAB000FFF742FB32211420FCF7EEFB1C48FCF7A9
:10AAC00059FE64211420FCF7E7FB21462846F5F7E0
:10AAD0007FFB2846FCF74EFEFFF752FFFFF78EFF85
:10AAE00020681449FFF7B4FF60681349FFF7B0FF0F
:10AAF000A0681249FFF7ACFFE0681149FFF7A8FF13
:10AB000020691049FFF7A4FF60690F49FFF7A0FF14
:10AB1000A0690E49FFF79CFFBDE838400020FFF711
:10AB20000BBB00BF3400002068000020690100203A
:10AB3000E1E70008F1E70008F4E70008F7E700089C
:10AB4000FAE70008FDE7000800E8000803E800084D
:10AB500008B50020FFF7F0FA6148FCF767FE4FF6F2
:10AB6000FF70FCF78FFE4FF47840FCF78BFE1E233E
:10AB70001A46C8210520FCF765FE1F20FCF782FE5F
:10AB80001E231A46C8212820FCF75CFE4FF4FC6007
:10AB9000FCF778FE1E231A46C8214B20FCF752FE14
:10ABA0004FF6FF70FCF76EFE1E231A46C8216E207A
:10ABB000FCF748FE4FF61F00FCF764FE1E231A4602
:10ABC000C8219120FCF73EFE4FF62050FCF75AFEBC
:10ABD0001E231A46C821B420FCF734FE40F2FF7051
:10ABE000FCF750FE1E231A46C821D720FCF72AFE88
:10ABF0004FF6E070FCF746FE1E231A46C821FA20E5
:10AC0000FCF720FE4FF6FF70FCF73CFE23231A46AC
:10AC1000002140F21D10FCF715FE0020FCF732FE6B
:10AC200021231A4601214FF48F70FCF70BFE4FF6DB
:10AC3000FF70FCF727FE2B48FCF7F8FDCD214FF401
:10AC40009170FCF729FB2848FCF794FD07214FF48D
:10AC50009370FCF721FB2548FCF78CFD4FF4A072A4
:10AC6000C4210020FCF7FEFD2322C6210120FCF7B1
:10AC700009FD2322C6212520FCF704FD2322C6213D
:10AC80004820FCF7FFFC2322C6216B20FCF7FAFCCE
:10AC90002322C6218E20FCF7F5FC2322C621B120F9
:10ACA000FCF7F0FC2322C621D420FCF7EBFC232286
:10ACB000C621F720FCF7E6FC2322C6214FF48D7055
:10ACC000FCF7E0FC2322C62140F23D10FCF7DAFC41
:10ACD000BDE808404FF4A072E8210120FCF7C2BD96
:10ACE0002C00002034000020F4E60008B4E900083D
:10ACF000074B00221A615A62D8621A6101221A6057
:10AD00001A69D207FCD500221A611A60704700BF89
:10AD10000010004070B50F4E0D25002400220121C7
:10AD20003046F6F7C5FF0120FFF7E2FF640004217B
:10AD30003046A4B2F6F7B6FF08B144F00104012290
:10AD400011463046013DF6F7B3FF15F0FF05E5D19A
:10AD5000204670BD0004024038B50D4D00224FF46E
:10AD600000512846F6F7A4FF0120FFF7C1FF90200D
:10AD7000FFF7D0FD0120FFF7BBFFFFF7CBFF01225C
:10AD800004464FF400512846F6F792FF204638BD9E
:10AD90000008024038B50D4D00224FF400512846FE
:10ADA000F6F786FF0120FFF7A3FFD020FFF7B2FDE3
:10ADB0000120FFF79DFFFFF7ADFF012204464FF48E
:10ADC00000512846F6F774FF204638BD00080240BF
:10ADD00070B50C460546FFF7BFFF06460120FFF79A
:10ADE00087FFFFF7D7FF2E60206070BD70B5044667
:10ADF0000EB20D380D464FF6FF7331460A2200B2EF
:10AE0000FCF730FC201D31464FF6FF730A2200B2DA
:10AE1000FCF728FC24B2A5F10D0120464FF6FF7384
:10AE20000A2209B2FCF774FB291D20464FF6FF7376
:10AE3000BDE870400A2209B2FCF76ABBF0B595B0D4
:10AE40004822002102A800F003FE4E4E02AD00246D
:10AE500001A96846FFF7BCFF009B45F8043B019B36
:10AE60002B62013402213046E4B2F6F71BFF0028C2
:10AE700067D1092CECD1DDE902531D44049B1D442C
:10AE8000DDE905321344079A1344DDE90820024442
:10AE90000A980321024495FBF1F593FBF1F3E81ABC
:10AEA000002892FBF1F2A3EB0201A2EB0504B8BF6C
:10AEB00040420029B8BF4942002CB8BF6442022872
:10AEC00044DD02294CDD022C3DDC2A4402EBD27227
:10AED000C2F34F03DDE90B4214440D9A2A4814448F
:10AEE000DDE90E121144109A03801144DDE91126A8
:10AEF0003244139E0325324494FBF5F491FBF5F1A3
:10AF0000661A002E92FBF5F2A1EB0205A2EB0407F4
:10AF1000B8BF7642002DB8BF6D42002FB8BF7F4248
:10AF2000022E21DD022D29DD022F0CDC224402EB52
:10AF3000D272C2F34F029B089208038042801248EB
:10AF400002E0092C97D0002015B0F0BD884207DA46
:10AF5000A042BADC2B4403EBD373C3F34F03B9E72E
:10AF6000A142B2DC1344F6E7AE4207DABE42DDDCB2
:10AF7000214401EBD171C1F34F02DCE7BD42D5DCC6
:10AF80001144F6E700040240B61900202DE9F04F05
:10AF9000B1F800C00F89B1F80AE0B1F806A08C88BA
:10AFA000B1F802B085B0ACEB07030093AAEB0E0337
:10AFB0000193E31B0293DDE900310546ABEB0E087C
:10AFC00001FB03F0E31B08FB1300906100284FD046
:10AFD0002B880293B5F804902B890299C81AA9EB23
:10AFE000030106460391014601984143039800FB83
:10AFF0001811116000994843E11B06FB11005060D5
:10B000000299019E09FB07F003FB140003FB0CF3FC
:10B0100001FB17330AFB03F3614309FB1C110BFB14
:10B0200000330EFB0133688893606B89E988A0EBDD
:10B030000309CD1A09FB06F605FB1866D660009ECB
:10B040007543E61B09FB1655156101FB07F503FB6C
:10B05000145503FB0CF300FB173344430AFB03F3C3
:10B060000BFB053301FB1C440EFB04335361012031
:10B0700005B0BDE8F08FF0B505469069B8B1D2E9EA
:10B0800000644B880F885C4306FB07449668344491
:10B0900094FBF0F42C80D2E903460988526973438B
:10B0A00004FB0133134493FBF0F301206B80F0BDEC
:10B0B0002DE9FF41744D754801224FF40051F6F718
:10B0C000F7FD2B79022B02D00020FFF74FF800206C
:10B0D000FFF732F89FED6E0A6E4B6F4A6F4E704F5E
:10B0E000DFF8B0813C210A20FBF716FFFFF764FC74
:10B0F0000020FFF721F84FF6FF74B3EE090A654B05
:10B10000684ACB21FA20FCF71BF8CA2340F23F1211
:10B11000C821EF200094FCF74FF9EF231846F122E5
:10B12000C8210094FCF748F97821A020FFF75EFEC3
:10B130001E214FF49170FFF759FED2211E20FFF718
:10B1400055FED221A020FFF751FE78211E20FFF7E7
:10B150004DFE78214FF49170FFF748FEFFF72CFC6D
:10B16000FFF76CFE04460028FAD00220F6F748FCF0
:10B1700021883046F5F747F861883846F5F743F8F7
:10B180001421502373220846FEF799FF41F24463CD
:10B190004FF0D8424FF00001013BA2F88010FBD1E4
:10B1A0001421B3EE040A434632460846FBF7B4FEC8
:10B1B00043463A463221B3EE040A1420FBF7ACFEB4
:10B1C000394A214603A8FFF756FF2B88BDF80C200B
:10B1D0009A4288BF03F1FF336A8888BFADF80C300C
:10B1E000BDF80E30934284BF02F1FF32ADF80C205F
:10B1F0002A79022A09D1BDF80C20C3F1F003C2F567
:10B20000A072ADF80C20ADF80E30BDF80C10304631
:10B21000F4F7F9FFBDF80E103846F4F7F4FF5023A9
:10B22000D72214217820FEF74AFF41F244644FF000
:10B23000D8434FF00002013CA3F88020FBD1B3EECD
:10B24000040A4346324614217820FBF765FE434644
:10B25000B3EE040A3A4632217820FBF75DFEBDF8D2
:10B260000E30C82B7FF67AAFBDF80C30F02B7FF68E
:10B2700075AFFFF785FBFA20F6F7C2FB204604B056
:10B28000BDE8F041FEF758BF3C0000200008024036
:10B2900000002042AED701080BE800086901002039
:10B2A0005C01002014E80008680000202DE9F84344
:10B2B0000020FEF75BFF00224FF400515448554E2A
:10B2C000554DDFF88091554FF6F7F2FC0A20F6F75E
:10B2D00097FB01224FF400514D48F6F7E9FC0A2094
:10B2E000F6F78EFB4FF4FA60F6F78AFB4FF0000892
:10B2F0004B48FCF79BFA0020FEF71EFF00214FF69B
:10B30000FF70FCF78DFA05210846FBF7C5FF45489D
:10B31000FCF730FA4846FCF789FA5F210020FBF77A
:10B32000BBFF4148FCF726FA1420F6F769FB718849
:10B330003088FFF75BFDFFF723FB4FF4FA70F6F759
:10B340005FFBFFF739FB4FF4FA60F6F759FBFFF7A5
:10B3500075FD04460028FAD003882B8043886B8053
:10B360000020FEF7E9FE21883846F4F74CFF4846F6
:10B37000FCF75CFA46210020FBF78EFF2B48FCF718
:10B38000F9F93846FCF7F6F92948FCF7F3F9618832
:10B390003846F4F738FF3846FCF7ECF908F10108B5
:10B3A000FFF7EEFA2348FCF7E5F9FFF705FBFFF797
:10B3B000E7FAB8F1030F06F1040605F1040597D189
:10B3C0001D4A15491348FFF7E1FD0020FEF7B4FEC2
:10B3D0004FF47A70F6F714FB02211848F6F762FC76
:10B3E0004FF4807104461548F6F75CFC70B1B4FA6E
:10B3F00084F4640912481021F6F754FC00B10CB132
:10B40000FFF74AFBBDE8F843FFF752BE0124F1E71E
:10B4100000080240500000205C000020690100206C
:10B420002C00002018E800083DE800084CE800085F
:10B4300056E8000861E800086800002000040240A7
:10B440000010024034000020F8B5FFF731FEFFF78E
:10B450007FFBFFF7E3FA5D4D5D4E5E4C4FF480716C
:10B460002846F6F71FFC28B9FFF716FBFFF770FB1D
:10B47000FFF7D4FA10213046F6F714FC28B9FFF78D
:10B480000BFBFFF765FBFFF7C9FAFFF7D7FC524A42
:10B4900001465048FFF7EFFD504922880B889A4239
:10B4A00088BF03F1FF334A8888BF238063889342B3
:10B4B00084BF02F1FF3222800A79022A06D1228853
:10B4C000C3F1F003C2F5A072228063806188222953
:10B4D00018D82388B3F58F7F14D3FCF7ADF9044651
:10B4E0000020FEF729FE2046FCF7CCF9374C02215C
:10B4F0002046F6F7D7FB0028F9D0BDE8F840322007
:10B50000F6F77EBA8B1EBB2B0AD82088831EB3F5B4
:10B510009E7FA3D2022209B200B2FCF7ADF99DE7EB
:10B52000BE3928299AD82388A3F1B4021E2A04D848
:10B530004FF62050FCF7A6F990E7A3F1D7021E2A98
:10B5400002D840F2FF70F5E7A3F1FA021E2A02D8F2
:10B550004FF6E070EEE75A1F1E2A02D84FF47840EB
:10B56000E8E7A3F128021E2A01D81F20E2E7A3F191
:10B570004B021E2A02D84FF4FC60DBE7A3F16E02F7
:10B580001E2A02D84FF6FF70D4E7A3F191021E2ABB
:10B5900002D84FF61F00CDE76FF48E7213441E2BB6
:10B5A0003FF65CAFFCF748F90746FFF7D1FA38469B
:10B5B000FCF768F9054F02213846F6F773FB0028BF
:10B5C000F9D03220F6F71CFA48E700BF0004024029
:10B5D00000100240BA190020680000203C00002042
:10B5E0001FB514461A46094B1B680546D8684CB16E
:10B5F000074B0091CDE9013406492B4600F070F964
:10B6000001F00BF9044B1C46F3E700BF9800002043
:10B6100072E800087FE80008ADE80008024B014628
:10B62000186800F02DB800BF98000020024B0146BA
:10B63000186801F001B900BF9800002070B50F4EE6
:10B640000C463168054611B901F080F8306021469A
:10B65000284601F07BF8431C03D14FF0FF3420460D
:10B6600070BDC41C24F00304A042F8D0211A28465F
:10B6700001F06CF80130F2D1EFE700BFC0190020F3
:10B680002DE9F843CD1C25F0030508350C2D38BFF6
:10B690000C25002D064601DBA94204D90C2333609A
:10B6A0000020BDE8F883DFF8D48000F069F8D8F80E
:10B6B00000301C4644BB29463046FFF7BFFF431C01
:10B6C000044658D1D8F800402746002F43D1002C1B
:10B6D0004BD023683946304604EB030901F036F8B5
:10B6E000814542D121686D1A29463046FFF7A6FFF1
:10B6F00001303AD023682B442360D8F800305A68D0
:10B7000062BBC8F800700FE02268521B20D40B2ADD
:10B7100017D96119A342256018BF5960636808BF33
:10B72000C8F8001062514B60304600F02FF804F169
:10B730000B00231D20F00700C21A1CBF1B1AA350C8
:10B74000AFE76268A3420CBFC8F800205A60EBE77D
:10B7500023466468AEE73C467F68B6E71A465B68F6
:10B76000A342FBD100235360DEE70C233360304655
:10B7700000F00CF894E70560D6E700BFC41900207C
:10B78000014801F031B800BF2E1B0020014801F034
:10B790002DB800BF2E1B0020002310B50446C0E9C1
:10B7A0000033C0E90433836081814366C2818361D1
:10B7B000194608225C3000F04BF90D4B63620D4BCB
:10B7C000A3620D4BE3620D4B23630D4B24629C423D
:10B7D00006D003F16802944202D0D0339C4205D1D6
:10B7E00004F15800BDE8104000F0FCBF10BD00BFE0
:10B7F00085B90008ABB90008E3B9000807BA00082A
:10B80000C8190020024A0349034800F07BB800BF72
:10B81000840000209DD300089C00002041680C4B50
:10B82000994210B5044601D001F0B8FDA168094B5A
:10B83000994202D0204601F0B1FDE168064B9942E1
:10B8400004D02046BDE8104001F0A8BD10BD00BFE7
:10B85000C8190020301A0020981A002010B50B4B90
:10B860000B4C0C4A1A60204600220421FFF794FF7B
:10B8700004F1680001220921FFF78EFF04F1D000D6
:10B880000222BDE810401221FFF786BF001B0020F6
:10B89000C819002005B80008014800F0A5BF00BF86
:10B8A0002F1B0020014800F0A1BF00BF2F1B00206C
:10B8B00010B50446FFF7F0FF236A1BB1BDE8104046
:10B8C000FFF7F0BF044B2362044B1B68002BF5D13C
:10B8D000FFF7C4FFF2E700BF1DB80008001B0020FF
:10B8E0000EB403B5014603AB054853F8042B0068BA
:10B8F000019301F02BFA02B05DF804EB03B070473E
:10B90000980000202DE9F843074688461446002693
:10B91000D4E90195B9F1010905D52468002CF7D1C6
:10B920003046BDE8F883AB89012B07D9B5F90E3055
:10B93000013303D029463846C04706436835E9E756
:10B940000EB410B59DB01FAB029006906FF0004191
:10B950000A48079104910A4953F8042B05910024E1
:10B9600002A9006801931B9401F0CAF8029B1C70A5
:10B970001DB0BDE8104003B0704700BF9800002024
:10B980000802FFFF10B50C46B1F90E1000F0CCFE16
:10B990000028ABBF636DA3891B1823F48053ACBF91
:10B9A0006365A38110BD002070472DE9F0411F465B
:10B9B0008B89DB0505460C46164605D5B1F90E10F8
:10B9C0000223002200F09EFEA389B4F90E1023F496
:10B9D0008053A38132463B462846BDE8F04100F043
:10B9E000C5BE10B50C46B1F90E1000F08BFE431C1D
:10B9F000A38915BF606523F4805343F48053A3816A
:10BA000018BFA38110BDB1F90E1000F06BBE00008D
:10BA100010B59AB00024009104916FF00041059197
:10BA20000291054903916946199401F069F8009B58
:10BA30001C701AB010BD00BF0802FFFF13460A4673
:10BA4000014602480068FFF7E3BF00BF98000020EE
:10BA500002440346934200D1704703F8011BF9E703
:10BA6000801A08B561EB0301F4F7E8FD41EC100B17
:10BA700008BD000038B50B4B1D686B6B044653B90D
:10BA80002420FFF7CBFD0246686320B9064B074828
:10BA90003D21FFF7A5FD696B2046BDE8384000F069
:10BAA00007B800BF98000020AEE80008C5E800080D
:10BAB0002DE9F0414D4A0C460023D0E90001F5F78D
:10BAC00013F9002ABCBF02F5A83202F5C0724FF488
:10BAD000616100F52F20B2FBF1F301FB13224FF05F
:10BAE0003C01ACBF00F66C2000F66B20A360B2FBFB
:10BAF000F1F301FB132263602260C31C072293FB56
:10BB0000F2F2C2EBC2029B1A394955D50733A36141
:10BB1000A0F50E33A3F52C7393FBF1F1354B03FB2A
:10BB2000010048F6AC63B0FBF3F3034440F2B45CAD
:10BB3000B0FBFCF29B1A40F26D172F4AB0FBF2F2F9
:10BB400064269B1AB3FBF7F2B3FBFCF3B2FBF6F5EA
:10BB5000EB1A034407FB1233992003EB83070237E8
:10BB600003F1010EB7FBF0FC00FB0CF002304FF0CC
:10BB70000508B0FBF8F0AEEB000040F2F95E774547
:10BB80008CBF6FF00907022767444FF4C87C0CFB99
:10BB90000121012F98BF0131B3F5997F12D3A3F58D
:10BBA0009973E361A1F26C710023E060C4E9047150
:10BBB00023622046BDE8F0810028A361A8DB90FB4A
:10BBC000F1F1ABE712F0030F02D106FB15255DB9C9
:10BBD0004FF4C875B2FBF5F605FB1622B2FA82F2F5
:10BBE00052093B331344DCE70122FAE7805101009C
:10BBF000B13A02004FC5FDFFB03A0200F7B5016847
:10BC00003B29044611D93C22684600F00DFE019AFA
:10BC100063680099002A0B446360BBBF3C3203F1A8
:10BC2000FF3322602260B8BF636061683B2911D98D
:10BC30003C22684600F0F8FD019AA3680099002AAA
:10BC40000B44A360BBBF3C3203F1FF336260626010
:10BC5000B8BFA360A168172911D91822684600F05F
:10BC6000E3FD019AE3680099002A0B44E360BBBF3F
:10BC7000183203F1FF33A260A260B8BFE36021690C
:10BC80000B2911D90C22684600F0CEFD019A636998
:10BC90000099002A0B446361BBBF0C3203F1FF33F0
:10BCA00022612261B8BF636163699A071CD1642174
:10BCB00093FBF1F201FB1232C2B903F26C734FF441
:10BCC000C87293FBF2F102FB1133002B0CBF1D2352
:10BCD0001C23E268002A0BDC314D0B206421E6684E
:10BCE000002E30DD03B0F0BD1C23F2E71D23F0E78A
:10BCF0002B4DD4E90312012A14BF55F8220018462F
:10BD00008142EFDD0132091A0C2AE1602261F0D193
:10BD1000636900215A1C2161910762613CD1642151
:10BD200092FBF1F001FB1022002A37D103F26D7370
:10BD30004FF4C87293FBF2F102FB1133002B0CBFDE
:10BD40001D231C23D5E72269013A2261013216D155
:10BD500063695A1E9707C4E9040219D192FBF1F7EF
:10BD600001FB1722B2B903F26B734FF4C87293FB55
:10BD7000F2F702FB1733002B0CBF1D231C23226993
:10BD8000012A14BF55F822201A463244E260A6E781
:10BD90001C23F4E71D23F2E71C23AAE71D23A8E7D1
:10BDA000C82503082DE9F04F85B0074601F03AFC9D
:10BDB00081463846FFF722FFD7E900433C2202FBC9
:10BDC0000344BB687D694FF4616202FB0344D7E919
:10BDD0000363C34A52F82320013E012B164411DDB0
:10BDE000A9070FD1642295FBF2F302FB135343B969
:10BDF00005F26C734FF4C87293FBF2F102FB11333E
:10BE000003B9013605F51C53103344F62062934202
:10BE1000FE6100F27081462D40F3B680462340F269
:10BE20006D1C64214FF4C8709A0740F0A78093FB03
:10BE3000F1F201FB1232002A40F0A38003F26C728F
:10BE400092FBF0FE00FB1E22002A0CBF4FF4B772DB
:10BE5000624601339D421644E6D1A24B4FEAE47894
:10BE6000C6FB034800F00AFA00F014FA9E4B1B6868
:10BE7000002B00F04781D7F820A078695346012BAA
:10BE8000A8BF01230193D9F8043000F26C708342FB
:10BE900040F0BD80D9E90821D9F85000D9F84CC04C
:10BEA000131A0393D9F848300293029AD9F828302C
:10BEB00061EBE07BB2EB030E6CEBE371744578EB66
:10BEC000010280F2C780D9F80020002A00F0D0805B
:10BED000039A944278EB0B02C0F21181744578EB1F
:10BEE0000101B4BF4FF0010B4FF0000BBAF1000F8E
:10BEF000C0F29480019A82EA0B0ABAF1010F40F075
:10BF00008D80BBF1000F00F0C2801B1A3A681A4402
:10BF10001C193A603846FA68019248EBE378FFF75B
:10BF20006DFEFB68019A9B1A78D0012B00F3B1805B
:10BF3000B3F1FF3FA8BF9A46FB691AEB03035644CF
:10BF400040F1B0806B1E990740F0A680642293FBFD
:10BF5000F2F102FB1133002B40F0A1804FF4C873C3
:10BF600005F26B7595FBF3F203FB1255002D40F2C1
:10BF70006D1318BF4FF4B673FB614FE040F26D12C2
:10BF800067E74FF4B77264E73FF467AF452340F2C9
:10BF90006D1C64214FF4C87012E062BB93FBF1F298
:10BFA00001FB123252BB03F26C7292FBF0FE00FBFB
:10BFB0001E22002A0CBF4FF4B7726246B61A013B2C
:10BFC0009D4203F00302E8DBDAB9642295FBF2F349
:10BFD00002FB1353C3B905F26C734FF4C87293FBA1
:10BFE000F2F102FB1133002B40F26D1308BF4FF446
:10BFF000B773F61A31E740F26D12DFE74FF4B7720C
:10C00000DCE740F26D13F4E74FF4B773F1E700F0AB
:10C0100081F800287FF43EAFDDF804B0BBF1010FDA
:10C0200072D1D9F850301C1948EBE3784FF0010B6E
:10C0300000F02AF90436072396FBF3F3C3EBC3039E
:10C04000F61A56D4C7F820B0BE612046414605B066
:10C05000BDE8F08F029A121A02924FEAE0726CEB7E
:10C06000020C029A944278EB0C0CBFF62CAFD3E78B
:10C07000039A944278EB0B02FFF630AFBAF1000F4F
:10C08000CFDB4FF0010B35E74FF0000B32E7C31A5F
:10C090003CE74FF0FF3A4FE74FF4B6736CE740F2DE
:10C0A0006D1369E7AA0717D1642195FBF1F201FB33
:10C0B0001252DAB94FF4C87205F26C7595FBF2F1C1
:10C0C00002FB1155002D40F26D1208BF4FF4B772FC
:10C0D0009342A8BF9B1A4FE740F26D12F8E700BFEA
:10C0E0009825030880510100241B00204FF4B772EB
:10C0F000EEE70736A6E74FF0FF34A046A5E7BAF112
:10C10000000FC1DA4FF0000BD9F828301C1948EBAA
:10C11000E3788DE72DE9F843044601F083FA40F215
:10C12000B1739C4240F3A3806FF4F6616518A4F2EA
:10C13000B27340F26D12AD1002FB03556FF4C86686
:10C140006FF06302A4F26D7393FBF2F31D44A31925
:10C15000484E44604FF4C8720146B3FBF2F300F15D
:10C1600050071D440B7AD1F814C04A2B38D1A207CE
:10C1700005EB0C0306D14FF0640E94FBFEF20EFBB0
:10C18000124232B94FF4C87E94FBFEF20EFB12420B
:10C190001ABBBCF13B0FD4BF4FF0000C4FF0010CA9
:10C1A0006344013B8A694FEAE27CC3FB062C8B6A3D
:10C1B000D2184CEBE373C1E9082328318F42D1D167
:10C1C000D0E90843D0E912128C429341B4BF012355
:10C1D000002303600120BDE8F8834FF0000CDFE787
:10C1E000442B02D105EB0C03DCE7A30705D1642245
:10C1F00094FBF2F302FB134393BB4FF4C87294FB1E
:10C20000F2F302FB1343B3FA83F35B09DFF868E050
:10C21000D1F80C905B4203F030032A464FF000083F
:10C22000734408F10108C14553F828E01ADC02F113
:10C230000408072398FBF3F3C3EBC303A8EB030342
:10C24000BCEB030C0B6903F1FF3348BF0CF1070C87
:10C25000C3EBC3039C44F44506DA02EB0C03A1E7ED
:10C260000123D3E77244DCE7ACF1070CF3E70020CD
:10C27000B1E700BF80510100F8260308014800F033
:10C28000B2BA00BF2C1B0020014800F0AEBA00BFBC
:10C290002C1B0020014B186800F002B89800002009
:10C2A0002DE9F04F8DB0074601F0BCF9BC49BD4DFA
:10C2B0000446384600F046FB064610BBBA4BBB4A64
:10C2C0001860BB4BA0621860BA4B2065C3E900221E
:10C2D0004A2100220023C4E90300C4E90500C4E99F
:10C2E0000D00C4E90F00C4E90823C4E9122328683B
:10C2F000217284F83010FFF799F92E600DB0BDE877
:10C30000F08F2968002940F08E802868FFF78EF9A9
:10C310003046F3F7A7FF411C3846FFF7B1F9286014
:10C32000002840F08680A24ADFF88882DFF878A2F1
:10C3300000231360A04ACAF8003000200021C8E999
:10C340000022C4E90333C4E90533C4E90801C4E9A0
:10C350000D33C4E90F33C4E912014A222272A362E9
:10C3600084F83020236533783A2B08BF01363378C0
:10C370003C2B62D1751C914A91490AAB284601F0C9
:10C3800035F80028BADD0A9BDA1E072AB6D8EB5C1E
:10C390003E2BB3D102360A9BF518F35C2D2B5AD1F4
:10C3A00001354FF0FF390023ADF81E30ADF82030D5
:10C3B00008AF0AABCDE9013703930DF11E030093DB
:10C3C00080490AAB07AA284601F010F8002895DD3D
:10C3D000BDF81E30BDF820603C2202FB0366BDF8AC
:10C3E0001C304FF4616202FB03660A9B09FB06F6F0
:10C3F00005EB0309EB5C3C2B40F0EE8009F10105F5
:10C40000714A6F490AAB284600F0F0FF002828DC8B
:10C4100099F801303E2B24D1684BA662C8E900335D
:10C42000CAF800606AE7F3F713FF00287FF46DAFE6
:10C4300064E7314600F0DBF975E7604A63490AAB0F
:10C44000304600F0D3FF00287FF758AF0A9B033B2C
:10C45000072BA0D952E72B2B08BF01354FF001095C
:10C46000A1E70A9BDA1E072A3FF648AFEB5C3E2B9A
:10C470007FF444AF09F102090A9B09EB030519F89F
:10C4800003302D2B40F0B78001354FF0FF390023EA
:10C49000ADF81C30ADF81E30ADF820300A930AAB71
:10C4A000CDE9027301930DF11E03009345490AABD8
:10C4B00007AA284600F09AFF002800F3A280A6F5FC
:10C4C000616304930A9B27461D444FF0000B2B78B1
:10C4D0002C2B08BF013595F80090B9F14D0F40F0B5
:10C4E000A3800AAB0DF12602CDE9013209AA009220
:10C4F000374903930DF12202284600F077FF032805
:10C500007FF4FCAEBDF822104B1E0B2B3FF6F6AEAF
:10C51000BDF82420531E042B3FF6F0AEBDF82630A4
:10C52000062B3FF6EBAEC7E9031287F808907B6154
:10C530000A9B05EB030900254FF00203ADF81C3000
:10C54000ADF81E50ADF820500A9599F800302F2B09
:10C5500040F096800AAB08AACDE901320DF11E0227
:10C5600000921C49039307AA484600F03FFFA842E7
:10C5700000F386804A2100220023C4E90355C4E960
:10C580000555C4E90823C4E90D55C4E90F55C4E9AC
:10C5900012232172A56284F830102565AEE600BF33
:10C5A0001DE90008041B0020201B002020E90008D2
:10C5B000241B002090000020ADE80008141B002080
:10C5C00024E9000859E90008081B002037E90008A1
:10C5D00045E9000858E900083E4A3F490AAB484689
:10C5E00000F004FF00287FF717AF0A9B033B072BDF
:10C5F0007FF642AF82E62B2B08BF01354FF00109D1
:10C6000045E7BDF81E20BDF820303C2101FB023378
:10C61000BDF81C204FF4616101FB023309FB03F3F9
:10C620004FE74FF0010B52E7B9F14A0F06BF013552
:10C630004B4644230A220BA92846059300F0FAF939
:10C64000DDF82C90059BADF82600A94514D14D23AB
:10C65000BBF1000F07D1237203210223C4E90313A6
:10C66000C4F814B067E784F830300B220123C4E922
:10C670000D230023E3635EE780B23B7278615AE7E3
:10C68000BDF81E20BDF820303C2101FB0233BDF86F
:10C690001C204FF4616101FB0233BB610A9D283706
:10C6A0004D44BBF1000FBCD0049B23650B4BC8F875
:10C6B00000306068074BA662C8F80430FFF72AFD17
:10C6C000A26A236DCAF800209B1A054A18BF0123ED
:10C6D000136013E6081B002037E90008141B002034
:10C6E000241B002038B5064D0023044608462B6065
:10C6F000F5F7D6F8431C02D12B6803B1236038BD8F
:10C70000281B002038B5074D044608461146002274
:10C710002A601A46F5F7CEF8431C02D12B6803B104
:10C72000236038BD281B002038B5074D0446084655
:10C73000114600222A601A46F5F796F8431C02D1EA
:10C740002B6803B1236038BD281B002038B5064D87
:10C750000023044608462B60F5F7AEF8431C02D1CF
:10C760002B6803B1236038BD281B002038B5074D66
:10C7700004460846114600222A601A46F5F782F858
:10C78000431C02D12B6803B1236038BD281B002055
:10C79000014B1868704700BF9800002070B50D4D20
:10C7A0000D4C641BA4100026A64209D10B4D0C4C65
:10C7B00001F01EFE641BA4100026A64205D170BD28
:10C7C00055F8043B98470136EEE755F8043B984787
:10C7D0000136F2E77827030878270308782703084B
:10C7E0007C270308704770477047704770470346BF
:10C7F00011F8012B03F8012B002AF9D170470A44E4
:10C80000914200F1FF3300D1704710B511F8014B90
:10C8100003F8014F9142F9D110BD08B5062000F090
:10C82000F9FE0120F5F71AF810B591FBF2F402FBBE
:10C8300014110460416010BD38B50546002941D08F
:10C8400051F8043C0C1F002BB8BFE418FEF798FF0A
:10C850001D4A136833B9636014602846BDE8384048
:10C86000FEF794BFA34208D9206821188B4201BF6C
:10C8700019685B6809182160EDE71A465B680BB11F
:10C88000A342FAD911685018A0420BD12068014484
:10C89000501883421160E0D118685B685360084407
:10C8A0001060DAE702D90C232B60D6E72068211844
:10C8B0008B4204BF19685B68636004BF091821607C
:10C8C0005460CAE738BD00BFC41900202DE9F84FF5
:10C8D000DFF86CA006468946174600F0BBFEDAF882
:10C8E000004034B14B46984613F8012B3AB13D2A2B
:10C8F000F9D1304600F0B4FE0020BDE8F88FA8EB77
:10C900000908A34654F8040B0028F2D042464946D1
:10C9100000F046FE0028F4D154F8043C03EB08056F
:10C9200013F808303D2BECD1DAF80030ABEB030301
:10C930009B1030463B6000F093FE681CDDE700BFB3
:10C940000000002007B501AAFFF7C0FF03B05DF8A3
:10C9500004FB00002DE9F043344E86460D46284680
:10C9600015F8014B375D17F00807F8D12D2C10D1C1
:10C970002C780127851C33F0100015D1302C0DD1F7
:10C98000287800F0DF00582808D16C780235102391
:10C990000AE02B2C04BF2C78851CECE7002BF6D189
:10C9A000302C14BF0A2308234FF0FF380026B8FBB1
:10C9B000F3F803FB08F96FEA09093046A4F1300CDB
:10C9C000BCF1090F10D86446A3421EDDB6F1FF3F4B
:10C9D00007D0804516D301D1A14513DB00FB0340EE
:10C9E000012615F8014BE9E7A4F1410CBCF1190F40
:10C9F00001D8373CE8E7A4F1610CBCF1190F04D869
:10CA0000573CE1E74FF0FF36EBE7731C06D12223DA
:10CA1000CEF80030304632B9BDE8F08307B140426D
:10CA2000002AF9D006B1691E1160F5E7F92503085F
:10CA3000FFF790BF13460A46014602480068FFF719
:10CA400089BF00BF980000202DE9F0478E681F467F
:10CA5000BE420B6882460C4690462DD8B1F90C2098
:10CA600012F4906F26D06569096905EB4505A3EBC3
:10CA7000010905EBD5757B1C4B446D109D4238BFF9
:10CA80001D46530527D52946FEF7FAFD064660B335
:10CA900021694A46FFF7B3FEA38923F4906343F06C
:10CAA0008003A381266165614E44A5EB09052660DC
:10CAB000A5603E46BE4200D93E4620683246414609
:10CAC00000F054FDA3689B1BA360236833442360DC
:10CAD0000020BDE8F0872A4600F0C8FD0646002881
:10CAE000E0D121695046FFF7A7FE0C23CAF80030B9
:10CAF000A38943F04003A3814FF0FF30E9E7000032
:10CB00002DE9F04F98468B891B069DB007460D46D0
:10CB1000144610D50B6973B94021FEF7B1FD2860AA
:10CB2000286130B90C233B604FF0FF301DB0BDE8E9
:10CB3000F08F40236B610023099320238DF8293067
:10CB4000CDF80C803023DFF89C818DF82A304FF02F
:10CB5000010923469A4613F8012B0AB1252AF9D177
:10CB6000BAEB040B0BD05B46224629463846FFF74A
:10CB70006BFF013000F0A780099A5A4409929AF895
:10CB80000030002B00F09F8000234FF0FF32CDE9F2
:10CB900005230AF1010A049307938DF853301A9381
:10CBA0005446052214F8011B4E48F3F769FB049A1A
:10CBB000D8B9D00644BF20238DF85330110744BFA5
:10CBC0002B238DF853309AF800302A2B15D0079A72
:10CBD000544600204FF00A0C214611F8013B303B2F
:10CBE000092B4BD9B0B1079214E0A0EB080309FA66
:10CBF00003F313430493A246D2E7039B191D1B685A
:10CC00000391002BBBBF5B4242F0020207930793E4
:10CC1000B8BF049223782E2B0AD163782A2B32D105
:10CC2000039B1A1D1B68039243EAE37302340593C6
:10CC3000DFF8C0A0217803225046F3F721FB38B17A
:10CC4000049BA0EB0A00402282401343013404936A
:10CC500014F8011B24488DF828100622F3F710FB66
:10CC6000002836D0214B1BBB039B073323F007035F
:10CC700008330393099B334409936AE70CFB0232A0
:10CC80000C460120A8E700230134059319464FF014
:10CC90000A0C204610F8012B303A092A03D9002B40
:10CCA000C6D00591C4E70CFB012104460123F0E73F
:10CCB00003AB00932A460E4B04A93846AFF300801D
:10CCC000421C0646D6D1AB895B063FF52DAF0998CD
:10CCD0002CE703AB00932A46054B04A9384600F025
:10CCE000BBF9EDE76BE9000875E9000800000000FA
:10CCF00049CA000871E900089368013B002B10B491
:10CD0000936008DA9469A34201DB0A2903D15DF834
:10CD1000044B00F097BB1368581C1060197008464C
:10CD20005DF8044B7047F8B506460F461446D51813
:10CD3000AC4201D1002007E014F8011B3A4630460E
:10CD4000FFF7DAFF431CF3D1F8BD00002DE9F04FE7
:10CD50000D469DB014469846064618B1036A0BB9B5
:10CD6000FEF7A6FD6B6ED90705D4AB899A0502D4F0
:10CD7000A86DFFF739FDAB891B0701D52B699BB95E
:10CD80002946304600F09CFB70B16B6EDC0704D581
:10CD90004FF0FF301DB0BDE8F08FAB899805F7D498
:10CDA000A86DFFF723FDF3E70023099320238DF8F7
:10CDB0002930CDF80C803023DFF8AC818DF82A3093
:10CDC0004FF0010923469A4613F8012B0AB1252A90
:10CDD000F9D1BAEB040B0BD05B462246294630460C
:10CDE000FFF7A1FF013000F0A780099A5A44099289
:10CDF0009AF80030002B00F09F8000234FF0FF32A4
:10CE0000CDE905230AF1010A049307938DF8533005
:10CE10001A935446052214F8011B5348F3F730FACD
:10CE2000049AD8B9D10644BF20238DF85330130794
:10CE300044BF2B238DF853309AF800302A2B15D09D
:10CE4000079A544600204FF00A0C214611F8013B86
:10CE5000303B092B4BD9B0B1079214E0A0EB08038B
:10CE600009FA03F313430493A246D2E7039B191D67
:10CE70001B680391002BBBBF5B4242F00202079389
:10CE80000793B8BF049223782E2B0AD163782A2BFC
:10CE900032D1039B1A1D1B68039243EAE3730234E9
:10CEA0000593DFF8D4A0217803225046F3F7E8F980
:10CEB00038B1049BA0EB0A004022824013430134A6
:10CEC000049314F8011B29488DF828100622F3F763
:10CED000D7F900283FD0264B1BBB039B073323F019
:10CEE000070308330393099B3B4409936AE70CFB50
:10CEF00002320C460120A8E70023013405931946AD
:10CF00004FF00A0C204610F8012B303A092A03D9B9
:10CF1000002BC6D00591C4E70CFB01210446012378
:10CF2000F0E703AB00932A46124B04A93046AFF357
:10CF300000800746781CD6D16B6ED90705D4AB8923
:10CF40009A0502D4A86DFFF751FCAB895B063FF54B
:10CF50001FAF09981EE703AB00932A46054B04A9AF
:10CF6000304600F079F8E4E76BE9000875E900085D
:10CF70000000000027CD000871E900082DE9F04706
:10CF8000164698468A680B69DDF820909342B8BF30
:10CF90001346336091F8432007460C460AB101332B
:10CFA00033602368990642BF3368023333602568D3
:10CFB00015F0060506D104F1190AE36832689B1AD8
:10CFC000AB4226DC94F843302268003B18BF0123B3
:10CFD00092062BD404F1430241463846C84701303B
:10CFE0001ED02368226903F00603042B02BFE56804
:10CFF0003368ED1AA3680CBF25EAE5750025934256
:10D00000C4BF9B1AED1800261A34B5421AD100206D
:10D0100008E00123524641463846C847013003D153
:10D020004FF0FF30BDE8F0870135C6E7E1185A1C24
:10D03000302081F84300224494F8451082F84310D0
:10D040000233C7E70123224641463846C84701302C
:10D05000E6D00136D9E700002DE9FF470F7E0C9E90
:10D06000782F914680460C469A4601F1430207D834
:10D07000622F0AD8002F00F0D180582F00F0B8801E
:10D0800004F1420684F842703AE0A7F16303152BDD
:10D09000F6D801A151F823F0F1D0000805D100081D
:10D0A00081D0000881D0000881D0000881D000081C
:10D0B00005D1000881D0000881D0000881D0000887
:10D0C00081D0000803D200082FD10008BDD100088C
:10D0D00081D0000881D0000825D2000881D0000846
:10D0E0002FD1000881D0000881D00008C5D10008E8
:10D0F00033681A1D1B68326004F1420684F842301E
:10D1000001239CE033682068191D3160060601D5B3
:10D110001D6803E04506FBD5B3F90050002D03DA86
:10D120002D236D4284F8433058480A2311E02168CA
:10D130003368080653F8045B02D4490648BFADB211
:10D140006F2F5248336014BF0A230823002184F84C
:10D1500043106668A660002E05DB21682E4321F08F
:10D16000040121604BD01646B5FBF3F103FB1157C8
:10D17000C75D06F8017D2F46BB420D46F4D9082B4A
:10D180000BD12368DF0708D5236961689942DEBFA8
:10D19000302306F8013C06F1FF36921B2261CDF8E0
:10D1A00000A04B4603AA21464046FFF7E7FE0130A8
:10D1B0004AD14FF0FF3004B0BDE8F087236843F058
:10D1C000200323603248782784F84570236831684B
:10D1D0001F0651F8045B02D45F0648BFADB2316050
:10D1E000D90744BF43F0200323601DB11023ADE7EE
:10D1F0002648E9E7236823F020032360F6E7164674
:10D20000BDE7336825686169181D30602E061B680C
:10D2100001D5196002E06806FBD51980002323615F
:10D220001646BCE733681A1D32601E68626800212A
:10D230003046F3F725F808B1801B6060636823610E
:10D24000002384F84330AAE7236932464946404622
:10D25000D0470130ADD023689B0713D4E068039B0F
:10D260009842B8BF1846A6E70123324649464046D1
:10D27000D04701309DD00135E36803995B1AAB427A
:10D28000F2DCEBE7002504F11906F5E77CE900087C
:10D290008DE90008B1F90C202DE9F041160705468B
:10D2A0000C4654D44B68002B02DC0B6C002B48DD81
:10D2B000E66A002E45D0002312F480522F68216ABE
:10D2C0002B6030D0626DA389590705D56368D21AE7
:10D2D000636B0BB1236CD21A0023E66A216A2846DD
:10D2E000B047431CA38906D129681D292BD82A4A97
:10D2F000CA40D60727D500226260D904226922607D
:10D3000004D5421C01D12B6803B96065616B2F60A5
:10D31000B9B104F14403994202D02846FFF78CFAD0
:10D32000002363630DE001232846B0470246501CEA
:10D33000C9D12B68002BC6D01D2B01D0162B1ED1B6
:10D340002F60002022E043F040031BB21BE00F6976
:10D35000002FF6D093070E6808BF4B690F6018BF07
:10D360000023A6EB07088B60B8F1000FE9DD216A06
:10D37000A66A43463A462846B047002808DCB4F976
:10D380000C3043F04003A3814FF0FF30BDE8F08143
:10D390000744A8EB0008E7E70100402038B50B6917
:10D3A00005460C4613B90025284638BD18B1036A56
:10D3B0000BB9FEF77DFAB4F90C30002BF3D0626E96
:10D3C000D00704D4990502D4A06DFFF70DFA2846C2
:10D3D0002146FFF75FFF636EDA070546E4D4A389B1
:10D3E0009B05E1D4A06DFFF701FADDE70EB470B53F
:10D3F0009DB021AC00254FF4017254F8046BADF8D8
:10D4000014201B9502900690F2F72CFF0B4B039013
:10D4100007900B480B934FF6FF73ADF8163032466A
:10D42000234602A900680F951495019400F0A6F90F
:10D430001DB0BDE8704003B0704700BFA7B9000839
:10D4400098000020F8B50E461446054618B1036A48
:10D450000BB9FEF72DFAA369A360A3891A0701D5BA
:10D46000236943B92146284600F02AF818B14FF045
:10D47000FF373846F8BD23682269981A6369F6B207
:10D480008342374605DC21462846FFF787FF002800
:10D49000EDD1A368013BA36023685A1C22601E7073
:10D4A0006269431C9A4204D0A389DB07E1D50A2EA6
:10D4B000DFD121462846FFF771FF0028D9D0D6E7F3
:10D4C00038B5294B054618680C4618B1036A0BB9E4
:10D4D000FEF7EEF9B4F90C30190722D4DA0607D4B6
:10D4E00009222A6043F04003A3814FF0FF3033E06C
:10D4F000580712D5616B41B104F14403994202D03F
:10D500002846FFF799F900236363A38923F02403D6
:10D51000A3810023636023692360A38943F0080388
:10D52000A38123694BB9A38903F42073B3F5007F6A
:10D5300003D02146284600F00BFCB4F90C3013F060
:10D5400001020AD00022A26062695242A2612269ED
:10D5500042B913F08000C5D138BD990758BF626940
:10D56000A260F4E70020F7E798000020884210B599
:10D5700001EB020402D98442234607D8431EA1428C
:10D5800008D011F8012B03F8012FF8E702440146F7
:10D590008A4200D110BD13F8014D02F8014DF7E7A2
:10D5A00010B56AB10139841810F8012B11F8013F48
:10D5B0009A4203D1A04201D0002AF5D1D01A10BD61
:10D5C0001046FCE71F2938B505460C4604D916233A
:10D5D00003604FF0FF3038BDC26B12B152F82130FA
:10D5E0004BB9284600F034F8224601462846BDE8EB
:10D5F000384000F01BB8012B0AD0591C03D1162368
:10D6000003600120E7E7002142F8241020469847F4
:10D610000020E0E7024B01461868FFF7D3BF00BFC8
:10D620009800002000487047E800002038B5074DFA
:10D6300000230446084611462B60F4F707F9431C03
:10D6400002D12B6803B1236038BD00BF281B002026
:10D65000F4F7FAB80148FFF7C7B800BF2D1B002048
:10D660000148FFF7C3B800BF2D1B00202DE9F04192
:10D67000074614460D4621B9BDE8F0411146FDF7B5
:10D68000FFBF2AB9FFF7D8F825462846BDE8F08144
:10D6900000F030FC8442064602D8B4EB500FF4D8B8
:10D6A00021463846FDF7ECFF804608B94546ECE7D1
:10D6B000B4422246294628BF3246FFF7A0F8294641
:10D6C0003846FFF7B9F8F1E738B54B1C144603D1DB
:10D6D0004FF0FF35284638BD938923F0200393810E
:10D6E000636B5268CDB28BB1A36B934208DD2368A4
:10D6F0005A1E226003F8015C636801336360E9E746
:10D70000214600F09AFB0028F1D0E1E72169236867
:10D7100051B1994208D213F8011CA94204D1013B2E
:10D72000013223606260D5E7C4E90F3204F144039B
:10D7300063630323A363234603F8465F2360012347
:10D74000DCE710B50C46496B69B104F1440399421A
:10D7500001D0FFF771F8236C63600020606313B1A0
:10D76000E36B236010BD2369236000236360A389FA
:10D7700043F02003A3814FF0FF30F3E72DE9F04F92
:10D780000C46ADF5237D0021CDE94411A649A091B9
:10D790000DF10408A549A64FCDF818810646A191C0
:10D7A000009392F80090B9F1000F00F0588117F83B
:10D7B000093013F0080302F1010519D06368002B4A
:10D7C0000FDD23681A78BA5C120701D42A46E8E70D
:10D7D000459A0132459262680133013A62602360E2
:10D7E000ECE7A19B2146304698470028E9D0EDE7B9
:10D7F000B9F1250F40F085804193439353782A2B4C
:10D8000002BF1023951C41930A22AA461AF8011B55
:10D81000A1F13003092B1ED9DFF818B203225846B4
:10D82000F2F72EFD38B1419AA0EB0B0001238340A3
:10D8300013434193554615F8013B782B06D8572BD7
:10D8400010D8252B5DD057D8002B75D003234793D4
:10D850000A23429388E0439B02FB03113039439132
:10D860005546D2E7A3F15802202AEFD801A151F87A
:10D8700022F000BF47D900084DD800084DD8000855
:10D88000A1D900084DD800084DD800084DD800088F
:10D890004DD800084DD800084DD800084DD80008D4
:10D8A000B7D900089DD90008FFD80008FFD80008A4
:10D8B000FFD800084DD8000859D900084DD80008F5
:10D8C0004DD800084DD800084DD80008C7D9000829
:10D8D00061D900083FD900084DD800084DD800088C
:10D8E000C3D900084DD800089DD900084DD80008BC
:10D8F0004DD8000847D90008453B022BA6D8052380
:10D9000031E06368002B0DDD23681A784A4540F04A
:10D91000A680013362682360459B013A013362604F
:10D92000459353E7A19B2146304698470028EBD00A
:10D930004498002840F08B804FF0FF308BE0419AF4
:10D9400042F020024192419A42F400724192102228
:10D950006E2B429202D905E000234293032302E09A
:10D9600008234293042347936368002B39DD419BCE
:10D97000590604D423681A78BA5C120738D4479B36
:10D98000022B47DC6B46224641A9304600F06CF87A
:10D99000012864D002287FF419AFC9E70A22D7E72B
:10D9A0002946404600F010FA419B43F04003419362
:10D9B00005460123D7E7419B43F0400341930023F1
:10D9C000D1E70223CFE74198C3063FF5FFAE009BA6
:10D9D000459A191D00911B68C0074CBF1A801A6038
:10D9E000F4E6A19B2146304698470028BFD09FE728
:10D9F000459A013245926268013A002A626002DD6E
:10DA000001332360B6E7A19B2146304698470028A2
:10DA1000B0D08DE7042B0FDC6B46224641A930467F
:10DA200000F07CF8B4E700BFC9D6000843D700086F
:10DA3000F925030871E900080A4B002B3FF4C6AE34
:10DA40006B46224641A93046AFF30080A0E7A38988
:10DA50005B063FF571AF0DF5237DBDE8F08F44986F
:10DA6000F9E700BF000000002DE9F84315468A6879
:10DA700080460C4632B98A69002A14BF4FF0FF3243
:10DA800001228A602268DFF89090D1065FBF1A6891
:10DA9000111D196016680027A06988B1012807D1F7
:10DAA0002B681A7863699B5C53B9002F31D022E050
:10DAB000022820D12B681B7819F803301B071AD4D1
:10DAC0002368DA065EBF2B681B7806F8013B2A68DC
:10DAD0006B6801322A60A268013B013A6B60013732
:10DAE000A26042B1002BD7DCD4F8803129464046F1
:10DAF00098470028D0D0236813F0100305D1E268BE
:10DB00000132E260A26902B1337023693B442361B0
:10DB10000020BDE8F88300BFF92503082DE9F04F88
:10DB20009846744B0C468246164693E8070087B029
:10DB300003AB83E80700704BA169704A032908BF53
:10DB40001A46A36801925A1EB2F5AE7F88BF6FF4E1
:10DB5000AE75274682BF03EB050940F25D13A36053
:10DB600057F81C3B43F4506398BF4FF00009236003
:10DB70003D464FF0000B316803AB097853F82B009A
:10DB80000222F2F77DFB28B3BBF1010F59D1626885
:10DB90002AB92268082142F400726160226022687A
:10DBA00022F4A0622260A268511EA16092B1326884
:10DBB000511C3160127805F8012B7268013A002A75
:10DBC000726007DCD4F88021314650469047002827
:10DBD00040F085800BF1010BBBF1030FCBD16368E3
:10DBE0000BB90A236360636845496069C91A00F08C
:10DBF000EBF84FF0000BA3682268002B3DD0316892
:10DC0000606991F800C010F80C00002835D0BCF114
:10DC1000300F24D1100522D50BF1010BB9F1000F03
:10DC200003D0013309F1FF39A3607368013B002B76
:10DC300073601BDD336801333360A368013BA3606D
:10DC4000D9E7BBF1020FAED1226802F4C061B1F591
:10DC5000007FC4D11021616042F48072A2E722F4F7
:10DC6000106222600B7805F8013BDEE7D4F88031C2
:10DC70003146504698470028DFD02368D9050DD596
:10DC8000BD4209D915F8011CD4F87C313246504602
:10DC9000984705F1FF394D46BD4228D0226812F061
:10DCA000100213D12A706368019E39465046B0476E
:10DCB000D8F8003021681A1DC8F8002011F0200F94
:10DCC0001B680FD01860E3680133E3602369ED1B24
:10DCD0005D442B442361002007B0BDE8F08F4FF076
:10DCE000000BCAE7CA074CBF18801860EBE7012099
:10DCF000F2E700BF24E40008F9DF000831CA000899
:10DD0000AEE9000870B50C46B1F90E10002996B0C6
:10DD100015461E460DDAA38913F0800F4FF000015F
:10DD200014BF40234FF48063002031602B6016B095
:10DD300070BD6A4600F0BCF80028ECDB019901F4E4
:10DD40007041A1F50053594259414FF48063EBE70C
:10DD50008B89F7B59D0706460C4607D504F14703A6
:10DD6000236023610123636103B0F0BD01AB6A4608
:10DD7000FFF7C8FF009F054639463046FDF780FC97
:10DD800048B9B4F90C309A05EED423F0030343F0FC
:10DD90000203A381E2E7A389206043F08003A3810B
:10DDA000019BC4E904075BB1B4F90E10304600F0E2
:10DDB00091F828B1A38923F0030343F00103A38161
:10DDC000A3891D43A581CFE770B50B7804465E2B70
:10DDD0000BBF4B784A1C8A1C002108BF0121013867
:10DDE00004F1FF0500F8011FA842FBD10BB9501E3A
:10DDF00070BD81F00101E1541046024612F8015B4A
:10DE00002D2D05D05D2D16D0002DF1D02B46F2E73B
:10DE100046785D2EFAD0B342F8DC02301A46013261
:10DE20009642A154FBDCF21A013A5D1CB342A8BF32
:10DE30000022AB18E1E71046DAE72DE9F0410C4685
:10DE4000496B04F1440399421DD14FF48061FDF701
:10DE500017FC18B94FF0FF30BDE8F0814FF4806334
:10DE6000A36394F84630606380F8FF3394F845303C
:10DE700080F8FE3394F8443080F8FD3300F2FD3032
:10DE800020600020E8E7A66B77003A46FFF7EEFB3C
:10DE900005460028DED000EB060801463246404623
:10DEA000FEF7ADFCC4E90D57C4F80080E9E70000B7
:10DEB00038B5074D00230446084611462B60F3F79A
:10DEC000F2FC431C02D12B6803B1236038BD00BFB4
:10DED000281B002038B5064D0023044608462B6059
:10DEE000F3F7E6FC431C02D12B6803B1236038BD75
:10DEF000281B002051F8043C181F002BBCBF0B58F6
:10DF0000C0187047242B2DE9F0478646904601D86B
:10DF1000012B06D1FEF73CFC162303600020BDE870
:10DF2000F08734480D462A4615F8014B065D16F079
:10DF30000806F8D12D2C10D12C780126951C33F031
:10DF4000100215D1302C0DD12A7802F0DF02582AA8
:10DF500008D16C78023510230AE02B2C04BF2C78F2
:10DF6000951CECE7002BF6D1302C14BF0A230823B4
:10DF700006F1004C0CF1FF3C0022BCFBF3F910460B
:10DF800003FB19CAA4F13007092F0FD83C46A3425E
:10DF90001BDD571C07D0814514D301D1A24511DBED
:10DFA00000FB0340012215F8014BEBE7A4F1410708
:10DFB000192F01D8373CEAE7A4F16107192F04D8DB
:10DFC000573CE4E74FF0FF32EDE7531C08D1222322
:10DFD000CEF800306046B8F1000FA0D0691E06E010
:10DFE00006B14042B8F1000F99D0002AF6D1C8F826
:10DFF000001094E7F9250308FFF784BF38B52DED2D
:10E00000028B55EC104B00F025F822462B4620469B
:10E010002946B0EE408AF0EE608AF2F7D7FD90B95B
:10E020000022002320462946F2F7A8FD58B1FEF74A
:10E03000AFFB212303600022002310461946F2F7AC
:10E0400055FC41EC180BB0EE480AF0EE680ABDEC46
:10E05000028B38BD2DE9F84F664A55EC104BAA43A8
:10E060002B46214610D1224620462946F2F714FBC2
:10E0700002460B4620462946F2F758F904460D465B
:10E0800045EC104BBDE8F88F002D0EDC25F000426A
:10E090002243F5D09DB1224620462946F2F744F9A5
:10E0A00002460B46F2F722FCE8E72A1515D10020BC
:10E0B00009E0CB0A153A4905002BFAD0F7E72A46C2
:10E0C000FAE75B000130DC02FBD5441E121BC0F1F5
:10E0D000200421FA04F423438140C3F31303A2F282
:10E0E000FF3743F48013D2075CBF5B0003EBD173AF
:10E0F0004FEA430358BF4900002603EBD1737F105A
:10E100004900162032464FF4001415199D42DEBF17
:10E110002A195B1B3619CD0F013805EB43034FEA73
:10E1200041014FEA5404F0D1054620244FF0004C41
:10E1300093420CEB000E02DC13D18E4511D8BEF1D8
:10E14000000F0EEB0C003FDA00283DDB02F1010866
:10E150009B1A8E4588BF03F1FF33A1EB0E01654486
:10E1600042464FEAD17E013C0EEB43034FEA4101A8
:10E170004FEA5C0CDCD119431BD0DFF87CA0DFF840
:10E180007CB0DAE90001DBE90023F2F7CDF8DAE947
:10E19000008902460B4640464946F2F7F9FC40B179
:10E1A000B5F1FF3FDAE90001DBE900230ED10136CA
:10E1B0002546731003F17F5303F5001303EB07515A
:10E1C0006B0843EAC67059E79046C1E7F2F7AEF82C
:10E1D000DAE9008902460B4640464946F2F7CEFC92
:10E1E00020B1AB1C08BF01360235E2E76B1C23F0FF
:10E1F0000105DEE70000F07F6827030860270308B9
:10E2000051EC100BC1F30A532DE9F041A3F2FF3694
:10E21000132E0C46054680462EDC002E11DA32A362
:10E22000D3E90023F2F782F800220023F2F7C4FCBE
:10E2300020B1002C4FDB254351D12C4621462846E6
:10E2400023E02B4F374101EA070303431DD026A3E8
:10E25000D3E90023F2F76AF800220023F2F7ACFCBE
:10E260000028EBD0002CC2BF4FF480133341E418D8
:10E2700024EA07040025E1E7332E0ADDB6F5806FB6
:10E2800003D102460B46F2F751F841EC100BBDE802
:10E29000F081A3F213434FF0FF37DF403842F4D050
:10E2A00011A3D3E90023F2F741F800220023F2F78B
:10E2B00083FC0028C2D0002C0ADD142E01D10134C9
:10E2C00006E0C6F134060123B3401D44A845F6D844
:10E2D00025EA0705B2E700254FF00044AEE7054CFC
:10E2E0000025ABE7AFF300809C7500883CE4377EE7
:10E2F000FFFF0F000000F03F51EC100BC1F30A5379
:10E300002DE9F041A3F2FF36132E0C460546804658
:10E3100034DC002E17DA32A3D3E90023F2F706F833
:10E3200000220023F2F748FC50B1002C55DA24F00B
:10E3300000442C430025AC422B4C08BF4FF0004456
:10E340002146284623E0294F374101EA07030343CA
:10E350001DD023A3D3E90023F1F7E8FF0022002317
:10E36000F2F72AFC0028EBD0002CBEBF4FF480133C
:10E370003341E41824EA07040025E1E7332E0ADDDF
:10E38000B6F5806F03D102460B46F1F7CFFF41ECA3
:10E39000100BBDE8F081A3F213434FF0FF37DF40CD
:10E3A0000742F4D00EA3D3E90023F1F7BFFF002208
:10E3B0000023F2F701FC0028C2D0002C0ADA142E48
:10E3C00001D1013406E0C6F134060123B3401D44F7
:10E3D0004545F6D325EA0705B2E700252C46AFE709
:10E3E0009C7500883CE4377E0000F0BFFFFF0F0003
:10E3F000F8B500BFF8BC08BC9E467047F8B500BF32
:08E40000F8BC08BC9E46704701
:10E4080086E700088DE7000895E700089FE7000801
:10E41800A8E70008AFE70008B8E70008B0E9000877
:10E4280078E60008B3E900080000000000000000DA
:10E43800010203040607080921696E666F2D3E6311
:10E4480066662E73697A65002E2E2F555345522F16
:10E458007374625F74727565747970652E68007480
:10E468006F705F7769647468203E3D203000626F8A
:10E4780074746F6D5F7769647468203E3D20300066
:10E4880021286F203E20622D3E73697A65207C7CAE
:10E49800206F203C203029006E203E3D2031202670
:10E4A80026206E203C3D20340069203E3D2030204F
:10E4B80026262069203C20636F756E74006F66669F
:10E4C80073697A65203E3D2031202626206F6666D6
:10E4D80073697A65203C3D2034007930203C2079EE
:10E4E8003100652D3E7379203C3D20652D3E6579D0
:10E4F800007831203E3D2078007831203C3D20785E
:10E50800007831203E3D20782B31007830203E3D88
:10E518002078202626207830203C3D20782B31207A
:10E528002626207831203E3D207820262620783166
:10E53800203C3D20782B31007A2D3E64697265635A
:10E5480074696F6E007A20213D202828766F6964EF
:10E55800202A293029007A2D3E6579203E3D2073F6
:10E5680063616E5F795F746F7000652D3E7379200B
:10E578003C3D20795F626F74746F6D20262620659C
:10E588002D3E6579203E3D20795F746F70007820BC
:10E598003E3D20302026262078203C206C656E00E9
:10E5A8006479203E3D2030006478203E3D203000D4
:10E5B80066616273286172656129203C3D20312EB5
:10E5C80030316600737931203E20795F66696E616B
:10E5D8006C2D302E30316600636D6170006C6F6396
:10E5E80061006865616400676C79660068686561E8
:10E5F80000686D7478006B65726E0047504F530069
:10E6080043464620006D617870006F7574707574AC
:10E618005F6374782E6E756D5F7665727469636575
:10E6280073203D3D20636F756E745F6374782E6E42
:10E63800756D5F7665727469636573002564002D76
:10E648006265643D70656E2B6D61642E0025303403
:10E65800642D253032642D25303264002B00444F60
:10E668004E45005345542043454E545552590030A9
:10E678003030005345542044415900534554204DEF
:10E688004F4E5448005345542059454152002530B7
:10E69800346400534554204D494E55545300534556
:10E6A8005420484F55525300534554204E4947482B
:10E6B8005400534C494445204D4F44450059455357
:10E6C800004E4F210053455420524F544154494F56
:10E6D8004E00203020003138300053455420544932
:10E6E8004D2043414C4942522E0053454300485265
:10E6F80053004F544845522046554E4354494F4EB7
:10E70800530043414C5F545300534C494445530014
:10E7180044454D4F5300565F42414C4C00524F54B4
:10E7280041544500455849540050494353004E4907
:10E73800474854204D4F444500434F4C4F522046C4
:10E748004F4E545300534554204C494748540047B2
:10E758004C4F42414C2046554E4354494F4E53006E
:10E768005041494E540042494754544600434F4C87
:10E778004F5253004155544F004E455854004D4F89
:10E788004E44415900545545534441590057454456
:10E798004E45534441590054485552534441590039
:10E7A8004652494441590053415455524441590035
:10E7B80053554E44415900546F7563682050616E3B
:10E7C800656C205061696E74004578616D706C6588
:10E7D800004D61747269782E004D41545249582099
:10E7E800414444524553533A00416E00426E00433F
:10E7F8006E00446E00456E00466E0044697669649A
:10E80800657200505245535320545300454E4400FE
:10E818002020202020202020546F756368206372F8
:10E828006F73736861697220746F2063616C6962C9
:10E838007261746500202020494C493933343120F5
:10E848004C4344004144432D3E58203D20000A419A
:10E8580044432D3E59203D20000A0A0A20205072C8
:10E868006573732054532E2E2E002C2066756E630C
:10E8780074696F6E3A2000617373657274696F6EA4
:10E888002022257322206661696C65643A206669D6
:10E898006C6520222573222C206C696E6520256406
:10E8A800257325730A005245454E54206D616C6CE2
:10E8B8006F6320737563636565646564002F6275B3
:10E8C800696C642F676E752D746F6F6C732D666F2E
:10E8D800722D73746D33325F31332E332E72656C43
:10E8E800312E32303234303932362D313731352FFE
:10E8F8007372632F6E65776C69622F6E65776C69CA
:10E90800622F6C6962632F74696D652F676D746916
:10E918006D652E6300545A00474D54002531315B14
:10E928002D2B302D39412D5A612D7A5D256E00250C
:10E9380031315B412D5A612D7A5D256E004D256878
:10E9480075256E2E256875256E2E256875256E0031
:10E958002F256875256E3A256875256E3A256875E0
:10E96800256E00232D302B2000686C4C00656667EF
:10E97800454647003031323334353637383941422D
:10E9880043444546003031323334353637383961FF
:10E99800626364656600412D46612D663839303101
:10E9A8003233343536375D002B2D007858007374B8
:10E9B8006274745F5F68616E646C655F636C6970D4
:10E9C8007065645F656467650073746274745F5F23
:10E9D80073697A65645F74726170657A6F69645F80
:10E9E800617265610073746274745F5F66696C6CF0
:10E9F8005F6163746976655F65646765735F6E659B
:10EA0800770073746274745F5F6E65775F616374B7
:10EA18006976650073746274745F5F72617374659C
:10EA280072697A655F736F727465645F6564676540
:10EA3800730073746274745F5F476574476C7970B0
:10EA480068536861706554320073746274745F5FF0
:10EA5800476574476C7970685368617065545400F1
:10EA680073746274745F5F476574476C79664F6648
:10EA7800667365740073746274745F5F6366665F5F
:10EA8800696E740073746274745F5F6275665F6741
:10EA980065740073746274745F5F6366665F67654C
:10EAA800745F696E6465780073746274745F5F6222
:10EAB80075665F7365656B0073746274745F5F631A
:10EAC80066665F696E6465785F6765740073746213
:10EAD80074745F46696E64476C797068496E6465E2
:10EAE800780000010000000F0030000300C04F5301
:10EAF8002F3266D87F240000EBB800000056504340
:10EB08004C547658D5850000EC1000000036636D33
:10EB18006170F2A0F8D80000D75800000556637657
:10EB28007420643867B8000002F00000002866709E
:10EB3800676D8333C24F000002DC00000014676C6D
:10EB4800796671E497AE000003740000CA0A68642D
:10EB58006D7817C831480000DCB000000F08686500
:10EB68006164D44EA0FE0000EC48000000366868DE
:10EB780065610DC706AC0000EC8000000024686DDC
:10EB880074784D4520FD0000D130000003AC6C6F57
:10EB98006361005F47FA0000CD80000003B06D613B
:10EBA800787001A401ED0000ECA4000000206E6163
:10EBB8006D65FB9DFF13000000FC000001DD706F18
:10EBC8007374AFD7E5950000D4DC0000027B707247
:10EBD8006570D523E020000003180000005C0000E9
:10EBE800001801260000000000000000000E0007C9
:10EBF80000000000000000010016002000000000D6
:10EC080000000002000E003D0000000000000003AC
:10EC180000160077000000000000000400160056EF
:10EC2800000000000000000500080091000000003E
:10EC380000000006001400A3000000000000000708
:10EC4800000000B7000100000000000000070000FD
:10EC58000001000000000001000B00150001000089
:10EC68000000000200070036000100000000000359
:10EC7800000B006C0001000000000004000B004BBA
:10EC880000010000000000050004008D00010000E4
:10EC980000000006000A00990001000000000007BB
:10ECA800000000B70003000104090000000E00077F
:10ECB8000003000104090001001600200003000100
:10ECC80004090002000E003D0003000104090003CE
:10ECD800001600770003000104090004001600561E
:10ECE8000003000104090005000800910003000169
:10ECF80004090006001400A300030001040900072A
:10ED0800000000B7A947654D2F464600A9004700F7
:10ED180065004D002F0046004644756D626C6564C1
:10ED28006F72203100440075006D0062006C006550
:10ED38000064006F007200200031526567756C61D5
:10ED4800720052006500670075006C006100724433
:10ED5800756D626C65646F72203100440075006DDA
:10ED68000062006C00650064006F007200200031D2
:10ED780044756D626C65646F7220310044007500E3
:10ED88006D0062006C00650064006F007200200076
:10ED980031312E30310031002E0030003144756D94
:10EDA800626C65646F723100440075006D0062002A
:10EDB8006C00650064006F007200310000004001C3
:10EDC800002C764520B00325452361681823686028
:10EDD800442DFE58FFEC02CC04DD00B300D2005EE7
:10EDE800004E006100B700FE002103BB03E9028466
:10EDF80002A85A625A620002000440190F0F0E0E50
:10EE08000D0D0C0C0B0B0A0A090908080303020272
:10EE180001010000018DB801FF854568444568443B
:10EE280045684445684445684445684445684445E0
:10EE38006844456844456844456844456844B305A2
:10EE48000446002BB3070646002BB104044568446A
:10EE5800B10606456844000200800000038006658C
:10EE68000003000700564020010808400902070473
:10EE7800040100060504030205040600070606014E
:10EE88000201030001010046762F3718003F3C2F8E
:10EE98003C10FD3C10FD3C012F3CFD3C2F3CFD3C53
:10EEA800003130014968B900000008496861B04084
:10EEB8005258381137B90008FFC038593311211199
:10EEC80025211121800300FD800200FE000665F95E
:10EED8009B80056500020024FFF8016804D900182A
:10EEE80000240052401E01252540260001000F0A7B
:10EEF800010005040417161F051922061C1C010F22
:10EF080003010A46762F3718003F3F10FD012FFDF9
:10EF18002F3CFD3C2E2E2E2E002E2E31300149681E
:10EF2800B9000A0025496861B0405258381137B90C
:10EF38000025FFC0385901213736351134272623DB
:10EF4800273637363F01060F010607061511141339
:10EF580014062322263534363332160168FED93298
:10EF68001523320B043966092A3E03050101030300
:10EF780021402F303F3F302F4001342E18210213FB
:10EF8800221F2C30093C0B19251E4E140C29201465
:10EF9800FDAB25FEED2F3C3B30303A3B0002002410
:10EFA800042301440502000B0015003D4011011621
:10EFB80016401700120C0800140A100401124676B5
:10EFC8002F3718002F3C2F3C012E2E2E2E003130CB
:10EFD800014968B900120016496861B040525838B2
:10EFE8001137B90016FFC038590114070623263512
:10EFF80026273433320714070623262734333201F1
:10F0080044061E2B0F121341429C061E2D1A19434B
:10F018004104D119197C1008266E333119197C3A2C
:10F0280072330002002400A10305035C00230027BB
:10F03800013F409A01282840290027261F1E17163D
:10F048001211262423221E1D17161211100C0B054F
:10F058000400270C0B2408090808092323000302CD
:10F068000322040A04051A191A1616171514151B73
:10F0780010101B1A191A161617151415101B0A0941
:10F088000808090D0E081A191A1616171514151B53
:10F0980010101B251E1D26081A191A1616171514E6
:10F0A800151B10101B1F2008232300030203040450
:10F0B8000522220422060225240303020623000453
:10F0C80005060D0C0803071B20090E011246762FB2
:10F0D8003718002F3C2F3C2F173CFD3C2F3CFD17C9
:10F0E8003C10FD01872E08C408C408C40EFC0EC4D9
:10F0F800872E0EC408C408C408C40EFC0EC40EC46F
:10F108000EC4872E0EC408C408C408C40EFC0EC45E
:10F11800872E0EC40EFC0EC408C408C408C4872E6B
:10F128000EC408C408C408C408FC0EC408C408C433
:10F13800872E0EC40EFC0EC40EC40EC4012E2E2E35
:10F148002E2E2E2E2E2E2E2E2E2E2E2E2E002E2E05
:10F158002E2E2E2E2E2E3130014968B9001200288D
:10F16800496861B0405258381137B90028FFC03893
:10F178005901060F0237060F0226273723072627CD
:10F188003707363F0207363F021617073337161779
:10F198000F0123073303055109910ADD500A912114
:10F1A8001B3B163F211B3B16DD4218910ADD421816
:10F1B80091212432163F212432166F3F0A3F0282E2
:10F1C8002F33013F022F3301DD3E0D91DD3E0D91BE
:10F1D80001233E013F01233E01DD480391DD480341
:10F1E80091623F0000050024FF7903C805CD004A5D
:10F1F80000510056005B006200EB407701636340FA
:10F2080064005E5A59534B4745322C251B190A5343
:10F21800523B301C1B15100F0A0907064B4B4C4874
:10F22800474851505149095E5E5F1C1B1C1D5D5DBE
:10F238001D231312040D55041F5704005D5C4C0375
:10F248004B05413F5F5E51502C0D062B04273404BB
:10F258005A5948473904063861060C4E062E382B91
:10F26800100F0703065202302E033427030D0C013A
:10F27800011546762F3718003F3C3F3C3F3C3F2F57
:10F28800173C2F3C10FD10FD012F173CFD2FFD17DB
:10F298003C2F3CFD173C2FFD2FFD10FD3C3C872EDD
:10F2A8000EC408C408C40EFC08C408C408C4012E4F
:10F2B8002E2E2E2E2E2E2E2E2E2E2E2E002E2E2E94
:10F2C8002E2E2E2E2E2E2E2E2E2E3130014968B99E
:10F2D80000150063496861B0405258381137B900C9
:10F2E80063FFC038590114070607141723363D0178
:10F2F800062B01141723363D0126273637363716D5
:10F30800171127263534373637262322073637365E
:10F318003711363332172623220736373637111678
:10F328001707060F011615140706072627111716C3
:10F338002511262322071127110615140134271138
:10F34800360711271116333203C8AA323B1D951A06
:10F35800434A041C951A99A639040701699469D18E
:10F368008E5B4E071A0D17173117432A36181909DD
:10F37800160D17173117436B6917140C0202010693
:10F38800291E4F47D1FE8E334012115A82022D6139
:10F3980061BB96161939016AB9621D13466063206C
:10F3A8000D0B265F632008104481101F83D23F0194
:10F3B800A71B4DC09A754B183B106B391B28FEFDD7
:10F3C80003012A106B391B28FEF4132E331D25194F
:10F3D80022120D051020793DFE5813548001BC0FF0
:10F3E80001FE601B016F389C6AFDF56D3FFEC32B63
:10F3F80043017E27FE57030000050024FFF1047E29
:10F4080004D1000B001D0029003700470098404434
:10F4180001484840491E1B1918120C0D0C1D0C0FF1
:10F4280008151414150D0C1D0C0F08161515163299
:10F43800040624044000042A38041E030734440741
:10F44800212E070927073C21011211011D0C030970
:10F4580003011246762F3718003F3F3C3F3C3F2FB1
:10F46800FD10FD10FD2FFD012FFD2FFD2FFD2FFDA0
:10F47800872E0EC40EFC08C40EC4872E0EC40EFCC4
:10F4880008C40EC4012E2E2E2E2E003130014968DC
:10F49800B900120048496861B0405258381137B96C
:10F4A8000048FFC038590114062322263534363364
:10F4B800321625010607060723363F0101363D01AE
:10F4C8002F013433011406232226353436333216FD
:10F4D8000134272623220706151433323736013420
:10F4E80027262322070615141716333237360282C9
:10F4F8009D7E7F9C9E7D7F9C01C5FD042E10210E64
:10F50800BA4A373D02195D100D3201119E7E7E9C6C
:10F518009F7B7F9DFD7C21274B4B2721934B2721E8
:10F5280001FC21274C4B272120274C4A282203C1C4
:10F538007C92907E7C94928EFBEA3F19342C3C4856
:10F548005002E07F36051A1E28FC337C93927D7B9F
:10F5580095920243503642423650C84236FD8F518A
:10F568003641423650513642423800020024FFE507
:10F57800040D04A8003C004A0067402A014B4B4098
:10F588004C00392F002F281004030020040C4504D8
:10F59800123D041A49062C24070843071633062C83
:10F5A800160801010C46762F3718003F2F2FFD1043
:10F5B800FD10FD10FD012FFD2FFD2FFD2E2E2E2EEF
:10F5C8002E2E002E2E2E3130014968B9000C004B2A
:10F5D800496861B0405258381137B9004BFFC038FC
:10F5E8005901060F01171407062322272635343739
:10F5F80036372635343736333217161514070407CD
:10F608000615141716333237363726272623220FC6
:10F618000136373633321716171633323736013478
:10F62800272627262322151417163332040D5E3198
:10F638000C178979B0AF7A8A98203AA471668E96A9
:10F64800616DA5FEBC31464245756F464404111EE6
:10F65800472330367E3F1E42562A6C0B1A0A20403A
:10F668003B09FEDA2E20201634B82C315BB8020094
:10F678009C180601A862565661A9A96615154CB5CD
:10F6880089544C485091B44E3E384F73764B4F4C8A
:10F6980049700408131237571B3C1D030502220545
:10F6A80001C159402C0C08D95E3A420000010024DF
:10F6B800042300A80502000B0035400D010C0C4086
:10F6C8000D0008000A06010846762F3718002F2F6C
:10F6D800012E2E003130014968B90008000C496834
:10F6E80061B0405258381137B9000CFFC03859136F
:10F6F8001407060706232627343332A81205090EF5
:10F70800241A18424204D11B4211241C3C703300B5
:10F7180000010024FF41018B05E3000E003A401070
:10F72800010F0F401000050003040B0007010B46F2
:10F73800762F3718002F2F012FFD2E2E0031300184
:10F748004968B9000B000F496861B0405258381138
:10F7580037B9000FFFC03859010706111013060703
:10F7680026270211103736018B52799749183C3AEF
:10F778005C3E4905E3ABFCFE9AFE97FEA1329B5026
:10F78800A201010129011FD5FB0000010024FF414E
:10F79800018B05E3000E003A4010010F0F401000E6
:10F7A80009040704000B04010446762F3718002FBC
:10F7B8002F012FFD2E2E003130014968B9000400B9
:10F7C8000F496861B0405258381137B9000FFFC06F
:10F7D8003859011007020737361110033637161744
:10F7E80012018B3F53D5527997471A3C3A5C02C7AE
:10F7F800FECBC2FF008FABFC01660169015F329B43
:10F8080051A1FF000001002402C0023904D3003BCB
:10F8180000654026013C3C403D002C2621201C1957
:10F82800100C003735333126211C17150C0600380B
:10F8380037070604133303011C46762F3718003F99
:10F848002F2F3CFD3C012E2E2E2E2E2E2E2E2E2E10
:10F858002E2E002E2E2E2E2E2E2E2E2E31300149FB
:10F8680068B9001C003C496861B0405258381137EB
:10F87800B9003CFFC038590106070623222716178E
:10F888001617161726272627060F01262726372696
:10F8980023220F013637363B012627262F0116175C
:10F8A800161716173736373635342716070607332F
:10F8B800323736023938162F47090B0206172F0739
:10F8C8004E5F22471F14040C220611290D09242A11
:10F8D80061321631430B0405112255541B4022088E
:10F8E8000809040D190A4302032210322C070422C6
:10F8F80057152C02030B291904200208113522215F
:10F90800654B1A4937020D2941132C070C1D1E3C63
:10F918000A0813380D150A041629320850742A35B6
:10F928002B19040000010022011402C203DC000BA1
:10F93800005A4025010C0C400D0107010B0A030376
:10F948000204090805030406050203010600090369
:10F958000B0807030002010746762F3718003F17E8
:10F968003C2F2F10FD173C012F173CFD173C2E2E66
:10F97800003130014968B90007000C496861B0409E
:10F988005258381137B9000CFFC0385901172111E6
:10F998002735232721111715028939FEE77FC4442B
:10F9A80001087F02B473FED384A973012883A500DC
:10F9B80000010024FF5200F20090000E00414014A4
:10F9C800010F0F401000070400050B0A0D0408077B
:10F9D80001010A46762F3718003F3C2F2F012F3C94
:10F9E800FD2E2E003130014968B9000A000F496820
:10F9F80061B0405258381137B9000FFFC038593735
:10FA08001407060737363723222735343332F25C9A
:10FA18002B410541013515036965304C5F2C070DF5
:10FA2800534817255A000001002401CA02DF022B9F
:10FA380000050039400F01060640070003000500D5
:10FA48000302010346762F3718002F3C2F3C012E66
:10FA58002E003130014968B900030006496861B0D9
:10FA6800405258381137B90006FFC0385901060707
:10FA780021363702DF4A02FD913D0F022B2F322338
:10FA88003E0000010024FFF300F200940007003755
:10FA9800400F01080840090000050406020101049E
:10FAA80046762F3718003F2F012FFD0031300149CE
:10FAB80068B900040008496861B0405258381137E5
:10FAC800B90008FFC038593714072227343736F2EF
:10FAD800655F0A665C43460A4E4B04040001002435
:10FAE800FFD3042C059A000C004F401A010D0D405D
:10FAF8000E000A0702000405080101020000010CBB
:10FB0800000201010246762F3718002F3C2F3C01D6
:10FB1800872E08C40EFC0EC4012E2E2E2E00313066
:10FB2800014968B90002000D496861B0405258386F
:10FB38001137B9000DFFC03859090123363701368E
:10FB4800372F023633042CFCA3AB4C4D024B450235
:10FB58000212182410059AFA39528103D6733D0B04
:10FB68001B31170000030024FFE804460494001129
:10FB78000021005500634028015656405700544D57
:10FB880046382E3E283A052C4405221A0509120546
:10FB98000033060D1E060416060D0D040101094664
:10FBA800762F3718003F2F10FD10FD10FD012FFD97
:10FBB8002FFD2FFD2FFD2E2E002E2E2E2E2E313016
:10FBC800014968B900090056496861B0405258387F
:10FBD8001137B90056FFC0385901100706232224EF
:10FBE80027263510373633320417160734272623CD
:10FBF800220706151417163332373603140706077B
:10FC08000607161716171607272627262706070694
:10FC18000F01263736373637262726272635343735
:10FC280016171617161F01373637363736371604A4
:10FC380046A597D5ABFEFE3C28A596D6A701083B5E
:10FC480027CA4559A9825C694658A9A75A46850515
:10FC5800122B091607083D040211321C1F0E25231A
:10FC680010211B321001043D0609130B2C11051F2E
:10FC78000E05122D1A053030051A2D120210200219
:10FC88003EFEE4A496B7A16C920119A697B99D67A8
:10FC980099BD8DB57A8BFAB990B6B68E0153190F06
:10FCA800372B091005083B5B256D80361F0E18168B
:10FCB8001021348072205A3C06070E0B2C3610187F
:10FCC8003F7D6511422D1A031E1E031A2D42096D30
:10FCD8007D0000010024000001CC04BE0018005C77
:10FCE8004022011919401A0012110A0908070512C1
:10FCF800110F0A010003041405040415140F010070
:10FD080001010A46762F3718003F3C2F012F3CFD92
:10FD18003C10FD2E2E2E2E2E2E002E2E2E2E2E2E6A
:10FD28002E3130014968B9000A0019496861B040AC
:10FD38005258381137B90019FFC038592901363FD0
:10FD480001110623272307373637363706073516B6
:10FD5800151114171401CCFECE2D0906040329171A
:10FD68006B2B03A56A3206030304362352033401BE
:10FD7800060C21035839311902011364FC5014157B
:10FD8800180000010024FFFD03D3049A0029005E37
:10FD98004024012A2A402B00171600251916141290
:10FDA80010030200090423262506010C061F1F194B
:10FDB800020201010246762F3718003F3F2F10FD3F
:10FDC8002FFD3C012FFD2E2E2E2E2E2E2E2E2E00F8
:10FDD8002E2E2E3130014968B90002002A49686187
:10FDE800B0405258381137B9002AFFC038590103BA
:10FDF80005353237363700353426232207061514E1
:10FE08001706151417270F013437363736333217CC
:10FE1800161510012132373203D36CFCBD0B9A81C1
:10FE28003101338F791F2A33011B1D555E39202676
:10FE3800398FBD8F5D6DFDD201655E42010101FE06
:10FE4800FF033086712E0124B979990F1218050322
:10FE58003646494C0A050C4364772A6A3D4788FEB2
:10FE6800A3FE5B2300010024FFEE0381049C003104
:10FE7800005E402401323240330024232209302618
:10FE88002220150A090711050019052C0D07041D64
:10FE98000728280401010746762F3718003F2F103E
:10FEA800FD10FD012FFD2FFD2E2E2E2E2E2E2E2E77
:10FEB800002E2E2E2E3130014968B9000700324934
:10FEC8006861B0405258381137B90032FFC038590C
:10FED8000114070623222F0136371514163332373B
:10FEE8003635342726273637363534272623220653
:10FEF800151417272322273621321716151407063B
:10FF0800070403818579A2A0908D988C473B4841CE
:10FF1800587959C2D32E7E4F465E3361056A170F52
:10FF2800428A012F79677F6C1B5F010D01479E6232
:10FF380059426910553C3B49384C85AB503B163704
:10FF48001841695A36305F33100F1009E8323E6B9A
:10FF5800884C13278600000100240000041F049920
:10FF6800002D007A4036012E2E402F002917162921
:10FF780026211716140D0807001D04110A04022370
:10FF8800220C030B042D2C0303022D22210300064F
:10FF98000D0C02030119080701010D46762F3718C9
:10FFA800003F3C2F2F173CFD173C012F173CFD1736
:10FFB8003C10FD2FFD2E2E2E2E2E2E2E2E2E2E00F8
:10FFC8002E2E2E3130014968B9000D002E49686186
:10FFD800B0405258381137B9002EFFC038590107C0
:10FFE80023111417141721363F01352136373635BA
:08FFF800342F013637073633C0
:020000040801F1
:1000000016171615140706072135342F01363F0140
:1000100007061511041F598F043BFEC8340806FD5E
:10002000A460205F2D931B0E055A69321E18072A03
:1000300048016732507640A9052101F86FFEF4149B
:1000400014193C352452DE7638A79D5C2C431A06E1
:1000500001341E624F4C2820C17DE12F2840102121
:1000600070526A39FEDC00010024FFEE039A049509
:10007000002C00614026012D2D402E00281C0A0472
:1000800019002404100A0904292820071609080663
:100090000026060C2C002B1601011946762F371866
:1000A000003F2F3C3C2FFD10FD3C10FD012F3CFD7F
:1000B0003C2FFD2E2E002E2E2E2E3130014968B9F8
:1000C0000019002D496861B0405258381137B90005
:1000D0002DFFC0385901060706072627262B0111D8
:1000E000363332171615140706070623222F01365A
:1000F0003F011617163332373635102122071134D7
:100100003717039A7211151D56163B51C83E45D03C
:10011000788B7A55432C6AB98A6C6930452F362B17
:100120005D693C30FEE497A91481049450181E7C4C
:100130005C102BFEDC0D5562C8C2714F150E45696F
:1001400010244591271F735C7401325701B91A6658
:10015000010000010024FFEE036804A40030005AEF
:1001600040230131314032001905032C09001B05E1
:10017000220B052A1104220D072615061F00260151
:100180001F02012C46762F3718003F3F2F10FD101D
:10019000FD012FFD2FFD10FD2E2E2E002E2E2E31B7
:1001A00030014968B9002C0031496861B0405258AB
:1001B000381137B90031FFC0385901070607262327
:1001C0002207061514171237363736272627260733
:1001D0000607060726353437363736161514070650
:1001E000070627262726353437362503685A281D63
:1001F0006A57B241250426C968352D0A092E395B94
:100200002D394F0709423F659BC6526CB2CD7A68C3
:1002100013047D9A011104A4411D4F3CD97B8931FF
:100220002EFE48050363556F5D455503012C3C5F69
:100230002623643D3B0304B49B7373970606A18990
:10024000D92E21E4A5CB080000010024FF78042169
:100250000499001B00464016011C1C401D0010158F
:1002600012100C08000D0C06001B08011546762F15
:100270003718002F2F2FFD3C012E2E2E2E2E2E0054
:100280002E3130014968B90015001C496861B04041
:100290005258381137B9001CFFC0385901060706FB
:1002A00007021106071013363721220F01363534A5
:1002B0002631343736373637042194775C1A4D9B14
:1002C00069B26189FEBB794FAD07140E4C372D071B
:1002D00004986EB2896AFEC8FEBB018F016001BB43
:1002E000F18921610B09082007082A413523000301
:1002F0000024FFE5038904A80019002700370059EE
:100300004023013838403900180C30040822040E0C
:100310001A04162804003407042007122C0726129A
:100320000401010846762F3718003F2F2FFD10FDDE
:1003300010FD012FFD2FFD2FFD2FFD2E2E00313042
:10034000014968B900080038496861B0405258381E
:100350001137B90038FFC038590114070623222786
:1003600026353437363726353437363332171615B7
:1003700014071603342726272623221514171633AD
:100380003213342726232207061514171633323763
:100390003603898979B0AF7A8A98203AA471668E3B
:1003A00096616DA4F2FA2E20201634B82C315BB879
:1003B000434346727446424245757246430145A81E
:1003C00062565661A9A96615154CB589544C48501A
:1003D00091B24E5A015A59402C0C08D95E3A42FE4D
:1003E000A0744C504F4B76764B4F504C000100247C
:1003F000FFF4036804AA00300053401F013131406C
:1004000032001E0A08052005270E05001604271ACB
:10041000062312072B2B0501010546762F371800FE
:100420003F2F10FD2FFD012FFD2FFD10FD2E002E63
:100430002E2E3130014968B900050031496861B09C
:10044000405258381137B90031FFC03859011407EC
:10045000060D013736371633323736353427020763
:1004600006070617161716373637363716151406C9
:10047000070627263534373637361716171603681A
:100480007D9AFEEFFEE45A271E6958B142250427E3
:10049000C86B332C0A082F385C2D394E080982644A
:1004A0009C6164536BB2CD7A6714040258E4A5CB07
:1004B0000808411C503CD97A8A322D01B8050363E3
:1004C00053705C475503012C3C5F2623637903047A
:1004D000595B9B7175970606A188DA2C00020024EF
:1004E000FFF300F2029C0007000F004540170110C7
:1004F000104011000800050C040206060E060A064C
:100500000A01010446762F3718003F2F10FD10FD19
:10051000012F3CFD3C003130014968B90004001056
:10052000496861B0405258381137B90010FFC038DF
:10053000591314072227343732131407222734376C
:1005400032F2665E0A665C0C655F0A665C023D56C6
:100550000B5F560BFDB9550D60560B0000020024D1
:10056000FF5200F2029C00070016004C401A0117CF
:1005700017401800150F0C08000513120402060698
:10058000060C100F01010446762F3718003F3C2F50
:100590002F10FD012F3C3CFD3C2E2E002E31300152
:1005A0004968B900040017496861B04052583811D1
:1005B00037B90017FFC038591314070627343732EC
:1005C000131407060737363723222735343332F220
:1005D000665E0A665C0C5C2B4105410135150369BA
:1005E00065023C5F030363570BFD944C5F2C070DC2
:1005F000534817255A0000010024009A026B036A31
:10060000000A0039400F010B0B400C0009070400E1
:100610000701010446762F3718002F2F012E2E2EAA
:100620002E003130014968B90004000B496861B0FF
:10063000405258381137B9000BFFC03859250726EA
:100640002F01243F01020716026BAE2EA0CB012B17
:100650003FC457BCF3C228756D8A5FEA1BFEFB5E80
:10066000B20000020024017A02DF027B0005000BC9
:10067000004B4019010C0C400D0009060300030259
:1006800006000B06060805000908010346762F3709
:1006900018002F3C2F3C10FD3C10FD3C012E2E2E4F
:1006A0002E003130014968B90003000C496861B07F
:1006B000405258381137B9000CFFC03859010607AD
:1006C00021363705060721363702DF4A02FD913D04
:1006D0000F026F4A02FD913D0F027B2F32233EA095
:1006E0002F32233E00010024009F026B036F000A9B
:1006F0000039400F010B0B400C00070503000803F5
:10070000010746762F3718002F2F012E2E2E2E0090
:100710003130014968B90007000B496861B04052A7
:1007200058381137B9000BFFC0385901040F0112B6
:10073000372627371617026BFED53FC356BDF4394F
:10074000AE2AA502025EEA1B01065DB29328727111
:1007500000020024FFF802FC04940031003C005F1A
:100760004025013D3D403E00280F0B0A2614110F85
:100770000A0822042C3205381A04003A06351E07EE
:1007800030303501012C46762F3718003F2F10FDF1
:1007900010FD012FFD2FFD2FFD2E2E2E2E2E2E00B3
:1007A0002E2E2E2E3130014968B9002C003D4968AB
:1007B00061B0405258381137B9003DFFC038590177
:1007C00014070607060706171617232207062336FF
:1007D0003534263534373637363534272623220745
:1007E00006151417161706232227263534373633F5
:1007F00020011406232226353433321602FC502EF3
:100800006952030902031B3426331936220C2F8147
:10081000394A2E2B6B583632231C53211D66414911
:10082000736475018CFEE5412E303F6F2F40038FBE
:100830007F613747371743182A4F0201263010408F
:1008400010301E514B6182692824443E5B371D17CE
:100850001B043035636E453CFBCE2E3C3A306B3C7E
:1008600000020024FFDA0590046A003F004A007885
:100870004034014B4B404C004131301A0A321A25AA
:1008800005004140160421202705002E05384704A5
:10089000100C064949063418071C2306042B063C95
:1008A0003C3401013846762F3718003F2F10FD2FBA
:1008B000FD2FFD10FD10FD012FFD2FFD2FFD2F3C05
:1008C000FD3C3C10FD2E2E002E2E2E2E2E31300102
:1008D0004968B90038004B496861B0405258381136
:1008E00037B9004BFFC03859011407060706272601
:1008F000272627062322272635343736373637264C
:1009000023220736333217161511141736373635AA
:1009100034272623220015102133170623202726EB
:100920001110373621201716011106070607061584
:1009300014333205903D48827C3D251C0C14785DB3
:100940006F4650B29F2D411D536C5A8B7BBF5E6525
:10095000432F60060F747BD3E1FEF702606B588F64
:100960009AFEDDCFE9DBCF01210116BFCCFDE12FDF
:100970003D7C0F38835102118D738704041B1029AD
:10098000202C5932386BC6302B141D36312572227B
:10099000204CFE204802054DC21FD6868EFEE5E3A0
:1009A000FE3612558C9D0108010CAEA59FAAFE6D66
:1009B000013C31152B0A255E870000020024FFFF51
:1009C00005AB04D3002000260076402E01272740E7
:1009D0002800232204232116120C0A08000304090C
:1009E0001B1D19191D2221222308100E0E10190794
:1009F0001717030B010001010C46762F3718003F33
:100A00003C3C3F10FD01872E0EC40EFC08C4872E0F
:100A10000EC40EC40EFC0EC4012E2E2E2E2E2E2E13
:100A20002E002E2E2E3130014968B9000C002749C6
:100A30006861B0405258381137B90027FFC03859A3
:100A40000521262F0106070615141707273613362A
:100A5000133635342726273736171613121716176D
:100A60001601030136373605ABFEAF1F4D6F8DE51E
:100A7000FE0446A942CA50DF02402322C15719533F
:100A800082894839313BFE0AC2FEBB41B927016960
:100A90009FE61C9BAC750B0A01012E018C9C01BDCD
:100AA0000A0A3C3115160E062F9DFED7FEC78F7120
:100AB000394501FE0174FD954B4C100000030024E4
:100AC000FFFE03EF04E6002200300041007C4039C5
:100AD0000142424043003C3A2F1921150C050423E2
:100AE000051F3105000E042A38372B29042A04106B
:100AF0000F25061B3E070535072D1B0316030C0BA0
:100B00000A0906050501011546762F3718003F171B
:100B10003C3F3F2FFD10FD10FD012F3CFD173C1009
:100B2000FD2FFD2FFD2E2E2E2E2E002E2E2E2E31A1
:100B300030014968B900150042496861B040525817
:100B4000381137B90042FFC03859011005060717A0
:100B50002322062B012723363F0111342726232782
:100B600037361F0136333217161514071601342392
:100B700022070607171516171617361334272623CC
:100B800022071114171637363332373603EFFECFEC
:100B900085B202300F3E0F2E23553306082C341237
:100BA000021F88481596AE78515C69C7FECC9B42FF
:100BB0003A4C080152AB0F2F2F5E94798634010511
:100BC000040518118C719401B5FEF86E300C030207
:100BD00002341B5C032D4B37403002094522783A22
:100BE0004174876F6C015289171E350DA3011001E6
:100BF0000A49FE2EA5614F09FD70100F0101044A3C
:100C0000610000010024FFDF055A04CD001D0052E1
:100C1000401E011E1E401F00120613120403000C8A
:100C2000051908060010061515011D0003011946D7
:100C3000762F3718003F3C3F10FD10FD012FFD2E91
:100C40002E2E2E2E002E2E3130014968B9001900AB
:100C50001E496861B0405258381137B9001EFFC0B4
:100C600038590107061D010615262122070615140D
:100C70001716332013150621202726111037362189
:100C8000055A48330490FEECFC9BA67B87E50122C5
:100C9000D6BEFEADFEC8B3B9FBD8014004CD3B358E
:100CA0002C2A0A47B7838DF7E19BAB013FFAA5A633
:100CB000AC01350130A7900000020024FFDF04B62C
:100CC00004CD0011002200544021012323402400C0
:100CD000071205001B1A080307040A091F0603165A
:100CE000060E0E0309010301010946762F3718008D
:100CF0003F3F3F10FD10FD012F3CFD173C2FFD0035
:100D00002E3130014968B900090023496861B040BB
:100D10005258381137B90023FFC03859011000214B
:100D200022272627150711363736332017160334A6
:100D300027262322070615111617163332373604D5
:100D4000B6FE9BFEE85A607034B7B29A54AA010A04
:100D5000A29CD66273D28B646F3A705D5FC0776875
:100D60000263FEE8FE94181C33460103F573422427
:100D7000B2ABFEF3D48FA74A5286FD5A311D18B884
:100D8000A10000010024FFFC038204CD003100819A
:100D900040380132324033002F242015302F1E15E9
:100DA00014120E040028271D031C040B0A2B292AE9
:100DB00007021B191A070F2806021C060F22061E1F
:100DC0001D100F03030201010E46762F3718003F56
:100DD0003C3F3C2F3CFD10FD10FD10FD3C3C10FD48
:100DE0003C3C012F3CFD173C2E2E2E2E2E2E2E2E5F
:100DF0002E002E2E2E2E3130014968B9000E003201
:100E0000496861B0405258381137B90032FFC038D4
:100E1000592506232127373637343F0111342F0156
:100E20003721321706151727262F020F0111210F20
:100E30000126272227260617131F013F01363F01EF
:100E400007140382121CFCF625531B0703012753CA
:100E500025030A1C122E093C5D8E323353280201F1
:100E60004A655BBB041314120101285333328E5DB3
:100E70003C091D21232E1C110D1B0203862B272E3E
:100E800023214A1B4413461904020204FE7B7D60A1
:100E90007B0801010506FDC704020204194613443C
:100EA0001B0000010024FF5B038104CD00200066CD
:100EB0004029012121402200120E031D0C030200D3
:100EC00015140B030A041A19090708071E0A061E3F
:100ED00010060C0B191F1E03011D46762F37180034
:100EE0003F3C2F2F3CFD10FD10FD3C3C012F3CFDF5
:100EF000173C2E2E2E2E2E002E2E2E31300149681C
:100F0000B9001D0021496861B0405258381137B905
:100F10000021FFC038590106151727262F020F019F
:100F200011210F01262722272615110F0311342F17
:100F30000137213203812E093C5D8E323353280262
:100F4000014A655BBB041325261F32402753250346
:100F50000A1C04AC4A1B4413461904020204FE7B1B
:100F60007D607B0801010BFD4D0E132B3304CF2B4D
:100F7000272E230000010024FFDF055A04CD004185
:100F80000073403001424240430031302F211906A6
:100F90003731302F2119140403001704350C053D97
:100FA0000806002B061B25061E10063939014100D4
:100FB00003013D46762F3718003F3C3F10FD2FFDC3
:100FC0002FFD10FD012FFD2FFD2E2E2E2E2E2E2E4D
:100FD0002E2E2E002E2E2E2E2E2E3130014968B9A7
:100FE000003D0042496861B0405258381137B9009D
:100FF00042FFC038590107061D01061526212207A8
:10100000061514171633323736353426353437067D
:1010100023222623220F01363736333217161716AE
:1010200033323736370737060706151417062120DF
:1010300027261110373621055A48330490FEECFC60
:101040009BA67B87E5926E8A0B051D33248B24308B
:10105000367E3F1E42562A6C0B1A0A20403B095826
:10106000060A0C221A27CEFE9FFEC8B3B9FBD70191
:101070004104CD3B352C2A0A47B7838DF7E19BAB62
:10108000415267144D1418140B271237571B3C1D7F
:101090000305022205420A0609363A5E52DEB3A66D
:1010A000AC01350131A78F000001002400000516B6
:1010B00004CF0027006B402D0128284029001A0585
:1010C00022170C0B090100030423201D1C05040436
:1010D0000424231A1904100F221918030C0B0103FE
:1010E0000001011746762F3718003F173C3F3C3C64
:1010F000012F3CFD3C2F3CFD173C10FD2E2E2E2ECB
:101100002E2E2E002E2E3130014968B900170028EE
:10111000496861B0405258381137B90028FFC038CB
:10112000592901363F011104070607161721363FDA
:101130000111342F012627262737211100253534A8
:101140003635342705111417160516FED42A0A065B
:10115000FEE8BB8F2C0C22FED42A0A063604062396
:101160003F0C2F013601080193026301180708366E
:10117000235202342CEAB3D7152A36235203285DB2
:1011800027100E0B152F09FCBC019703B00C2F0C78
:10119000902502FBDE46171B000100240000020020
:1011A00004CD0011004B401A0112124013000B0134
:1011B0000003040D0504040E0D0D0C0301000101D4
:1011C0000B46762F3718003F3C3F3C012F3CFD3C3F
:1011D00010FD2E2E2E003130014968B9000B00128F
:1011E000496861B0405258381137B90012FFC03811
:1011F000592901363F011134272627262737211187
:101200001417160200FED42A0A063611583F0C2F76
:101210000172070836235203285E260C1D152F097C
:10122000FBDE46171B000001FFE7FE6301C304CD90
:101230000011004240150112124013000F0409086A
:101240000411001110030400010446762F37180022
:101250003F3F3C012F3CFD3C2E2E003130014968C0
:10126000B900040012496861B0405258381137B9CA
:101270000012FFC0385925140706073637363511D6
:10128000342726272627372101C3657FF8B8402D4C
:10129000360E5B3F0C2F0172A0CB9AC216779D6E63
:1012A000BB03315C270A20162F0A00010024FFE748
:1012B00005AA04DF00370069402B013838403900A7
:1012C00036341D0D002C2625231913120015040D8C
:1012D0001B1A0E030D04171626031A190313120105
:1012E0000301011946762F3718003F3F3C3F3C3F32
:1012F000012F3CFD173C10FD2E2E2E2E2E2E2E2EB5
:10130000002E2E2E2E2E3130014968B900190038DA
:10131000496861B0405258381137B90038FFC038B9
:101320005925060F012627260326272627262711BB
:101330001417161721363F011134272111163332A5
:1013400037363736353427250607060706071617BA
:1013500016171617161716373605989666537045E2
:101360000E992A47226C214C0A0A27FED42A0A0623
:10137000A6015D0E0F5D643E474F7801692F485C02
:101380004B6341836910895248214C354344802E78
:101390003B303A6915011E4E2E162E0E09FE1841DD
:1013A0001C1F3137245203863578FE0E01301E5F34
:1013B0006A53631F018080A42F3E171A8114D580C1
:1013C00014180705050500010024FFBC03E804CB41
:1013D000001400554020011515401600000D0500B1
:1013E00007040E0F0E040908130604020E0D030570
:1013F000010401010D46762F3718003F3F3F3C2F77
:1014000010FD012F3CFD3C10FD2E2E2E002E313004
:10141000014968B9000D0015496861B0405258385B
:101420001137B90015FFC03859250615260D0136AC
:101430003F0111342726272111161716332003E800
:101440006D5EFEE1FE843B0906212D5A015F031308
:1014500025390117F9B6874005074A1F5203234172
:101460003F5528FB9D03060C000100240000069652
:1014700004D8002B007F4036012C2C402D00291869
:101480001712261E1D0F0C0B02002928292A0813EB
:101490001212131715052019180421200E04040533
:1014A0002827031E1D0C030B010003012646762F7F
:1014B0003718003F3F173C3F3C012F3CFD2F3CFDC0
:1014C0003C10FD3C872E0EC40EFC08C4012E2E2EAF
:1014D0002E2E2E2E2E002E2E2E2E3130014968B9A2
:1014E0000026002C496861B0405258381137B900C5
:1014F0002CFFC038590106151417131417161716A8
:101500001721363F01033427010615141701111462
:1015100017161721363511272627262737210901C7
:101520003706967201020305051029FEE63C060304
:10153000020AFE494702FDD5342358FEAF43532229
:10154000300D3055010E020F01B86104D82D3B0655
:1015500007FC482413200D2B1C2D542A032C39255D
:10156000FDF5553D0A0A0259FD565B503652715C35
:10157000037932091207280BFDA6020B5500000162
:101580000024FFF3050904CD0021007F403801222B
:10159000224023001908160E0D0503070809080943
:1015A00019191A181819201F050009080411101A12
:1015B000190421002120180317030E0D0105010352
:1015C000010201011646762F3718003F3F3F3F3C8E
:1015D0003F173C012F3CFD3C2F3CFD3C10FD3C8760
:1015E0002E08C408FC0EC4012E2E2E2E2E002E2EE8
:1015F0003130014968B900160022496861B0405293
:1016000058381137B90022FFC0385925140727165A
:1016100017262701111417161721363511272627EB
:101620002627372101113427262F01353305091DBF
:1016300012040A222FFCCE342358FEAF435322302B
:101640000D3055010E03230706166DEF413E0A04C7
:101650000208113503A4FD565B503652715C0379C4
:1016600032091207280BFC5702A82B0F15245539F5
:1016700000020024FFDF05A204EE000F001F004758
:1016800040190120204021001805081005001C0603
:101690000414060C0C030401010846762F371800C9
:1016A0003F3F10FD10FD012FFD2FFD00313001499E
:1016B00068B900080020496861B0405258381137B5
:1016C000B90020FFC0385901100706212027261134
:1016D0001037362120171603102726232207061558
:1016E0001417163332373605A2DCC8FEE5FEE1C416
:1016F000DCDCC7011C011EC5DCD69989C7EC837AE6
:101700007B84EAEA847B0267FECDB3A2A2B50131F5
:101710000132B3A2A2B5FED001079889A295F1EFDC
:1017200096A3A396000200240000039104E6001B88
:101730000024005E402601252540260023161209BC
:10174000081C05000B04222305040322040D0C1EB3
:10175000061818031303090801011246762F3718DB
:10176000003F3C3F3F10FD012F3CFD173C10FD2F7B
:10177000FD2E2E2E002E2E3130014968B9001200A8
:1017800025496861B0405258381137B90025FFC06B
:10179000385901100506231314161721363F01117D
:1017A000342726232737361F0136333217160734DE
:1017B000232207061511240391FE728F2601132799
:1017C000FECE3306082C3412021F88481596AE78D8
:1017D000515CD69B463C4F016C03F7FEF9AD3EFED3
:1017E000A63F3B31341B5C032D4B3740300209458B
:1017F00022783A4184891A223AFE82650002002446
:10180000FF24067D04EE001A0037005740210138FE
:10181000384039003630043029140023050A1B05EE
:10182000122706061F060E000E030601010A467661
:101830002F3718003F3F2F10FD10FD012FFD2FFD0A
:101840002E2E2E2E002E2E2E3130014968B9000A80
:101850000038496861B0405258381137B90038FF34
:10186000C03859052427262706232027261110379C
:101870003621201716111007171617161716031002
:101880002726232207061514171633323726272654
:1018900027262F0116171617161736067DFEE15953
:1018A0006A519FC8FEE1C4DCDCC7011C011EC5DC17
:1018B000F10413214B7222FC9989C7EC837A7B8453
:1018C000EAA6760D114E284E46EABD3B89732B4E93
:1018D00072DC2A39446551A2B501310132B3A2A2AA
:1018E000B5FED0FEC0B605172758441402E901071B
:1018F0009889A295F1EF96A357121A772C5731A326
:101900002C193A7E2F749600000200240000046512
:1019100004E60026002F00784033013030403100CB
:101920002E190721150C0B00232509050303052794
:10193000051F0E04072E2D08030704100F29061B90
:101940001B0316030C0B01030001011546762F370C
:1019500018003F173C3F3F10FD012F3CFD173C1086
:10196000FD2FFD872E0EC40EFC0EC4012E2E2E2E32
:101970002E002E2E2E3130014968B9001500304955
:101980006861B0405258381137B90030FFC038593B
:1019900021232627262726271114161721363F0133
:1019A00011342726232737361F01363332171615F1
:1019B00010051617161716013423220706151124D1
:1019C0000465F65D7F14A646441426FECE33060851
:1019D0002C3412021F88481596AE78515CFE726C4A
:1019E0006C266E86FEC69B463C4F016C348C16CB33
:1019F0005612FEA23F3A32341B5C032D4B37403067
:101A000002094522783A4174FEF8AC3B802F849E4F
:101A100003B0891A223AFE82650000010024FFFE0D
:101A200003C804CD002F0063402601303040310050
:101A3000250A211F1B062D2E09111010110E04005E
:101A40002B04130C0604270619190304010106468A
:101A5000762F3718003F3F10FD10FD012FFD2FFDA1
:101A6000872E0EC40EFC0EC4012E2E2E2E002E2EFE
:101A70003130014968B900060030496861B0405210
:101A800058381137B90030FFC03859011407062300
:101A9000222736373637123320353427252635347A
:101AA0003736373633321707060F01161514070677
:101AB000072623220706151417051603C8AA8DCB7F
:101AC000C4DE3904070195F10122AEFE9AD18E6180
:101AD00052387BB6AE17140C02020106293CFE7583
:101AE0004347AC0167D1016AB962515A81101F8323
:101AF000FED3B092405C4DC09A7550160F4D331D09
:101B0000251922120D051020F23A3D747A2F6354E4
:101B1000000100240000059E05720022005E4025A1
:101B20000123234024001B041B0F0E001104091382
:101B300012040A09181709030806001E0F0E0122D5
:101B40000003011B46762F3718003F3C3F3C2F1007
:101B5000FD173C012F3CFD3C10FD2E2E2E2E002E9D
:101B60002E3130014968B9001B0023496861B0403B
:101B70005258381137B90023FFC038590107060FF2
:101B8000012627262B01111417161721363F0111A4
:101B90003427262723220F01373637161716330529
:101BA0009E58301915522739698307082CFED42A0C
:101BB0000A06360714A37D48B67B360137484075C0
:101BC00004D03E224A5A5D1823FC4746171B333681
:101BD000235203285D270508216FB54F9A5F241F04
:101BE00000010024FFE904C404CD0038005E402653
:101BF000013939403A0035322C2B1B1A14111D05BE
:101C00000D290500230604302F17031603090806C3
:101C1000030401010D46762F3718003F173C3F178C
:101C20003C10FD012FFD2FFD2E2E2E2E2E2E2E2EA2
:101C3000003130014968B9000D0039496861B04090
:101C40005258381137B90039FFC03859011007060A
:101C5000213027260F012027261134373637342F1D
:101C600001363321321F01150611141716171617E6
:101C700036373637363510273537363321321707A2
:101C8000061516171604C48B99FEFB14131413FEC5
:101C9000FA988B676C0F17711E1401020F0A09DA8C
:101CA00065451B40757F3B0F4C65DA090910010241
:101CB000141E71170E6D670254FF00ADBE010101C5
:101CC00001BEAD0100979B841709166C21040E1DFF
:101CD000D1FE87E7845A15310506300C6383E8018D
:101CE00079D11D0E04216C160917849B0001002474
:101CF000FFD9058604CD001F0057401F012020405A
:101D00002100171E1B12100D0017180802010102F6
:101D100006011F0E0D030003010D46762F37180034
:101D20003F173C3F01872E0EC40EFC0EC4012E2E21
:101D30002E2E2E2E002E3130014968B9000D0020C4
:101D4000496861B0405258381137B90020FFC03897
:101D50005901070302030607222F01020326272148
:101D600016170607171213161713363F01262F01F1
:101D70003705864EDD97BF0E1B31375573A337AE3F
:101D80000188101C3E060553EF201DFD5E43050231
:101D900014644404CDA3FE73FEF0FE6E1E048CD7C3
:101DA0000123011B5FF4051B30321EFEF3FE563A81
:101DB0003001C2A79D211B1A570E00010024FFE627
:101DC00007A004CE004D00734032014E4E404F003C
:101DD0000B4A474140332B271F1E1815210511358B
:101DE000052E293E050025060D3A390604454431E5
:101DF000301B051A030D010701011146762F371814
:101E0000003F3F3F173C2FFD3C10FD012FFD2F3CB5
:101E1000FD2FFD2E2E2E2E2E2E2E2E2E2E2E002E71
:101E20003130014968B90011004E496861B0405233
:101E300058381137B9004EFFC03859011007062134
:101E40002206232227262706232027261134373669
:101E500037342F01363321321F011506111417169E
:101E600033323726353437342F01363B01321702EF
:101E7000111417163B0132373635102735373633F4
:101E800021321707061516171607A08B99FEFB0CB3
:101E9000320C774451569DE1FEFA988B676C0F1710
:101EA000711E1401020F0A09DA6470E2835D9789DA
:101EB00016731E13CB2A0656465DA309D8795BDA42
:101EC0000909100102141E71170E6D670255FF00FB
:101ED000ADBE0415194873BEAD0100979B84170968
:101EE000166C21040E1DD1FE87E9839347C5F3FCD0
:101EF000D10A156C212AFEFEFEB3CB88B59E77F47D
:101F00000179D11D0E04216C160917849B00000174
:101F10000024FFF9053B04E200280053401E01297C
:101F200029402A002119130A05281F130D0A00232E
:101F3000061D1006151D030101010A46762F3718EC
:101F4000003F3F2FFD10FD012E2E2E2E2E2E002E97
:101F50002E2E2E2E3130014968B9000A0029496819
:101F600061B0405258381137B90029FFC038590DB7
:101F700001262726270607060705363701272623C9
:101F8000220F01363332171617363736333217061B
:101F900007262322070E0107053BFEEE8B3F697AD9
:101FA0009D265F31FEFB5C9E011797695424395BC7
:101FB000A76860671D7F476A707A584C172F4335B2
:101FC00044392675290205E15F9D92E33F9F9F05F5
:101FD000A5C00153E7A10F18918A29B069939C21EC
:101FE0004747233E29C82A0000010024FEDF04F9E8
:101FF00004D20020006340260121214022001A1F44
:102000001D1816130F0E0D05000E0D0E0F080F10E4
:10201000030202030E141303200003011346762F5C
:102020003718003F3C3F3C2F01872E0EC408FC08A8
:10203000C4012E2E2E2E2E2E2E2E2E2E002E313080
:10204000014968B900130021496861B0405258380D
:102050001137B90021FFC0385901020901061514D2
:102060001716171617161705010B01262721321709
:102070000615140113363726273704F9FBFEFDFE3B
:102080009B25071409102A2706FEB9017E96D50262
:10209000A201880824440114C7910605754404CBA5
:1020A000FE96FE5EFDC03C0A08050808060D0C18E9
:1020B0000602610116019503E420352D73FE1C0113
:1020C00021D3443F4D0E00010024FFF5057605188D
:1020D000002B0073402F012C2C402D002B1D0E2BAC
:1020E000221F0F0B0A000A0B080B0C2221212224AD
:1020F000060819060B0C0B06172606062206061301
:102100000601010A46762F3718003F2F10FD10FDFB
:102110002FFD3C10FD2FFD01872E0EC408FC0EC4C0
:10212000012E2E2E2E2E2E2E002E2E2E3130014937
:1021300068B9000A002C496861B04052583811371C
:10214000B9002CFFC0385925140706070623222D95
:1021500001270121220727363736371617161F02A7
:102160001625362332170607011633322537363740
:102170003637057668742011E57AFECBFE8D3E0475
:102180002AFDBF9AD7276B0C203526112D57839F28
:1021900040015B391373010A07FC191CD88601053D
:1021A000ED39231A39C2064249310B0506150405DB
:1021B0003B1E75102B6B1E0A26130E0301120330F3
:1021C0001706FC4F150B0A020D0918000001002428
:1021D000FFBE023B0565000B004B4019010C0C4093
:1021E0000D000A0908000B0A04020B00060108078B
:1021F0000201010246762F3718002F3C2F3C10FDBC
:102200003C012FFD3C2E2E002E2E3130014968B9A5
:102210000002000C496861B0405258381137B900CB
:102220000CFFC038592505231336373637210527CB
:1022300011023BFEC3DA060A1F3A290177FED022BB
:102240002E700544271324057905FB3D0001002469
:10225000FFD303A9059A000F005E401F0110104034
:10226000110009000304080C0E0B0B0E0406080CE9
:102270000E0B0B0E0B0A0100010946762F371800D2
:102280002F3C2F3C01872E0EC40EC40EFC0EC487BB
:102290002E0EC40EC40EFC0EC4012E2E00313001D1
:1022A0004968B900090010496861B04052583811B6
:1022B00037B90010FFC038590523342703022726F9
:1022C0002F0137330116171603A9B06D87B659458C
:1022D0002C610DCF022B280D142D38FF013A01A8D7
:1022E000B26C243834FB095C152100010024FFB6D0
:1022F000023D055C000B004E401B010C0C400D0024
:10230000070609050807040B0008060A0B0A05045E
:102310000903010946762F3718003F2F3C2F3C1048
:10232000FD012F3CFD3C2E2E002E2E313001496840
:10233000B90009000C496861B0405258381137B9EA
:10234000000CFFC038592514070607212517112155
:102350002533023D32451DFE89013024FE9E013D9C
:10236000DC4E541B2504790504C2700000010024D2
:102370000464026B05A400180047401601191940B7
:102380001A000F0E0601000F0D08040100150D01C3
:102390000F46762F3718002F2F012E2E2E2E2E2E81
:1023A000002E2E2E2E2E3130014968B9000F001953
:1023B000496861B0405258381137B90019FFC03828
:1023C00059012337363726270615161F03272336CC
:1023D0003736373637161716026BCA1B080E1061D0
:1023E00056010302020213DE3A6A2F142B231479DA
:1023F00050046A1604161676582502170D0B14069B
:102400002C643913312D1881560000010024FF88F7
:102410000550FFDF0003003A4010010404400500AE
:1024200003020002010001010246762F3718003F27
:102430002F3C012E2E002E3130014968B9000200D8
:1024400004496861B0405258381137B90004FFC0E0
:1024500038590D0121250550FEF1FBE3010F2157ED
:10246000570000010024045F01AC059A000B003DF9
:102470004011010C0C400D00070301000908010088
:10248000010746762F3718002F3C2F3C012E2E2EA9
:102490002E003130014968B90007000C496861B06D
:1024A000405258381137B9000CFFC0385901233653
:1024B00035342726273733171601ACB0090F557D61
:1024C0000DCF2E35045F140410178345346B7B0049
:1024D00000020024FFF802FB02D30021002C005F61
:1024E0004026012D2D402E0023170701001705005F
:1024F0002322070313041E1D29040D2B06091507AB
:102500001919020901010D46762F3718003F3F10B7
:10251000FD10FD012FFD2F3CFD173C2E2E2E002E11
:102520002E2E2E2E3130014968B9000D002D49683C
:1025300061B0405258381137B9002DFFC0385925C5
:1025400023222726373637062322272635343736E7
:10255000373637262322073633321716151114174C
:1025600016271106070607061514333202FBCC198D
:10257000110E03010476606F4650B29F2D411D532A
:102580006C5A8B7BBF5E65430A18BE2F3D7B0F39AB
:102590008351011D180A050B5832386BC6302B14B5
:1025A0001D3631257222204CFE20050D42AC013C27
:1025B00031152B0A275C870000020024FFE903B4D1
:1025C00004BA001F0030005C402501313140320068
:1025D0001A08150C29281A03190411102004002DBB
:1025E000070424071C191C020C010401011546767E
:1025F0002F3718003F3F3F2F10FD10FD012FFD2FFB
:102600003CFD173C2E2E002E2E3130014968B900BA
:10261000150031496861B0405258381137B900315E
:10262000FFC03859011407062322272627060F0268
:1026300036373635113427262737363F01113633E2
:1026400032171607342726232207061511141716EA
:102650003332373603B4736DAA2A6C203B05032D41
:102660007C06062C464D097D2F4D3F4F7FAF6A718A
:10267000AD343E6B334A51444A406B3E340156A759
:1026800065610B0343010435062F0A352403440C0E
:102690000D0E0B390F551BFDD1365D62AC6E4F5ED2
:1026A00031352EFED324282C605100010024FFEE8A
:1026B00002CE02C30022004E401C0123234024000E
:1026C000110013110D001B04051707091F0602094D
:1026D000020201010546762F3718003F3F10FD101A
:1026E000FD012FFD2E2E2E2E002E2E313001496899
:1026F000B900050023496861B0405258381137B914
:102700000023FFC0385925062322263534373633B7
:1027100032171615140706073635342726232207E5
:1027200006151417163332373602CE53D6B6CB7C85
:10273000709B3E637240351D0A332C386539304832
:102740004A732D4453CEE0D2B7956057262C3210F1
:102750002B240D191635211D5C4E6B744F521E250E
:1027600000020024FFE9038D04BE00210032005C5A
:102770004025013333403400130918002322140389
:1027800013041F1E2B040D2F070B2707111C11020A
:102790000B010301010D46762F3718003F3F3F2FF5
:1027A00010FD10FD012FFD2F3CFD173C2E2E002E9D
:1027B0002E3130014968B9000D0033496861B040DD
:1027C0005258381137B90033FFC03859250706234E
:1027D000222726272627062320113437363332179F
:1027E00011342726233637363716151114162711BC
:1027F00034272623220706151417163332373603DB
:102800008D271F16170D121527216B84FE756E6B11
:10281000B278571614C1DC343D1F1B32CE504A35F6
:1028200061423B373D6A3D524010210202050B0BCD
:102830001D3E0156B16968340126381F1C38282E08
:102840000A1F13FC4D4B5577012E3034306D6165F6
:102850006E48512F250000020024FFEE030502C33D
:102860000019002100614024012222402300211D83
:10287000100E00211A0E0C000C0D081A21211A123C
:10288000040516060208020201010546762F3718D4
:10289000003F3F10FD012FFD872E0EC40EFC0EC41D
:1028A000012E2E2E2E2E002E2E2E2E2E31300149B0
:1028B00068B900050022496861B0405258381137A4
:1028C000B90022FFC038590102212226353436339F
:1028D0003217161705073637161514171633323701
:1028E00036032E010706070607030567FEF998DB86
:1028F000C5A67F4C432EFE02020203014448745ECB
:102900005652BA0C6337542A16160110FEDED397BE
:10291000A6C5413A7E5B0C0A09040877515739363F
:10292000014B3641070B4333320000010024FF8A7C
:1029300002D604810026006A402C01272740280087
:10294000191305140E06050017050C11100D030CC4
:10295000041E1D13031208062314100F060D0E2368
:10296000121D02011446762F3718003F2F2F2F3CDF
:10297000FD3C3C10FD012F173CFD173C10FD2E2E99
:102980002E2E2E002E2E2E3130014968B900140053
:1029900027496861B0405258381137B90027FFC045
:1029A00038590107220706073726232207061D018B
:1029B0000507271107110737363736371617161749
:1029C00035363F01363332171602D616113818281D
:1029D0002D127629212F012933F69CA31E160202FF
:1029E0000A1C2C061309253D617446463A03E70686
:1029F000230F184B402A3B5A9D025D02FD9A790233
:102A0000E0034710232A14351305099661333D511D
:102A1000342B00020024FE68039E02BC0023003712
:102A2000005F4026013838403900190F2927190D59
:102A3000002404062E041F15070A32061B2A290645
:102A4000001B010A000002011F46762F3718003FC5
:102A50003F3F10FD3C10FD10FD012FFD2FFD2E2EE0
:102A60002E2E2E002E2E3130014968B9001F00385D
:102A7000496861B0405258381137B90038FFC03842
:102A8000590106070607061510070221222F0136F5
:102A90003714171617163332373627062322272600
:102AA000353437363717262F0134372322070617D8
:102AB000161716333237363736039E5009100F0B70
:102AC0002057FEDE716D65463F36321E312F7A3853
:102AD000270394A882504E9788A8C7021C0B026354
:102AE000936369080532364E584C441F2102BC1EC0
:102AF00005093B4AC0FEAB6BFEDD4B6813681B4803
:102B00004314219C6D936F575483B2796D04C3595C
:102B100005020203565C91503B40473F5B62000157
:102B2000002400000343049A002600604027012788
:102B30002740280023221E1A121104060400222115
:102B40000F030E0415140A06251E25021211040394
:102B50000301011A46762F3718003F173C3F2F100C
:102B6000FD012F3CFD173C2FFD2E2E2E2E2E002E6C
:102B70002E3130014968B9001A0027496861B04018
:102B80005258381137B90027FFC0385901140F01C6
:102B9000233635342726232207061511141721362C
:102BA00035113427262327363736370706151133D4
:102BB00036332003430E209F312A356D3639473492
:102BC000FEF73923340A04415E2365052104877327
:102BD000012001465948A5D571774D621A202FFE74
:102BE0006312544B1B0302221E2C300A39153E4F30
:102BF000683AFEE53D00000200240000018E03D08B
:102C0000000700180052401E011919401A08130944
:102C1000080D0C0415140405000206060614130220
:102C2000090801011346762F3718003F3C3F3C2F1F
:102C300010FD012FFD2F3CFD3C2E2E2E00313001CA
:102C40004968B900130019496861B04052583811F9
:102C500037B90019FFC03859011407222734373615
:102C6000132137363511342726272627211114172B
:102C7000160146655F0A665C54FEE42E132A1B0C9F
:102C8000132B012B0603037F460A4E4B0404FC3032
:102C90002D181F01AE3E1508080833FDB4180D0CA1
:102CA0000002FFBFFE4F015003D000070015004E89
:102CB000401C011616401708140B0E0D04150804CD
:102CC0000500020606061514020B00010B46762FBE
:102CD0003718003F3F3C2F10FD012FFD2F3CFD3CDE
:102CE0002E2E003130014968B9000B001649686189
:102CF000B0405258381137B90016FFC03859011486
:102D000007222734373613140607361901342726CD
:102D1000272627210147655F0A665C15D8B9F52A81
:102D20001B0C132B012B037F460A4E4B0404FC366D
:102D3000BAF4096701500207411509080834000177
:102D400000240000032704AE002A0068402B012B5A
:102D50002B402C001D072926252319150D0C0104D5
:102D6000001D1C0A030904100F1F0709051926027C
:102D70000D0C01030001011546762F3718003F178F
:102D80003C3F2F2F3CFD012F3CFD173C2FFD2E2EED
:102D90002E2E2E2E2E2E002E2E3130014968B900F7
:102DA00015002B496861B0405258381137B9002BD3
:102DB000FFC0385921233427262322072627111440
:102DC000172136351134272623273637363707069D
:102DD00015113433323736353427370706071603D3
:102DE000279C3B4CA42014030444FEDE4223340AF7
:102DF00004415E23650521143E5D6E03E343425F9B
:102E0000E8B36E8E050201FEB92541432303162265
:102E10001E2C300A39153E4F683AFE380B1B205CD9
:102E2000111504774126530000010024FFFF01A87B
:102E300004A40011004F401C0112124013000907A6
:102E4000010009050D03040D0504040E0D0D01001C
:102E500001010946762F3718003F3C2F012F3CFD1A
:102E60003C10FD10FD2E2E002E2E3130014968B988
:102E700000090012496861B0405258381137B90052
:102E800012FFC038590521363F011134232207367D
:102E90003736371114171601A8FED4290B06491A24
:102EA0002F2E653086070801362352031E4A0B4930
:102EB00026121CFC0646171B00010024FFF104BC6F
:102EC00002B0003D00774034013E3E403F003833C1
:102ED0003231312B2A1A191611080704333226030E
:102EE00025042F2E0B04001D0413210F06353A353F
:102EF000022B2A1A1908050701012B46762F3718CD
:102F0000003F173C3F3C10FD3C012FFD2FFD2F3CA7
:102F1000FD173C2E2E2E2E2E2E2E2E2E2E002E2E39
:102F20002E2E3130014968B9002B003E496861B04E
:102F3000405258381137B9003EFFC0385901140FBC
:102F400002161F012137363534272623220716158E
:102F5000140F01161F012137363534272623220787
:102F6000061511141F022137363511342733153653
:102F700033321F01363332171604BC1C3D030141A6
:102F800011FEF30E5B212A4861421F4903014113E0
:102F9000FEF50352272D562D3C34133909FECB2F55
:102FA0001543DF6E71654A1F639C83484101754478
:102FB0003E6410193D384887B5513E4F474E49454C
:102FC0009F12193D384697A95A3C46252017FE8680
:102FD0001E1826302D181F01E9244137444025656D
:102FE0005F5500010024FFF3031F02B200230062BB
:102FF00040280124244025001817162116100F011F
:103000000018170B030A04141304041E06061A1AE8
:1030100002100F01030001011046762F3718003F00
:10302000173C3F10FD012FFD2F3CFD173C2E2E2E8F
:103030002E2E2E002E2E2E3130014968B9001000A0
:1030400024496861B0405258381137B90024FFC094
:103050003859052137363534232207061511141F38
:10306000022137363511342733153633321716150A
:10307000140F011617031FFEF50352C82D3C34131D
:103080003909FECB2F1543DF6E8F9A621949030170
:10309000410D4697A9DC252017FE861E1826302DE7
:1030A000181F01E924413744A14357459F12193D98
:1030B00000020010FFEE031B02C3000F001F0047B9
:1030C00040190120204021001804081004001C07AA
:1030D0000414070C0C020401010846762F3718006F
:1030E0003F3F10FD10FD012FFD2FFD003130014944
:1030F00068B900080020496861B04052583811375B
:10310000B90020FFC03859011407062322272635AD
:10311000343736333217160734272623220706158D
:1031200014171633323736031B706AACAA6B706EF5
:1031300068AFAA6B71AD323A6D6D3A31303A6E6C50
:103140003B320158AA625E5F63A8AD615D6064A70F
:10315000734E5C5C4D746D4F605C4E000002002449
:10316000FE42038D02BD00220033005D4026013483
:10317000344035001D05140C2C2B06030504100FDC
:1031800023040030070327071F1F0217020800034C
:1031900001011446762F3718003F3F3F3F10FD10C6
:1031A000FD012FFD2F3CFD173C2E2E002E2E313021
:1031B000014968B900140034496861B04052583878
:1031C0001137B90034FFC0385901140623222711E2
:1031D000062322272635343635113427262737365D
:1031E00033321716171617363332171607342726B9
:1031F00023220706151114171633323736038DDADA
:10320000B17A5548891F110267191842271F1616EF
:103210000E111626226B84B26772AD383E683E519D
:103220004050493660433B0167B0D234FEA87F0767
:10323000020212671202F54C2B282A210202050B0A
:103240000B1D3E5058AE6C49522F2524FED230340F
:10325000306D600000020024FE45035002BD001CDA
:10326000002D0065402A012E2E402F001C1B0E0051
:103270000B000504040D1E1D0E030D040807260493
:10328000142A0710220718180210010B0001144617
:10329000762F3718003F3F3F10FD10FD012FFD2F07
:1032A0003CFD173C10FD3C2E2E002E2E2E2E3130D4
:1032B000014968B90014002E496861B0405258387D
:1032C0001137B9002EFFC038590106070615111431
:1032D00017150706233637110623222726353437DC
:1032E000363332163B0103113427262322070615F5
:1032F00014171633323736035008042C1F726853E4
:103300006012517DAF6A71726CAC32C9321D7C445F
:103310004B3F6C3D34343D6C324B5102AC2F0A357F
:1033200024FD3E22232658504057013F365D62ACB3
:10333000A9646017FE23012D24282C60516D6D5067
:103340005E31350000010024000002C102CD0025DD
:10335000005C40240126264027002019171312067E
:10336000020005160F0E04160206220C0622220287
:103370001D02131201011946762F3718003F3C3FFA
:103380003F10FD10FD012FFD3C10FD2E2E2E2E2E88
:103390002E002E3130014968B900190026496861B4
:1033A000B0405258381137B90026FFC038590114BF
:1033B00005363736373627262726232215111716C6
:1033C000172137363713362737363537361F01364C
:1033D0003332171602C1FEF04416230507102411DC
:1033E00024328506023CFEDC29130404015B080834
:1033F000383F3911597C5A46570228A443371A29B5
:103400002029222D08152DFE2E2B0F3728131C01E5
:10341000C54E1D0C0C0F0607200C3E252E0000018A
:103420000024FFF2029E02C3002B0053401F012C18
:103430002C402D00240C220E0C0816040028041C1D
:1034400012070426072020020401010846762F37C0
:1034500018003F3F10FD10FD012FFD2FFD2E2E2ED9
:103460002E002E2E3130014968B90008002C496821
:1034700061B0405258381137B9002CFFC038592577
:103480001407062322272635363736370615141734
:103490001633323736353427262726353437363338
:1034A0003217060726232215141716029E6C5C722B
:1034B0008A5363290D2839084D273D3F2B34810855
:1034C000B06D604E6EF11F5234098978C0E6C9664E
:1034D0003D3436408308060D1516164B42221B203C
:1034E0003B43280333356C65382EBF1225A885432E
:1034F0002A3300010024FFFD028E041D0025006E0A
:1035000040300126264027001107061D1A09000F2A
:103510000C051B201F1C031B041413080604071FA3
:103520001E090308061C1B1A1D1C021302020101BE
:103530000946762F3718003F3F3F3C2F3C10FD17C0
:103540003C012F173CFD173C10FD3C2E2E2E2E006B
:103550002E2E2E3130014968B900090026496861D4
:10356000B0405258381137B90026FFC038592106EB
:10357000232227263533132337363534263534377F
:103580001617373427262726272111210723111440
:1035900017161716028E2D28C1515F0101A61E14A1
:1035A00002082747012A1B0C132B012B012533F29C
:1035B00028320B36033C46B9012C470F1906190671
:1035C0001410490BB73E1508080833FEA45DFEC36E
:1035D0007A2A350723000001002EFFE902F602B522
:1035E000002B005C4023012C2C402D001E1D1110CF
:1035F0002825241E1D11100D21040014040A18078B
:10360000042524020401011046762F3718003F3F9D
:103610003C10FD012FFD2FFD2E2E2E2E2E2E2E2E98
:10362000002E2E2E2E3130014968B90010002C4991
:103630006861B0405258381137B9002CFFC0385972
:103640000114070607062726272635343F01262FB3
:103650000121070615141716173736373637153771
:103660003635342F01210706071F011602F6575081
:10367000A9A960311C194903043E13010B03522808
:103680002985043F19050C012B650E010D1141011F
:10369000033D1C0131A54E47070744234E454545D0
:1036A0009F12193D384697A98C233304011821082D
:1036B000100602564DA69648383D1910643E00018A
:1036C0000024FFD1034102B5001B00494019011C31
:1036D0001C401D00161B18140F0A00030F021B0BC1
:1036E0000A030002010A46762F3718003F173C3FB5
:1036F0002F012E2E2E2E2E2E002E3130014968B98C
:10370000000A001C496861B0405258381137B900AE
:103710001CFFC038590106070326272627262F013C
:103720002132373637063514061514171235342F63
:103730000103413D79C527411B483B4854011A0705
:10374000060102010B91B7260802B093E0FE9457E0
:103750007F2A967B5F6F03010112061656166CFADC
:1037600001810D22340B00010024FFEA04A702B5F9
:10377000003F007740320140404041003231252473
:103780001312053C393832312524211C13120F3510
:10379000040016040B28041E2C07021A06073938E9
:1037A0000207010201010B46762F3718003F3F3F09
:1037B0003C10FD10FD012FFD2FFD2FFD2E2E2E2E76
:1037C0002E2E2E2E2E2E2E2E002E2E2E2E2E2E2E47
:1037D0003130014968B9000B0040496861B040527E
:1037E00058381137B90040FFC03859011005062F6D
:1037F00001062322272635343F02262F0121070602
:10380000151417163332372635343F01262F012180
:103810000706151417161737363736371537363566
:10382000342F01210706071F011604A7FEB0A46567
:103830001F649B8547401C3D03043E11010D0E5B38
:1038400021294960431F4903043E13010B035228F9
:103850002985043F19050C012B650E010D1141014D
:10386000033D1C0131FECC0D064325655E548944A1
:103870003E6410193D384887B5503F4F474E494583
:103880009F12193D384697A98C233304011821084B
:10389000100602564DA69648383D1910643E0001A8
:1038A000FFBFFFE703A802B00031006140260132EC
:1038B0003240330030241E1806002B2218140D004D
:1038C00028061C2E070416061C201C020D0C0104E1
:1038D00001010D46762F3718003F3F3C3F3C10FD5D
:1038E00010FD10FD012E2E2E2E2E2E002E2E2E2EF1
:1038F0002E2E3130014968B9000D0032496861B09F
:10390000405258381137B90032FFC03859250607E0
:103910000623220306070607062B013637363F012A
:1039200036372623220734373633321736333217E9
:103930000F0126272627060F0117163316333203E9
:10394000A8332B253A9DA50F0E0D4174927966552B
:10395000375A3F0B0C814F204B302D469B6075B082
:103960004563425B17050F233233417A44360B150A
:103970004F71501B1F01111D1D163C6C18462D6AFE
:103980004A1819DA2D452826A2A232573D2B0612D5
:1039900005013858EA82040000010024FE6E034746
:1039A00002B000390068402B013A3A403B001B0E40
:1039B0003935342928251B0D00190404032C042152
:1039C00013070930061D1D010900392928030002CB
:1039D000012146762F3718003F173C3F3F10FD105E
:1039E000FD012FFD2F3CFD2E2E2E2E2E2E2E2E2EA7
:1039F000002E2E3130014968B90021003A49686132
:103A0000B0405258381137B9003AFFC03859010751
:103A1000061511140F01062322272627371714171E
:103A200016333237363736373437062322272635D2
:103A300034373637262F012107061514171633326F
:103A400037363511342F0203473216351B77E730EE
:103A500028973A7C0A3936513C403B201A02027BB7
:103A60006E9C5B5F1C0D33063F0C010B0E5B323509
:103A7000634B433A13390902B02D1920FE0FC44F8E
:103A800028B009226B91245032312B27382D3C1A53
:103A90005D4852559B43421E5B2337364A8ABA65BE
:103AA0003C41211D2001831F182731000001002403
:103AB0000000037A02E8001F00714030012020401E
:103AC00021000C001D1A0C07060006050607080752
:103AD000081D1D1E1C1C1D1E1D06041206070807BE
:103AE000061418020F02050401010C46762F371840
:103AF000003F3C3F3F2FFD3C10FD10FD3C01872E59
:103B000008C408FC08C4012E2E2E2E2E2E002E2EA8
:103B10003130014968B9000C0020496861B0405259
:103B200058381137B90020FFC03859250607060755
:103B30002127012122070607373637171633323778
:103B40003637363332170607012132037A1B5A07FC
:103B500034FDA93F0231FEF269540670921E1B3CEF
:103B60003A6B206F103D33184C010F04FDE601A79E
:103B70006DDEA53004052B020E1E0129951E44277B
:103B80001E07010605261704FE0900010024FFA6F2
:103B900001E30589001E004C401B011F1F4020004F
:103BA00017111006001A19140313040C0B04030355
:103BB0001E11011746762F3718002F2F012F173CA3
:103BC000FD173C2E2E2E2E2E003130014968B900F3
:103BD00017001F496861B0405258381137B9001FAB
:103BE000FFC03859010E01151114071716171615C5
:103BF000111417163315203511342F0136351134B1
:103C000037363301E336496B08051648282A2AFE61
:103C1000CD3455895E51840559075B38FE8F6C4958
:103C20000503164852FE8F2C353930F701443E38D3
:103C300044516201457E403800010024000000C06C
:103C400005870003003F4013010404400500030002
:103C50000402010302010001010146762F3718001A
:103C60003F3C2F3C012F3CFD3C003130014968B9FD
:103C700000010004496861B0405258381137B9005A
:103C800004FFC0385933231133C09C9C05870001C1
:103C90000024FFA601E40589001E004C401B011F03
:103CA0001F40200017110908001D1C040303041401
:103CB000130E030D1808011746762F3718002F2F03
:103CC000012F173CFD173C2E2E2E2E2E00313001D9
:103CD0004968B90017001F496861B040525838114F
:103CE00037B9001FFFC03859010706151114070620
:103CF00023353237363511343F0126351134262726
:103D00003732171615111401E455345E5086282BEE
:103D10002A64086C47390383525F029B44383EFE95
:103D2000BC804037303A37290171654E054B6A0136
:103D3000713A59073038407EFEBB62000001002412
:103D4000054802E206080015003D40110116164024
:103D50001700140C09000C001004010C46762F37D4
:103D600018002F2F012E2E002E2E2E2E313001491D
:103D700068B9000C0016496861B0405258381137D4
:103D8000B90016FFC03859010607062F012627265D
:103D900023220F013637361F0216373202E2492A34
:103DA0004351406425181B1C1E814F204A58426D08
:103DB00054250405D64D19280D122F060404204D54
:103DC000132C0E132E0E040000020024FF6901685C
:103DD000044A000B00250055401F01262640270CF1
:103DE000250C25160C1413051B2120040F0E0605A7
:103DF000000306090916011B46762F3718002F2FDE
:103E000010FD012FFD2F3CFD3C2FFD3C2E2E2E00E2
:103E10002E2E3130014968B9001B0026496861B077
:103E2000405258381137B90026FFC03859011406DE
:103E3000232226353436333216130615111417167D
:103E40001F01161727262726273732373635113414
:103E50002726270145402F303F3F302F4023440382
:103E600003010102063E0B286639040B32231502BA
:103E70003003DF2F3B3A30303B3CFF004225FDABA7
:103E80001420290C141E4E25071D3C09302C1F221E
:103E900002132118022C00020024FF9202CE0376A6
:103EA000002C00370087403801383840390035266B
:103EB00022002D2724221E1B1A1712080600353651
:103EC00008270405050626260533040C2F071029AC
:103ED00006021A19060512100204010201010C461D
:103EE000762F3718003F3F3F3C2F3C2F3C10FD10F2
:103EF000FD012FFD872E08C40EC40EC40EFC0EC497
:103F0000012E2E2E2E2E2E2E2E2E2E2E2E002E2E2C
:103F10002E2E3130014968B9000C0038496861B073
:103F2000405258381137B90038FFC0385925062398
:103F300022270723363726272635343736333217DC
:103F400026152F02363B01071716151407060736EC
:103F50003534270316333237360326232207061556
:103F60001417133602CE53D63F3629972D3225200B
:103F7000667A6F9E0808050212182410D5550E7235
:103F800040351D0A1DBD36442D4453E70A0A6539E4
:103F9000303AA004CEE00D692F6116216BB3995E13
:103FA00055015C160B1B3117D4052935102B240D38
:103FB0001916271CFE241E1E2501E6015C4E6B66A9
:103FC0004B01A90B000100240000035404810036BA
:103FD0000080403801373740380034210E0835342E
:103FE0002A22211C0904000C05282C2928032D0451
:103FF0001312080307302F2E07022406182C2B0952
:1040000006292A181202030201010946762F3718E1
:10401000003F3C3F2F2F3CFD3C3C10FD10FD3C3C45
:10402000012F173CFD173C10FD2E2E2E2E2E2E2E6E
:104030002E2E002E2E2E2E3130014968B900090097
:1040400037496861B0405258381137B90037FFC05E
:1040500038592506232127373637110737363736A3
:10406000371617161735363F01363332171617072E
:10407000220706073726232207061D0105072713F7
:104080001F013F01363F0107140354121CFD502548
:1040900053160DA31E1602020A1C2C061309253DF9
:1040A000617446463A09160F3A1D232D12762921CE
:1040B0002F012933F6012835333268653C09212167
:1040C000232E162001E3034710232A143513050974
:1040D0009661333D51342B3B062311164B402A3B4E
:1040E0005A9D025D02FDEE03020204124D13441BB1
:1040F000000200240209035E04C2002B003700976F
:10410000404201383840390024200E0A2927261D54
:104110001B18171310080501001213080F0F100EBB
:104120000E0F0506080A09090A3204152C04030CAF
:1041300007352F07222B19180300100F0903083524
:1041400002011046762F3718003F2F173C2F173CDF
:104150002FFD10FD012FFD2FFD872E0EC40EFC0E2E
:10416000C4872E08C40EFC0EC4012E2E2E2E2E2E19
:104170002E2E2E2E2E2E2E002E2E2E2E313001499A
:1041800068B900100038496861B04052583811379A
:10419000B90038FFC038590107161514071716174C
:1041A0002327062322270723363F012635343727C6
:1041B0003332170F01171617363332173637352FAC
:1041C0000136330334262322061514163332360300
:1041D0005EB847521F564E848441555540838443F0
:1041E00060205447B6A40D200808010A25486363DF
:1041F00048260B0808210C5F574343575842425842
:1042000004C2B941646D421F5637841B1B84305D64
:104210001F426D6740B70F2112071C2A23252C1C53
:104220000712210FFE9E4462624443646400000151
:104230000024FEDF04F904D2003300B340560134F9
:10424000344035002D32302B2926221F1E1A191812
:10425000170F09080403001D1C1D19191A18171837
:104260001E081E1F0C0B0C0808090706070D00008E
:104270000D1706082221040303061F1E0703061D4F
:104280001C090308061A190C030B18272603330010
:1042900003012646762F3718003F3C3F3C2F2F174F
:1042A0003CFD173C2F173CFD173C10FD01872E0EDF
:1042B000C408C408C408C408FC08C408C408C4016D
:1042C0002E2E2E2E2E2E2E2E2E2E2E2E2E2E2E2E0E
:1042D0002E2E002E3130014968B90026003449687D
:1042E00061B0405258381137B90034FFC038590115
:1042F00002010721060721072106072107061514D9
:1043000017161716171617051323363733372136A6
:1043100037212703262721321706151401133637B4
:1043200026273704F9C8FECA2401224A02FEEE4CB1
:1043300001AA4A02FE667D25071409102A2706FEF7
:10434000B9E3F03D0FE04EFE863D0F011970D50236
:10435000A201880824440114C7910605754404CBC2
:10436000FEDEFE16392F327B2F32CA3C0A080508C2
:1043700008060D0C1806016A233E7B233ED00195EA
:1043800003E420352D73FE1C0121D3443F4D0E0064
:1043900000020024FFFC00C0058700030007005551
:1043A0004021010808400900070403030004060532
:1043B00002030101000602070606040302050401C8
:1043C000010146762F3718003F3C2F3C10FD3C1072
:1043D000FD3C012F173CFD173C003130014968B905
:1043E00000010008496861B0405258381137B900DF
:1043F00008FFC038591323113311231133C09C9C7B
:104400009C9C03130274FA75027400020024FFEEF0
:1044100002C304F6003600440067402901454540C8
:104420004600433B22032F1A1200201E1F0510379F
:10443000280414103F0B04312D07073524071835C5
:104440001801012D46762F3718003F2F10FD10FD63
:10445000012F3CFD3C2F3CFD3C10FD3C3C2E2E2E04
:104460002E002E2E2E2E3130014968B9002D004528
:10447000496861B0405258381137B90045FFC0381B
:1044800059010706152627262322070615141705A6
:104490001615140716151407062322273637363744
:1044A0002735343716333237363534272526353419
:1044B0003726353437363332133427262706070696
:1044C00015141716173602C3270C392D4869523DAB
:1044D000538E01078E8F8F7A6B89728910080B06B5
:1044E000023621B24A3A428EFEF98E9191715D9563
:1044F00097298126653E3036BF1B469004B14F2474
:104500008B782F4C1922445D2D533C709B4A31848B
:10451000844E443925080E1A1322230CA2292D4754
:10452000462F573F6B9C483B7D8C4439FD7F462F7F
:104530000E140122263B7E1F040B1C0000020024E7
:104540000455021304F30007000F003F401301104D
:104550001040110004050008050C0E060A02010CAB
:1045600046762F3718002F3C2F3C012FFD2FFD00E2
:104570003130014968B9000C0010496861B04052FF
:1045800058381137B90010FFC038590114070627F1
:1045900034373205140706273437320213665E0AB1
:1045A000655DFEEB665E0A655D04A64D02024F4541
:1045B0000A4D4D02024F440B00030024008E040DEF
:1045C0000440000F001F003F0067402B01404040A7
:1045D00041003424203524230334053B2C043B18AC
:1045E000040810040028073F203007371C06041475
:1045F000060C0C04010846762F3718002F2F10FDEB
:1046000010FD2FFD2F3CFD012FFD2FFD2FFD10FD77
:10461000173C2E002E2E3130014968B900080040A9
:10462000496861B0405258381137B90040FFC0386E
:10463000590114070623222726353437363332171B
:104640001607342726232207061514171633323788
:1046500036030F02152627262322070615141716E0
:10466000333237363715062322272635343736338B
:10467000040D9C8ECADF898D9C8DCCDC898F637480
:104680006FAEB56C71726DB3B06E7351390F063485
:10469000222A4B6943483337634E40253D64979047
:1046A00055587665940267E182767C80DDDF8377FA
:1046B0007E81DAAC69666266B3B16763656801CA18
:1046C0003012135A401317373B67663F4537205661
:1046D000A1514F518F8D4E430002002402B1024C74
:1046E00004E20020002B005F4026012C2C402D000E
:1046F0002216060116040028040C222106031204C7
:104700001D1C1407182A06080818030002010C468D
:10471000762F3718003F3F2F10FD10FD012F3CFD75
:10472000173C2FFD2E2E2E002E2E2E2E313001491D
:1047300068B9000C002C496861B0405258381137F4
:10474000B9002CFFC03859012322263736370623FB
:104750002227263534373637363726232207363395
:1047600032171615111617162735060706070615F0
:10477000143332024C9B0F1D040201594953363D3C
:1047800087742732153E53446A5E91484C330106C4
:10479000139122305D0C2B633E02B8220E070644B3
:1047A000272C50982520111629261C571A193AFE35
:1047B0009006083384F3251121081D476800000284
:1047C0000024FFEC03E802BE000A00150047401772
:1047D00001161640170014120F0B090704001207E8
:1047E000020C0101010F46762F3718003F3C3F3C79
:1047F000012E2E2E2E2E2E2E2E003130014968B97C
:10480000000F0016496861B0405258381137B9009E
:1048100016FFC038592507262F01243F010207162D
:104820000507262F01243F0102071603E8AE2EA03C
:10483000CB012B3FC457BCF3FEBCAE2EA0CB012B4B
:104840003FC457BCF3162A776D8A5FEA1BFEFB5EF6
:10485000B2932A776D8A5FEA1BFEFB5EB20000010D
:10486000002401650504035A0005004940180106AB
:1048700006400700040302010405000302060405C4
:10488000040100010346762F3718002F3C2F3C10FF
:10489000FD3C012F3CFD3C2E2E003130014968B912
:1048A00000030006496861B0405258381137B9001A
:1048B00006FFC038590123112135210504A4FBC48A
:1048C00004E00165015D980000050024012D040D40
:1048D00004DF000F0018002F003E004B008040391D
:1048E000014C4C404D00494437221744433B3A3079
:1048F0002A1F100428470408190400383717031624
:1049000004403F2E073B3A3103301207243D060492
:104910001D060C040C03010846762F3718003F2FA4
:1049200010FD10FD2FFD2F173CFD012F3CFD173C06
:104930002FFD2FFD2FFD2E2E2E2E2E2E2E002E2E55
:104940002E2E2E3130014968B90008004C496861AB
:10495000B0405258381137B9004CFFC038590114D3
:104960000706232227263534373633321716053407
:10497000232207061D013605342726232207361F6A
:104980000136333217161514071617161736072374
:1049900026272627262715141723163332251134E8
:1049A00026233507061514173637040D9C8ECADEEC
:1049B000898E9C8DCCDC898FFE6E59272230D201E6
:1049C0002F746FAE966644260C5665412E39E5333A
:1049D0004A2E7B739D2A39461853292722A86D89B0
:1049E0008FFE982C160572971A030306DF83777CD7
:1049F00081DCE182767E811A450C111EC0333DAC0C
:104A00006966470120113C1B213C84571845366DCF
:104A1000698B1B4519582B09AF3125469C01981805
:104A200049020572A5CD65180C0000020024038719
:104A3000016D0494000F001B00454017011C1C4031
:104A40001D001604081004001A070413070C0C04B8
:104A5000010846762F3718002F2F10FD10FD012F6B
:104A6000FD2FFD003130014968B90008001C49687C
:104A700061B0405258381137B9001CFFC038590195
:104A80001407062322272635343736333217160704
:104A90002E01232206151417163332016D34303CD3
:104AA0003E33383B333F392F3463022F1C11241B14
:104AB00016123804123B292726293C3C252124279D
:104AC0004C1D3419101C211B00020024008A02EC2A
:104AD00003CA000B00110069402D0112124013009F
:104AE000040F0C06000908050304040B0A03030263
:104AF00006050203010600110C060E0A0F0E0B0834
:104B000007030002010646762F3718003F173C2F97
:104B10003C2F10FD3C10FD173C012F173CFD173CAE
:104B20002E2E2E2E002E3130014968B900060012BB
:104B3000496861B0405258381137B90012FFC03887
:104B4000590107231507112137333537110106079E
:104B500021363702EC83A573FED384A97301234960
:104B600003FD913B1102C37FE03A011A7FC443FE6B
:104B7000F9FE322F3C2249000001004B01C50280A2
:104B8000048A0027005B40220128284029001715CD
:104B900014002314120302001705210904210C0735
:104BA0001D242307011D02010246762F3718002F0E
:104BB0002F2FFD3C10FD012FFD10FD2E2E2E2E2E31
:104BC0002E002E2E2E2E3130014968B90002002809
:104BD000496861B0405258381137B90028FFC038D1
:104BE0005901070535323736373635342623220743
:104BF000061706151417270F0134373637363332A8
:104C0000171615140533323736028040FE0B065D49
:104C10003535B95649121B220510123339221317A4
:104C2000225770563841FEB2D637290C02619A02DB
:104C30001D502D33B06E495B0A0D10202A2C2D0615
:104C400003082A3B471940252A52D1FD15060001C9
:104C5000003C01BA024104880030005D402301316C
:104C600031403200232221092F25211F140A090770
:104C700010040018042B0C07041C07272704010745
:104C800046762F3718002F2F10FD10FD012FFD2F16
:104C9000FD2E2E2E2E2E2E2E2E002E2E2E2E31308E
:104CA000014968B900070031496861B0405258387D
:104CB0001137B90031FFC038590114070623222FDC
:104CC0000136371514333237363534272627363731
:104CD0003635342726232206151417272322273694
:104CE0003332171615140706071602414F46656042
:104CF00056555C534E2D26344836747F1B4C2F2955
:104D00003A1E3B033F0E092854B5493D4C4011392A
:104D1000A20289613A34273F0A33244F212D51667C
:104D200030240D210E273F37201C391E0A090A05A1
:104D30008B1E2540522D0C17500000010024045FEB
:104D400001AC059A000D003D4011010E0E400F0010
:104D5000090806000D0C0908010946762F371800CE
:104D60002F3C2F3C012E2E2E2E003130014968B9E8
:104D70000009000E496861B0405258381137B90037
:104D80000EFFC03859010607060706151617233609
:104D90003F013301AC51282435100109B04A342EAB
:104DA000CF05662C272352190E041457796B000186
:104DB0000024FE7A031F02B20035006F402F013637
:104DC000364037001E12352726201C1203001A0415
:104DD0000C2C2B1F031E042322320406300616104F
:104DE0000716201F352726030002012646762F3797
:104DF00018003F173C2F3C2FFD10FD012FFD2F3CCD
:104E0000FD173C2FFD2E2E2E2E2E2E2E2E002E2E5A
:104E10003130014968B900260036496861B0405216
:104E200058381137B90036FFC0385901070607173F
:104E3000161514070607061514171633323716070A
:104E400006232227263534372627112336351134F9
:104E50002F01210F01061511141716333235342F87
:104E600001031F13410103491945573A0A2A563DC8
:104E70002307392920EC2505295A4BDF43152F013B
:104E800035093913343C2DC8520302B2383D19128A
:104E90009F455743712026230D1043292B1C146F67
:104EA0000F0C26220F2EFE434124036F1F182D30B6
:104EB00026181EFE86172025DCA99746000200242E
:104EC000FF49044604E600290037006F402D0138F1
:104ED00038403900342D1E100F0D0807020031181C
:104EE000100F08070400141304322B2A250324048E
:104EF000050A252423031C03011846762F371800C2
:104F00003F3F3C3C2F012FFD173C2FFD3C2E2E2E0A
:104F10002E2E2E2E2E002E2E2E2E2E2E2E2E2E2EDF
:104F20003130014968B900180038496861B0405211
:104F300058381137B90038FFC038590126232215D7
:104F40001316172316333236333217233E01351327
:104F500022272411343736333217373637363B01A0
:104F60003532171E010311342322070617131617B3
:104F70003637360446301949060A2AF00204020E72
:104F8000040505F6261401278EFE725C5178AE9654
:104F9000152B0F1545030F1B2F9AF32205052D0125
:104FA0000804112B090704300B4AFBB4233603080D
:104FB00005323A3F020E3EAD010774413A7822298C
:104FC000080B01040769FB9E03E08906374BFBC30E
:104FD000202F341A15000001001DFEBB01B5001E74
:104FE000001E004D401A011F1F40201D19170617F3
:104FF00014130F060C041D080702131202010646C3
:10500000762F3718002F2F3C10FD012FFD2E2E2E4E
:105010002E2E002E2E2E3130014968B90006001FB9
:10502000496861B0405258381137B9001FFFC03885
:1050300059050623222726371633323736353426CC
:105040001534363B01152206153433321716151464
:1050500001B025EC20293907233D562A0A91170B68
:105060009F050D09102C44D66F141C2B2943100DDD
:105070001F6A020F3B2A21070F314C190C00000157
:10508000005001CF014F04A7001500584020011621
:1050900016401700111009080706050E090504013E
:1050A00000030414111003130E0100010946762FAA
:1050B0003718002F3C2F012F173CFD2E2E2E2E2EA1
:1050C0002E002E2E2E2E2E2E2E3130014968B900A4
:1050D000090016496861B0405258381137B90016B6
:1050E000FFC038590123363F0111232723073736E4
:1050F00037363706073516151114014FB81C05034E
:1051000004190D411A0C4B4F1C03020201CF20154C
:105110003101EC03071407282A1D0D03010C3CFD87
:10512000CA240002002403D201C2054A000F00195C
:1051300000454017011A1A401B001404081004000F
:1051400016070412070C0C04010846762F371800C6
:105150002F2F10FD10FD012FFD2FFD0031300149D3
:1051600068B90008001A496861B0405258381137D0
:10517000B9001AFFC0385901140706232227263523
:1051800034373633321716073423221514333237A7
:105190003601C23C385B583A3D3C395A59393D6F6B
:1051A0006060602E1B17048D5A322F3133575933EC
:1051B0003132345781817D29230000020024FFF31E
:1051C00003E802C3000A0015004740170116164005
:1051D000170012100E0B070503001308020E03013F
:1051E000011246762F3718003F3C3F3C012E2E2EF1
:1051F0002E2E2E2E2E003130014968B900120016D5
:10520000496861B0405258381137B90016FFC038AC
:105210005901040F011237262737161707040F010B
:105220001237262737161703E8FED53FC253BFF4BF
:1052300039AE2DA1B2FED53FC253BEF339AF2CA17A
:1052400001565EEA1B01055EB29328756E8A5EEA1E
:105250001B01055EB09528756E000003002EFFD37C
:1052600005AC059A000C0022004F00CB40610150B4
:10527000504051233C3A391D16151413120E0D4B94
:10528000484443423A3937302F2E2B2A231B16121B
:10529000110E0D0A070200000C00010801020504AE
:1052A0000405211E1D032004102D044F4E26032546
:1052B00034043E2B2A06234F4342032307302F2575
:1052C00003240C0002014B021E031B030116467649
:1052D0002F3718003F3F3F2F3C2F3C2F173CFD1727
:1052E0003C10FD3C012FFD2F173CFD2FFD173C8787
:1052F0002E0EC408FC08C4012E2E2E2E2E2E2E2E6D
:105300002E2E2E2E2E2E2E2E2E2E2E2E2E2E2E2EBD
:10531000002E2E2E2E2E2E2E2E2E2E2E31300149E8
:1053200068B900160050496861B0405258381137CA
:10533000B90050FFC0385909012336370136372FDD
:105340000236330123363F0111232723073736372F
:1053500036370607351615111405072315141714CB
:105360001723363F01352136373635342F0136378E
:105370000736331615140706073335342726273624
:105380003F0107061D01046EFCA3AB4C4D024B45CB
:10539000020212182410FD94B81C050304190D41D3
:1053A0001A0C4B4F1D04020204A536560323BB20E2
:1053B0000404FE953D10391B58110703363F3F0486
:1053C000192CD81E0C244726650314059AFA395265
:1053D0008103D6733D0B1B3117FC7B20153101EC8B
:1053E00003071407282A1D0D03010C3CFDCA24BC29
:1053F00042A10C0C0F24201532854C1C6360371A17
:10540000281004011F24861912734C871D18091DCA
:105410000A1344323F22B00000030030FFD3059D41
:10542000059A000C0022004A00AA404D014B4B4057
:105430004C233A3837231D16151413120E0D463718
:10544000352625231B1612110E0D0A070200000C2B
:105450000001080102050404053A0544211E1D034C
:105460002004132C04442F074047460725240C0032
:1054700002011E031B03011646762F3718003F3F1B
:105480002F3C2F3C2F3CFD3C2FFD012FFD2FFD1706
:105490003C10FD872E0EC408FC08C4012E2E2E2EB3
:1054A0002E2E2E2E2E2E2E2E2E2E2E2E002E2E2E4A
:1054B0002E2E2E2E2E2E2E2E2E3130014968B90082
:1054C00016004B496861B0405258381137B9004B4B
:1054D000FFC0385909012336370136372F023633DA
:1054E0000123363F01112327230737363736370686
:1054F000073516151114010705353237363736359D
:105500003426232207061706151417270F013437F0
:105510003637363332171615140533323736046FE3
:10552000FCA3AB4950024B45020212182410FD9512
:10553000B81C040404190E401A0C4B4F1C03020241
:10554000049441FE0B075C4823B85549131B2206FF
:1055500010113338231417225671553842FEB1D634
:1055600037290B059AFA394D8603D6733D0B1B314B
:1055700017FC7B20153101EC03071407282A1D0DA9
:1055800003010C3CFDCA24FEBD9A021D503F21AF11
:105590006F495B0A0D10202A2C2D060308283D4771
:1055A0001940252B51D1FD15050000030031FFD313
:1055B0000680059A000C003D006A00CA4060016B3D
:1055C0006B406C3E575554302F2E1666635F5E5D00
:1055D0005554524B4A4946453E3C322E2C21171613
:1055E000140A070200000C0001080102050404056A
:1055F0000D041D38042548046A694103404F0459CD
:105600004645063E1907112907346A5E5D033E07C9
:105610004B4A40033F0C0002016602011446762FFC
:105620003718003F2F3C2F3C2F173CFD173C2FFD18
:105630002FFD10FD3C012FFD2F173CFD2FFD2FFDF1
:10564000872E0EC408FC08C4012E2E2E2E2E2E2EC0
:105650002E2E2E2E2E2E2E2E2E2E2E2E2E2E2E2E6A
:105660002E2E2E002E2E2E2E2E2E2E31300149685B
:10567000B90014006B496861B0405258381137B90D
:10568000006BFFC0385909012336370136372F0226
:1056900036330114070623222F013637151433320F
:1056A0003736353427262736373635342726232212
:1056B0000615141727232227363332171615140719
:1056C000060716010723151417161723363F013551
:1056D0002136373635342F01363707363316151451
:1056E000070607333534272627363F0107061D01F5
:1056F0000542FCA3AB4950024B450202121824108C
:10570000FDC84F47636056555C534E2C26354A36CC
:10571000727F1B4B2F29391F3A03400D092853B5BF
:105720004A3D4C411237A1044B3556020123BB1FA1
:105730000503FE963D10391B59110803363F3E0400
:10574000192BD71E0C244825660314059AFA394DE7
:105750008603D6733D0B1B3117FCEF603A35273FAC
:105760000A33244F212E506730230D210E273F3757
:10577000201C381F0A090A058B1E2540512E0D16C4
:1057800050FE6D42A10C0C0F24201532854C1C6379
:1057900060371A281004011F24861912734C871DC4
:1057A00018091D0A1344323F22B000020024FF45AD
:1057B00002FC03E1000B003D00604026013E3E403C
:1057C0003F0C3A382623211C1A06050034040C2C01
:1057D0000412030609300710091021021D1C0201E2
:1057E0001246762F3718003F3C3F2F2F10FD10FD3B
:1057F000012FFD2FFD2FFD2E2E2E2E2E2E002E31B1
:1058000030014968B90012003E496861B040525801
:10581000381137B9003EFFC038590114062322263B
:105820003534363332161314070623201134373635
:1058300037363736272627333237363306151416D0
:105840001514070607061514171633323736353484
:105850002726273633321716021D3F30303F402FA0
:105860002F40DF746474FE744F2D6A5303080203E3
:105870001A3426321937230C2F8139492E2B6B58B5
:105880003632241D51201D66414A0377303B3B30A0
:105890002F3B3BFC8E6D463C010580603747381638
:1058A0003F1C285102012630104010301E524A5F22
:1058B00084692824443E5B371D171B0430360003DF
:1058C0000024FFFF05AB0662000D002E00340084AB
:1058D000403501353540360E313012312F24201A33
:1058E00018160E09030100111209292B27272B3046
:1058F0002F3031081E1C1C1E0100060A0B0A25034E
:10590000190F0E01011A46762F3718003F3C3C3F15
:105910002F3C10FD3C01872E0EC40EFC08C4872EC0
:105920000EC40EC40EFC0EC4012E2E2E2E2E2E2EB4
:105930002E2E2E2E2E002E2E2E3130014968B9002B
:105940001A0035496861B0405258381137B90035EE
:10595000FFC0385901233635342726272627373309
:1059600017160121262F01060706151417072736DB
:1059700013361336353427262737361716131217E2
:105980001617160103013637360397B00A1037226F
:1059900026530DCF2E34025EFEAF1F4D6F8DE5FEF8
:1059A0000446A942CA50DF02402322C1571953823C
:1059B000894839313BFE0AC2FEBB41B9270527148D
:1059C000040E195421242F346B79FA81699FE61C47
:1059D0009BAC750B0A01012E018C9C01BD0A0A3C8F
:1059E0003115160E062F9DFED7FEC78F7139450162
:1059F000FE0174FD954B4C1000030024FFFF05AB26
:105A00000662000D002E0034008140330135354020
:105A1000360E3130120908312F24201A18160E09BB
:105A2000080600111209292B27272B302F303108A7
:105A30001E1C1C1E0D0C2503190F0E01011A4676A3
:105A40002F3718003F3C3C3F2F3C01872E0EC40EE1
:105A5000FC08C4872E0EC40EC40EFC0EC4012E2EEC
:105A60002E2E2E2E2E2E2E2E2E2E002E2E2E2E2E84
:105A70003130014968B9001A0035496861B04052B7
:105A800058381137B90035FFC038590106070607E5
:105A90000615161723363F01330121262F0106076D
:105AA00006151417072736133613363534272627DD
:105AB0003736171613121716171601030136373625
:105AC000039753262237100109B04A342ECF022102
:105AD000FEAF1F4D6F8DE5FE0446A942CA50DF029E
:105AE000402322C157195382894839313BFE0AC2EB
:105AF000FEBB41B927062E2F242154190E0414573A
:105B0000796BF99D699FE61C9BAC750B0A01012E10
:105B1000018C9C01BD0A0A3C3115160E062F9DFE14
:105B2000D7FEC78F71394501FE0174FD954B4C10AE
:105B300000030024FFFF05AB065900180039003FA1
:105B4000008B40380140404041193C3B1D0F0E0D79
:105B50000601003C3A2F2B252321190F0D080401C3
:105B6000001C1D0934363232363B3A3B3C082927AB
:105B70002729153003241A1901012546762F3718D5
:105B8000003F3C3C3F2F01872E0EC40EFC08C4870B
:105B90002E0EC40EC40EFC0EC4012E2E2E2E2E2E42
:105BA0002E2E2E2E2E2E2E2E002E2E2E2E2E2E2E43
:105BB0002E2E3130014968B900250040496861B096
:105BC000405258381137B90040FFC03859012337C7
:105BD000363726270615161F03272336373637365E
:105BE000371617160121262F010607061514170769
:105BF000273613361336353427262737361716132C
:105C00001217161716010301363736040BCA1B0884
:105C10000D106056010302020213DF3B6A2F142BA2
:105C200022137B5001D5FEAF1F4D6F8DE5FE04465C
:105C3000A942CA50DF02402322C157195382894822
:105C400039313BFE0AC2FEBB41B927051F160416B7
:105C50001676582502170D0B14062C643913312DB6
:105C6000168355FA94699FE61C9BAC750B0A0101DB
:105C70002E018C9C01BD0A0A3C3115160E062F9D83
:105C8000FED7FEC78F71394501FE0174FD954B4C5F
:105C9000100000030024FFFF05AB060800150036C6
:105CA000003C00814033013D3D403E1639381A1416
:105CB0000C09040039372C2822201E160C00191A52
:105CC0000931332F2F33383738390826242426104A
:105CD0002D0321171601012246762F3718003F3C6D
:105CE0003C3F2F01872E0EC40EFC08C4872E0EC425
:105CF0000EC40EFC0EC4012E2E2E2E2E2E2E2E2E57
:105D00002E002E2E2E2E2E2E2E2E3130014968B929
:105D10000022003D496861B0405258381137B9003F
:105D20003DFFC03859010607062F012627262322EA
:105D30000F013637361F021637320121262F010692
:105D4000070615141707273613361336353427265A
:105D50002737361716131217161716010301363791
:105D6000360446492A4351406424181C1C1E814FA6
:105D7000204A58436C54250401E6FEAF1F4D6F8D39
:105D8000E5FE0446A942CA50DF02402322C157194A
:105D90005382894839313BFE0AC2FEBB41B927050F
:105DA000D64D19280D122F060404204D132C0E1366
:105DB0002E0E04FA50699FE61C9BAC750B0A01017C
:105DC0002E018C9C01BD0A0A3C3115160E062F9D32
:105DD000FED7FEC78F71394501FE0174FD954B4C0E
:105DE000100000040024FFFF05AB05EA0007000FC8
:105DF00000300036008640370137374038103332E4
:105E000014333126221C1A18101314092B2D29299A
:105E10002D3231323308201E1E2004050008050CE7
:105E20000A0206060E0627031B111001011C467606
:105E30002F3718003F3C3C3F2F3C10FD3C012FFD0D
:105E40002FFD872E0EC40EFC08C4872E0EC40EC470
:105E50000EFC0EC4012E2E2E2E2E2E2E2E002E2E99
:105E60002E3130014968B9001C0037496861B040E3
:105E70005258381137B90037FFC038590114070696
:105E80002734373205140706273437320121262FED
:105E9000010607061514170727361336133635344F
:105EA0002726273736171613121716171601030160
:105EB00036373603DF665E0A655DFEEB665E0A65B1
:105EC0005D02F9FEAF1F4D6F8DE5FE0446A942CA83
:105ED00050DF02402322C157195382894839313B90
:105EE000FE0AC2FEBB41B927059D4D02024F450A7D
:105EF0004D4D02024F440BFA15699FE61C9BAC7591
:105F00000B0A01012E018C9C01BD0A0A3C311516B9
:105F10000E062F9DFED7FEC78F71394501FE017415
:105F2000FD954B4C100000040024FFFF05AB065DFF
:105F3000000E002F0039003F0087403801404040EC
:105F4000410F3C3B133C3A25211B19170F12130933
:105F50002A2C28282C3B3A3B3C081F1D1D1F3404CB
:105F60000830040004073632070C0C26031A100F01
:105F700001011B46762F3718003F3C3C3F2F10FD98
:105F80002FFD012FFD2FFD872E0EC40EFC08C487A8
:105F90002E0EC40EC40EFC0EC4012E2E2E2E2E2E3E
:105FA0002E2E002E2E2E3130014968B9001B0040E4
:105FB000496861B0405258381137B90040FFC038C5
:105FC0005901140706232227263534373633321673
:105FD0000121262F01060706151417072736133649
:105FE0001336353427262737361716131217161788
:105FF0001601342322151433323736130301363792
:106000003603B63C385B573A3E3C395A587701F56F
:10601000FEAF1F4D6F8DE5FE0446A942CA50DF0258
:10602000402322C157195382894839313BFDEF6023
:1060300060602E1B171BC2FEBB41B92705A05A3258
:106040002F31345659333166FA08699FE61C9BACF0
:10605000750B0A01012E018C9C01BD0A0A3C311509
:10606000160E062F9DFED7FEC78F71394505798123
:10607000817D2923FCB60174FD954B4C1000000274
:106080000024FFFA073A04CF0048004E00AF405109
:10609000014F4F4050004B4A463A362A0A4B47467A
:1060A00034312A29271E1D1C1204004A494A4B0874
:1060B000161414160907053C1805334905334240E8
:1060C000410702302E2F07204306022D06203806F6
:1060D000343325242221042003110103020101127B
:1060E00046762F3718003F3C3F3F173C2F3CFD10B2
:1060F000FD10FD10FD3C3C10FD3C3C012FFD10FD52
:106100002FFD3C872E0EC40EFC08C4012E2E2E2E11
:106110002E2E2E2E2E2E2E2E2E2E002E2E2E2E2ECD
:106120002E2E3130014968B90012004F496861B024
:10613000405258381137B9004FFFC038592506234F
:106140002127373637362F0106050407061507279E
:10615000360136013635342F0237273F01333736C3
:106160001721321706151727262F020F01160321B4
:106170000F012623222726070217161F013F01368B
:106180003F010714010301363736073A121CFCF6AB
:106190002553190703030779FEC9FEB4350547A83F
:1061A0006C01673101FA160801531403070D961D9F
:1061B0001E1502241C122E093C5D8E32335321071A
:1061C0000301F64A6561B5061112090426050A4164
:1061D00033328E5D3C09FD3A1AFDB762DC541B2157
:1061E000232E1910355EE616A1AC750B0A01013A93
:1061F000018035022421201312012E1403010B0209
:106200000204214A1B441346190402020386FF00BC
:106210007D6083010103FE365D0C12020204194603
:1062200013441B01C00174FD954A4D1D000100245B
:10623000FEBB055A04CD00380069402A01393940B7
:106240003A002519171206302E25171312040300E1
:106250002B041D0C053410062127072108060021F8
:10626000380003013446762F3718003F3C2F10FDCD
:1062700010FD10FD012FFD2FFD2E2E2E2E2E2E2E69
:106280002E2E002E2E2E2E2E3130014968B90034CC
:106290000039496861B0405258381137B90039FFA8
:1062A000C038590107061D010615262122070615CB
:1062B0001417163320131506050615343332171636
:1062C000151407062322272637163332373635347E
:1062D000261534372627261110373621055A48331C
:1062E0000490FEECFC9BA67B87E50122D6A3FEF082
:1062F00006090F2C440424ED21293908223E562A90
:10630000099002F99BBBFBD8014004CD3B352C2AF8
:106310000A47B7838DF7E19BAB013FFA8D150F0755
:106320000F314C190F0C6F141C2B29430E0F2068D2
:106330000105091591AE01300130A790000200243B
:10634000FFFC03820662000D003F009140400140C7
:106350004040410E3D322E2301003E3D2C232220A1
:106360001C120E0903010036352B032A04191839B3
:1063700037380710292728071D3606102A061D2C36
:106380002B06300B0A1E1D03111001011C46762F2F
:106390003718003F3C3F3C2F3C2FFD3C10FD10FDCB
:1063A00010FD3C3C10FD3C3C012F3CFD173C2E2ECB
:1063B0002E2E2E2E2E2E2E2E2E2E2E002E2E2E2E2B
:1063C0002E2E3130014968B9001C0040496861B087
:1063D000405258381137B90040FFC03859012336B0
:1063E000353427262726273733171601062321277A
:1063F000373637343F0111342F0137213217061554
:106400001727262F020F0111210F012627222726E9
:106410000617131F013F01363F010714028FB00A10
:1064200010372226530DCF2E34013D121CFCF625C9
:10643000531B070301275325030A1C122E093C5D39
:106440008E3233532802014A655BBB0413141201D8
:1064500001285333328E5D3C09052714040E19546C
:1064600021242F346B79FA9F21232E1C110D1B023E
:1064700003862B272E23214A1B44134619040202AC
:1064800004FE7B7D607B0801010506FDC704020256
:1064900004194613441B00020024FFFC0382066219
:1064A000000D003F0091404001404040410E3D3210
:1064B0002E2309083E3D2C2322201C120E0908061B
:1064C0000036352B032A04191839373807102927C5
:1064D00028071D3606102A061D2C2B06300D0C1E13
:1064E0001D03111001011C46762F3718003F3C3F59
:1064F0003C2F3C2FFD3C10FD10FD10FD3C3C10FDE1
:106500003C3C012F3CFD173C2E2E2E2E2E2E2E2EE7
:106510002E2E2E2E2E002E2E2E2E2E2E31300149D6
:1065200068B9001C0040496861B0405258381137C2
:10653000B90040FFC03859010607060706151617AF
:1065400023363F01330106232127373637343F01F5
:1065500011342F013721321706151727262F020F66
:106560000111210F0126272227260617131F013F9D
:1065700001363F010714028F53262237100109B05C
:106580004A342ECF0100121CFCF625531B070301D1
:10659000275325030A1C122E093C5D8E32335328E3
:1065A00002014A655BBB0413141201012853333204
:1065B0008E5D3C09062E2F242154190E04145779A0
:1065C0006BF9BB21232E1C110D1B0203862B272EDA
:1065D00023214A1B4413461904020204FE7B7D60FA
:1065E0007B0801010506FDC7040202041946134495
:1065F0001B0000020024FFFC038206590018004A19
:10660000009B4045014B4B404C19483D392E0F0E25
:106610000D0601004948372E2D2B271D190F0D0897
:106620000401004140360335042423444243071B40
:10663000343233072841061B3506283736063B150A
:106640002928031C1B01012746762F3718003F3CE1
:106650003F3C2F2FFD3C10FD10FD10FD3C3C10FD7C
:106660003C3C012F3CFD173C2E2E2E2E2E2E2E2E86
:106670002E2E2E2E2E2E2E002E2E2E2E2E2E2E2E68
:106680002E2E3130014968B90027004B496861B0AE
:10669000405258381137B9004BFFC03859012337E1
:1066A000363726270615161F032723363736373683
:1066B000371617161306232127373637343F0111B3
:1066C000342F013721321706151727262F020F0105
:1066D00011210F0126272227260617131F013F012C
:1066E000363F01071402EFCA1B080D106056010364
:1066F00002020213DF3B6A2F142B22137B50C812B5
:106700001CFCF625531B070301275325030A1C1203
:106710002E093C5D8E3233532802014A655BBB046F
:106720001314120101285333328E5D3C09051F16E4
:1067300004161676582502170D0B14062C6439130F
:10674000312D168355FAB221232E1C110D1B020385
:10675000862B272E23214A1B4413461904020204C8
:10676000FE7B7D607B0801010506FDC70402020473
:10677000194613441B0000030024FFFC038205EAB2
:106780000007000F00410096404401424240431080
:106790003F343025403F2E2524221E1410040500CE
:1067A00008050C38372D032C041B1A0A0206063B79
:1067B000393A07122B292A071F3806122C061F2EDA
:1067C0002D06320E06201F03131201011E46762FDE
:1067D0003718003F3C3F3C2F3C2FFD3C10FD10FD87
:1067E00010FD3C3C10FD3C3C10FD3C012F3CFD17D6
:1067F0003C2FFD2FFD2E2E2E2E2E2E2E2E2E002E39
:106800002E2E2E3130014968B9001E0042496861C0
:10681000B0405258381137B90042FFC038590114FE
:1068200007062734373205140706273437320106A6
:10683000232127373637343F0111342F01372132D6
:106840001706151727262F020F0111210F012627E2
:106850002227260617131F013F01363F01071402A6
:10686000C3665E0A655DFEEB665E0A655D01EC125D
:106870001CFCF625531B070301275325030A1C1292
:106880002E093C5D8E3233532802014A655BBB04FE
:106890001314120101285333328E5D3C09059D4DBE
:1068A00002024F450A4D4D02024F440BFA33212399
:1068B0002E1C110D1B0203862B272E23214A1B445D
:1068C00013461904020204FE7B7D607B080101056A
:1068D00006FDC704020204194613441B00020024EB
:1068E000000002080662000D001F005B402201202C
:1068F000204021000100190F0E0903010011041BA3
:106900001312041C1B0B0A1B1A030F0E010119465C
:10691000762F3718003F3C3F3C2F3C012F3CFD3C7D
:1069200010FD2E2E2E2E2E2E2E002E2E3130014911
:1069300068B900190020496861B0405258381137D1
:10694000B90020FFC03859012336353427262726C1
:1069500027373317161321363F01113427262726F0
:10696000273721111417160208B00A1037222653B0
:106970000DCF2E3442FED42A0A063611583F0C2F72
:1069800001720708052714040E195421242F346BB3
:1069900079FA8236235203285E260C1D152F09FB37
:1069A000DE46171B00020024000002080662000DEC
:1069B000001F005E4024012020402100190F0E0915
:1069C00008060011041B1312041C1B0908060C0DF9
:1069D0000C1B1A030F0E01011946762F3718003FC2
:1069E0003C3F3C2F3C10FD3C012F3CFD3C10FD2E5C
:1069F0002E2E2E2E2E2E003130014968B90019009E
:106A000020496861B0405258381137B90020FFC0A2
:106A1000385901060706070615161723363F0133B6
:106A20001321363F01113427262726273721111439
:106A30001716020853262237100109B04A342ECF08
:106A400005FED42A0A063611583F0C2F017207089A
:106A5000062E2F242154190E041457796BF99E36F3
:106A6000235203285E260C1D152F09FBDE46171B3B
:106A7000000200240000026B06590018002A00637F
:106A80004026012B2B402C000F0E0D060100241A6E
:106A9000190F0D0401000804261E1D0427261526C3
:106AA00025031A1901010F46762F3718003F3C3F86
:106AB0003C2F012F3CFD3C10FD2E2E2E2E2E2E2E77
:106AC0002E002E2E2E2E2E2E3130014968B9000FA9
:106AD000002B496861B0405258381137B9002BFF7C
:106AE000C03859012337363726270615161F0327C6
:106AF000233637363736371617160321363F01113E
:106B0000342726272627372111141716026BCA1B94
:106B1000080E106156010302020213DE3A6A2F14B6
:106B20002B2314795033FED42B09063611583E0D11
:106B30002F01720708051F1604161676582502172E
:106B40000D0B14062C643913312D188156FA963624
:106B5000235203285D270C1D143009FBDE46171B4A
:106B6000000300240000023C05EA0007000F00219A
:106B7000006040260122224023001B111004050062
:106B800008050C13041D1514041E1D0A0206060E2A
:106B9000061D1C03111001011B46762F3718003FFC
:106BA0003C3F3C2F3C10FD3C012F3CFD3C10FD2F99
:106BB000FD2FFD2E2E2E003130014968B9001B003B
:106BC00022496861B0405258381137B90022FFC0DD
:106BD00038590114070627343732051407062734BD
:106BE00037321321363F0111342726272627372134
:106BF00011141716023C665E0A655DFEEB665E0ABE
:106C0000655DF1FED42A0A063611583F0C2F017239
:106C10000708059D4D02024F450A4D4D02024F44A3
:106C20000BFA1636235203285E260C1D152F09FB7E
:106C3000DE46171B00020024FFDF059604CD001975
:106C40000039006C4030013A3A403B00310D0A07F0
:106C50002B0D1A0500323123220805070412110AF0
:106C6000030927062F3606031E06162B02160309F4
:106C7000010301010D46762F3718003F3F3F3F10BB
:106C8000FD10FD2FFD012F173CFD173C2FFD2E2E73
:106C9000002E2E2E2E3130014968B9000D003A49E0
:106CA0006861B0405258381137B9003AFFC03859BE
:106CB0000110002122272627150711060F0136375C
:106CC000363711363736332017160334272623225A
:106CD00007061D0116171633323736370607062307
:106CE000222711161716333237360596FE9BFEE81B
:106CF0005A607034B7311C934D20343FB29A54AA75
:106D0000010AA29CD66273D28B646F273B082A4A81
:106D10004510624F214B6F26453A705D5FC0776822
:106D20000263FEE8FE94181C33460101F4070E4A84
:106D300078223712017D734224B2ABFEF3D48FA7C1
:106D40004A5286E30C0F022E0B5496275915FECE9D
:106D5000311D18B8A10000020024FFF30509060840
:106D600000150037008F40400138384039162F1E7B
:106D7000140C0904002C24231B190C001D1E091ED1
:106D80001F2F2F302E2E2F363505161F1E042726B7
:106D9000302F0437161037362E032D032423011B02
:106DA0000119011801012C46762F3718003F3F3F8B
:106DB0003F3C3F173C2F012F3CFD3C2F3CFD3C103E
:106DC000FD3C872E08C408FC0EC4012E2E2E2E2E4C
:106DD0002E2E002E2E2E2E2E2E2E3130014968B949
:106DE000002C0038496861B0405258381137B9005A
:106DF00038FFC03859010607062F0126272623220F
:106E00000F013637361F02163736011407271617BB
:106E10002627011114171617213635112726272684
:106E200027372101113427262F0135330451482CEF
:106E30004351406325181C1B1E82511E4959436C47
:106E400052270901351D12040A222FFCCE34235883
:106E5000FEAF435322300D3055010E0323070616B3
:106E60006DEF05D64C1A280D122F060404204E1281
:106E70002C0E132E0E0401FA913E0A04020811355D
:106E800003A4FD565B503652715C03793209120738
:106E9000280BFC5702A82B0F15245539000300249A
:106EA000FFDF05A20662000B001B002B00574021EC
:106EB000012C2C402D0C0100070301002405141C9B
:106EC000050C2806102006180908180310010114E3
:106ED00046762F3718003F3F2F3C10FD10FD012F45
:106EE000FD2FFD2E2E2E2E002E2E3130014968B999
:106EF0000014002C496861B0405258381137B9006D
:106F00002CFFC0385901233635342726273733174D
:106F100016011007062120272611103736212017C9
:106F200016031027262322070615141716333237A7
:106F3000360395B0090F557D0DCF2E350256DCC8AE
:106F4000FEE5FEE1C4DCDCC7011C011EC5DCD699F0
:106F500089C7EC837A7B84EAEA847B0527140410D2
:106F6000178345346B7BFCEBFECDB3A2A2B5013198
:106F70000132B3A2A2B5FED001069989A295F1EF24
:106F800096A3A39600030024FFDF05A20662000D6E
:106F9000001D002D00574021012E2E402F0E090804
:106FA000090806002605161E050E2A061222061AD4
:106FB0000D0C1A031201011646762F3718003F3FB9
:106FC0002F3C10FD10FD012FFD2FFD2E2E2E2E002B
:106FD0002E2E3130014968B90016002E496861B083
:106FE000405258381137B9002EFFC03859010607F2
:106FF00006070615161723363F0133011007062131
:107000002027261110373621201716031027262394
:1070100022070615141716333237360395512824E4
:1070200035100109B04A342ECF021ADCC8FEE5FE45
:10703000E1C4DCDCC7011C011EC5DCD69989C7ECA4
:10704000837A7B84EAEA847B062E2C272352190E4E
:10705000041457796BFC05FECDB3A2A2B501310132
:1070600032B3A2A2B5FED001069989A295F1EF969E
:10707000A3A3960000030024FFDF05A20659001811
:107080000028003800614026013939403A190F0EB6
:107090000D0601000F0D0804010031052129051915
:1070A00035061D2D06251525031D01012146762FC8
:1070B0003718003F3F2F10FD10FD012FFD2FFD2E33
:1070C0002E2E2E2E2E002E2E2E2E2E2E313001491B
:1070D00068B900210039496861B040525838113709
:1070E000B90039FFC038590123373637262706152E
:1070F000141F032723363736373637161716011075
:1071000007062120272611103736212017160310D5
:10711000272623220706151417163332373603F4B1
:10712000C91B070E1061550303010212DF3B692FD3
:10713000142B2318755301E0DCC8FEE5FEE1C4DC26
:10714000DCC7011C011EC5DCD69989C7EC837A7B9C
:1071500084EAEA847B051F160416167658250C0D62
:107160000D0B14062C643913312D1E7B58FCFFFEC9
:10717000CDB3A2A2B501310132B3A2A2B5FED001B6
:10718000069989A295F1EF96A3A396000003002427
:10719000FFDF05A206080015002500350057402135
:1071A000013636403716140C0904000C002E051E5B
:1071B00026051632061A2A06221022031A01011E7B
:1071C00046762F3718003F3F2F10FD10FD012FFD91
:1071D0002FFD2E2E002E2E2E2E2E3130014968B975
:1071E000001E0036496861B0405258381137B90066
:1071F00036FFC03859010607062F0126272623220D
:107200000F013637361F02163736011007062120C8
:107210002726111037362120171603102726232280
:10722000070615141716333237360430482C4351ED
:10723000406325181C1B1E82511E4959436C52275E
:107240000901EFDCC8FEE5FEE1C4DCDCC7011C017E
:107250001EC5DCD69989C7EC837A7B84EAEA847BF5
:1072600005D64C1A280D122F060404204E122C0E9F
:10727000132E0E0401FCB7FECDB3A2A2B50131015D
:1072800032B3A2A2B5FED001069989A295F1EF967C
:10729000A3A3960000040024FFDF05A205EA00076F
:1072A000000F001F002F005C4025013030403110DE
:1072B00004050008050C2805182005100A0206061A
:1072C0002C061424061C0E061C0314010118467615
:1072D0002F3718003F3F2F3C10FD10FD10FD3C01E3
:1072E0002FFD2FFD2FFD2FFD003130014968B90022
:1072F000180030496861B0405258381137B9003031
:10730000FFC0385901140706273437320514070621
:10731000273437320110070621202726111037366F
:1073200021201716031027262322070615141716E7
:107330003332373603C8665D0B655EFEEA665D0B69
:10734000655E0306DCC8FEE5FEE1C4DCDCC7011CAB
:10735000011EC5DCD69989C7EC837A7B84EAEA846E
:107360007B059D4D02024F450A4D4D02024F440BD5
:10737000FC7DFECDB3A2A2B501310132B3A2A2B50C
:10738000FED001069989A295F1EF96A3A39600017C
:107390000024015801F803A9000B00AE4055010C70
:1073A0000C400D000702010B09060503000B0B0042
:1073B0000201020A090A030803040505060404057C
:1073C0000B0B000201020A090A0308030409090A57
:1073D0000808090B0A0B080809070607000800013E
:1073E0000504050202030606070101060903080257
:1073F000010646762F3718003F2F2F01872E08C42D
:1074000008C408C408FC08C408C408C4872E08C4FB
:1074100008FC08C408C408C4872E08C408FC08C4B3
:1074200008C408C4012E2E2E2E2E2E002E2E2E31F4
:1074300030014968B90006000C496861B0405258F3
:10744000381137B9000CFFC03859010727073F0131
:10745000273717370F0101F829C7D504778A21BAD2
:10746000D2037501E07AC7D5B7788A81BAD1B675EB
:1074700000030024FFB205A205790021002D00378A
:10748000007C4031013838403900372613062E275A
:107490001E1D1A17160B09372E08261E271D1D271D
:1074A00035050D2205002A06043106111D1C0908A8
:1074B0000401010D46762F3718003F2F3C2F3C2F3B
:1074C000FD10FD012FFD2FFD872E0EC40EC40EC42E
:1074D0000EFC0EC4012E2E2E2E2E2E2E2E2E002E03
:1074E0002E2E2E3130014968B9000D0038496861EF
:1074F000B0405258381137B90038FFC03859011020
:1075000007062122270607233F01241110373621C1
:107510003217373637352F02363B01071617160755
:107520003427262701171633323736012726232220
:10753000070615101705A2E0C5FEE49C87180DA7E5
:107540005314FECBCAC00133918D06020D041018EE
:107550002410D58B965452D6611B30FDD73248701B
:10756000E28980FEFE324275E8847BA70269FEC98B
:10757000B49E352A397320B00174012FB1A8320EA0
:1075800008390307193117E9519692AECA92292B8F
:10759000FC641924A79C02D41921A497EDFEE89756
:1075A00000020024FFE904C40662000B0044006EE0
:1075B000402E01454540460C0100413E3837272604
:1075C000201D0703010029051935050C2F06100998
:1075D000083C3B2303220315141203100101194632
:1075E000762F3718003F173C3F173C2F3C10FD010A
:1075F0002FFD2FFD2E2E2E2E2E2E2E2E2E2E2E2E0B
:10760000002E2E3130014968B900190045496861E2
:10761000B0405258381137B90045FFC038590123DE
:107620003635342726273733171601100706213041
:1076300027260F012027261134373637342F0136FD
:107640003321321F01150611141716171617363776
:1076500036373635102735373633213217070615BA
:107660001617160338B0090F557D0DCF2E3501D5ED
:107670008B99FEFB14131413FEFA988B676C0F178B
:10768000711E1401020F0A09DA65451B40757F3B24
:107690000F4C65DA0909100102141E71170E6D678F
:1076A0000527140410178345346B7BFCD8FF00AD0D
:1076B000BE01010101BEAD0100979B841709166C44
:1076C00021040E1DD1FE87E7845A15310506300CC2
:1076D0006383E80179D11D0E04216C160917849B80
:1076E00000020024FFE904C40662000D0046006E9B
:1076F000402E01474740480E090843403A3929289F
:10770000221F090806002B051B37050E3106120D36
:107710000C3E3D25032403171614031201011B46DA
:10772000762F3718003F173C3F173C2F3C10FD01C8
:107730002FFD2FFD2E2E2E2E2E2E2E2E2E2E2E2EC9
:10774000002E2E3130014968B9001B00474968619D
:10775000B0405258381137B90047FFC038590106B8
:107760000706070615161723363F013301100706D3
:10777000213027260F012027261134373637342FA2
:1077800001363321321F011506111417161716176B
:107790003637363736351027353736332132170727
:1077A0000615161716033E53262237100109B04A54
:1077B000342ECF01938B99FEFB14131413FEFA9809
:1077C0008B676C0F17711E1401020F0A09DA6545E9
:1077D0001B40757F3B0F4C65DA0909100102141E2E
:1077E00071170E6D67062E2F242154190E0414579D
:1077F000796BFBF2FF00ADBE01010101BEAD0100DE
:10780000979B841709166C21040E1DD1FE87E7840F
:107810005A15310506300C6383E80179D11D0E0439
:10782000216C160917849B0000020024FFE904C4A0
:107830000659001800510078403301525240531944
:107840000F0E0D0601004E4B454434332D2A0F0D0B
:10785000080401003605264205193C061D15494855
:1078600030032F0322211F031D01012646762F37E7
:1078700018003F173C3F173C2F10FD012FFD2FFD37
:107880002E2E2E2E2E2E2E2E2E2E2E2E2E2E002E46
:107890002E2E2E2E2E3130014968B9002600524975
:1078A0006861B0405258381137B90052FFC038599A
:1078B000012337363726270615161F0327233637A9
:1078C0003637363716171601100706213027260FD0
:1078D000012027261134373637342F013633213231
:1078E0001F011506111417161716173637363736B7
:1078F0003510273537363321321707061516171678
:10790000039ECA1B080D106056010302020213DF1A
:107910003B6A2F142B22137B50015B8B99FEFB14C7
:10792000131413FEFA988B676C0F17711E14010263
:107930000F0A09DA65451B40757F3B0F4C65DA0974
:1079400009100102141E71170E6D67051F1604162B
:107950001676582502170D0B14062C643913312D99
:10796000168355FCE9FF00ADBE01010101BEAD016A
:1079700000979B841709166C21040E1DD1FE87E722
:10798000845A15310506300C6383E80179D11D0E48
:1079900004216C160917849B00030024FFE904C42A
:1079A00005EA0007000F00480073403201494940D2
:1079B0004A1045423C3B2B2A242104050008050CB3
:1079C0002D051D3905100A0206063306140E064061
:1079D0003F27032603191816031401011D46762FAD
:1079E0003718003F173C3F173C2F3C10FD10FD3C63
:1079F000012FFD2FFD2FFD2FFD2E2E2E2E2E2E2E94
:107A00002E003130014968B9001D0049496861B054
:107A1000405258381137B90049FFC038590114078E
:107A2000062734373205140706273437320110078A
:107A300006213027260F0120272611343736373408
:107A40002F01363321321F01150611141716171690
:107A50001736373637363510273537363321321754
:107A60000706151617160372665E0A655DFEEB665D
:107A70005E0A655D027F8B99FEFB14131413FEFAF8
:107A8000988B676C0F17711E1401020F0A09DA65D3
:107A9000451B40757F3B0F4C65DA09091001021444
:107AA0001E71170E6D67059D4D02024F450A4D4D23
:107AB00002024F440BFC6AFF00ADBE01010101BE92
:107AC000AD0100979B841709166C21040E1DD1FE91
:107AD00087E7845A15310506300C6383E80179D1B4
:107AE0001D0E04216C160917849B00020024FEDF82
:107AF00004F905E8000C002D006C402B012E2E40EF
:107B00002F0D272C2A2523201C1B1A120D06001BC3
:107B10001A1B1C081C1D100F0F100A1B2120032DFF
:107B20000D030603012046762F3718003F3F3C3FE8
:107B30003C2F2F01872E0EC408FC08C4012E2E2EC8
:107B40002E2E2E2E2E2E2E2E2E002E313001496856
:107B5000B90020002E496861B0405258381137B939
:107B6000002EFFC0385901060706070607343736CE
:107B700037321605020901061514171617161716BF
:107B80001705010B0126272132170615140113369C
:107B90003726273703920317896C063ECC171E2021
:107BA000320167FBFEFDFE9B25071409102A2706FC
:107BB000FEB9017E96D502A201880824440114C7AB
:107BC0009106057544059A210C5E24021247AD13F7
:107BD0000A2EEFFE96FE5EFDC03C0A080508080668
:107BE0000D0C180602610116019503E420352D7372
:107BF000FE1C0121D3443F4D0E0000020024FFFF74
:107C000003ED04A4001C0027006C402E012828402E
:107C1000290013110B0A1305050D0405232218175B
:107C2000060505040F0E1D04002423070504222168
:107C3000071819170B0A01011346762F3718003F52
:107C40003C2F2F3CFD3C2F3CFD3C012FFD2F3CFDEC
:107C5000173C10FD10FD2E2E002E2E3130014968EC
:107C6000B900130028496861B0405258381137B93B
:107C70000028FFC03859011407062B0115141716E8
:107C80001721363F0111342322073637363715378F
:107C9000361716073427262B01113332373603EDFA
:107CA000706AACFA07082CFED4290B06491A2F2E4D
:107CB000653086FAA96C71AD323A6DFAF96E3A32D6
:107CC0000246AA625E3246171B33362352031E4A0F
:107CD0000B4926121CF401016164A7734E5CFDC7B9
:107CE0005B4D00010022FF6103F1051F003C0063B2
:107CF0004027013D3D403E000A392E2C1A0A0B0D4B
:107D000005261405001C05362524042A27261106FD
:107D1000062006323226012A46762F3718002F2FEA
:107D200010FD2FFD012F3C3CFD3C2FFD2FFD10FDD4
:107D30003C2E2E2E2E2E002E3130014968B9002AFD
:107D4000003D496861B0405258381137B9003DFFD5
:107D5000C03859251407060706232227263517148D
:107D6000271617163332363534272627263536356B
:107D70003427262322070615110711342635263706
:107D800022353437363332171615140F01161704FF
:107D900003F1715337235B9C6555D20103173542BC
:107DA000455B7B3AAB7BC52128424C3029B90201A7
:107DB0004A187DB22C885351528C11D8010BBB8BC1
:107DC000503B0E095044C42F500726183661458198
:107DD0005628765568669048404E5D505AFC6EA411
:107DE0000433051305825B070F33485C58896656D8
:107DF0007117819F00030024FFF802FB04A0000D0F
:107E0000002F003A00724030013B3B403C0E3125D0
:107E1000150F0E25130E090301003130150321043F
:107E20002C2B37041B0100060A3906172307270BE2
:107E30000A27021701011B46762F3718003F3F2FF4
:107E40003C10FD10FD10FD3C012FFD2F3CFD173CAB
:107E50002E2E2E2E2E2E2E002E2E2E2E2E31300198
:107E60004968B9001B003B496861B040525838115D
:107E700037B9003BFFC03859012336353427262750
:107E800026273733171601232227263736370623AE
:107E9000222726353437363736372623220736331E
:107EA000321716151114171627110607060706159F
:107EB000143332023FB00A10372226530DCF2E342E
:107EC0000106CC19110E03010476606F4650B29F73
:107ED0002D411D536C5A8B7BBF5E65430A18BE2F24
:107EE0003D7B0F398351036514040E195421242F4F
:107EF000346B79FC451D180A050B5832386BC630B7
:107F00002B141D3631257222204CFE20050D42AC6B
:107F1000013C31152B0A275C870000030024FFF881
:107F200002FB04A0000D002F003A006F402E013B21
:107F30003B403C0E3125150F0E090825130E09088C
:107F400006003130150321042C2B37041B3906178A
:107F50002307270D0C27021701011B46762F371820
:107F6000003F3F2F3C10FD10FD012FFD2F3CFD1762
:107F70003C2E2E2E2E2E2E2E002E2E2E2E2E2E2E41
:107F80003130014968B9001B003B496861B040527B
:107F900058381137B9003BFFC038590106070607AA
:107FA0000615161723363F013313232227263736AB
:107FB000370623222726353437363736372623220D
:107FC0000736333217161511141716271106070630
:107FD000070615143332023F53262237100109B029
:107FE0004A342ECFC9CC19110E03010476606F46B6
:107FF00050B29F2D411D536C5A8B7BBF5E65430A67
:1080000018BE2F3D7B0F398351046C2F2421541946
:108010000E041457796BFB611D180A050B58323892
:108020006BC6302B141D3631257222204CFE2005E4
:108030000D42AC013C31152B0A275C87000300245C
:10804000FFF802FB04A9001700390044007940330F
:108050000145454046183B2F1F19180E0D0B060110
:10806000002F1D180E0B080401003B3A1F032B04C0
:1080700036354104254306212D07311431022101F3
:10808000012546762F3718003F3F2F10FD10FD01C8
:108090002FFD2F3CFD173C2E2E2E2E2E2E2E2E2E5B
:1080A000002E2E2E2E2E2E2E2E2E2E2E313001492B
:1080B00068B900250045496861B040525838113709
:1080C000B90045FFC0385901233736372627061532
:1080D0001F0226272336373637363716171613234F
:1080E00022272637363706232227263534373637D8
:1080F0003637262322073633321716151114171672
:108100002711060706070615143332029FCA1B08FB
:108110000D1060560602021003DF3B6A2F142B225B
:10812000137B5091CC19110E03010476606F4650F9
:10813000B29F2D411D536C5A8B7BBF5E65430A185D
:10814000BE2F3D7B0F398351036F150516167658E8
:1081500025270A1404022B653913312D168355FC8B
:10816000461D180A050B5832386BC6302B141D36C5
:1081700031257222204CFE20050D42AC013C311508
:108180002B0A275C870000030024FFF80302042D5C
:10819000001500370042006F402E01434340441653
:1081A000392D1D1716140C0904002D1B160C00394F
:1081B000381D03290434333F042341061F2B072FA6
:1081C000102F021F01010C46762F3718003F3F2F5A
:1081D00010FD10FD012FFD2F3CFD173C2E2E2E2EE5
:1081E0002E002E2E2E2E2E2E2E2E2E2E31300149EA
:1081F00068B9000C0043496861B0405258381137E3
:10820000B90043FFC03859010607062F012627266B
:1082100023220F013637361F021637321323222747
:108220002637363706232227263534373637363772
:108230002623220736333217161511141716271165
:1082400006070607061514333202E2492A43514055
:108250006425181B1C1E814F204A58426D5425046A
:10826000A1CC18120E03030276606D4751B29E2E08
:10827000421C526D5A8B7CBE5F64430A18BE2D3F70
:1082800079103A835103FB4D19280D122F0604046F
:10829000204D132C0E132E0E04FC2D1D170B070959
:1082A00058333969C6302B141E3531257222204CC3
:1082B000FE20050D42AC013C30162A0B275C8700DE
:1082C00000040024FFF802FB04230007000F003124
:1082D000003C00744032013D3D403E1033271711F1
:1082E000102715103332170323042E2D0405000820
:1082F000050C39041D0A0206063B06192507290E3E
:108300000629021901011D46762F3718003F3F2F1D
:108310003C10FD10FD10FD3C012FFD2FFD2FFD2F0A
:108320003CFD173C2E2E2E002E2E2E2E2E313001EF
:108330004968B9001D003D496861B0405258381184
:1083400037B9003DFFC038590114070627343732CA
:1083500005140706273437320123222726373637FC
:108360000623222726353437363736372623220789
:10837000363332171615111417162711060706077C
:1083800006151433320273665E0A655DFEEB665EA7
:108390000A655D01B5CC19110E03010476606F46C4
:1083A00050B29F2D411D536C5A8B7BBF5E65430AB3
:1083B00018BE2F3D7B0F39835103D64D02024F4526
:1083C0000A4D4D02024F440BFBDE1D180A050B58E7
:1083D00032386BC6302B141D3631257222204CFEEC
:1083E00020050D42AC013C31152B0A275C870002A9
:1083F0000024FFF802FB02D30021002C005F40267E
:10840000012D2D402E002317070100170500232200
:10841000070313041E1D29040D2B0609150719193E
:10842000020901010D46762F3718003F3F10FD105D
:10843000FD012FFD2F3CFD173C2E2E2E002E2E2E43
:108440002E2E3130014968B9000D002D496861B008
:10845000405258381137B9002DFFC0385925232212
:108460002726373637062322272635343736373640
:1084700037262322073633321716151114171627FD
:108480001106070607061514333202FBCC19110E2C
:1084900003010476606F4650B29F2D411D536C5A04
:1084A0008B7BBF5E65430A18BE2F3D7B0F3983511E
:1084B000011D180A050B5832386BC6302B141D36B7
:1084C00031257222204CFE20050D42AC013C3115B5
:1084D0002B0A275C870000040024FFEE04E702D388
:1084E0000034003C0040004B00974043014C4C409E
:1084F0004D00423F3E3D3C38251F0F04003F3D3CB0
:10850000352B1F0D0907002B2C08353C3C35480442
:10851000152D2C0442410F031B4A06111D07213162
:108520000602270221021101090102010115467606
:108530002F3718003F3F3F3F3F10FD10FD10FD015A
:108540002F173CFD3C2FFD872E0EC40EFC0EC401E0
:108550002E2E2E2E2E2E2E2E2E2E002E2E2E2E2E69
:108560002E2E2E2E2E2E3130014968B90015004CCA
:10857000496861B0405258381137B9004CFFC038D3
:108580005901022122270E011516172722263736F8
:108590003706232227263534373637363726232227
:1085A00007363332171617363332171617051514D8
:1085B000171633323736032E01070607060717232F
:1085C0000734071106070607061514333204E76758
:1085D000FEF97A61054302062F1426050203766030
:1085E0006F4650B29F2D411D536C5A8B7BBF5E6509
:1085F00025125B867F4C432EFE064548735E56521D
:10860000BA0C6337542A1616010102AD2F3D7B0FB9
:108610003983510110FEDE4A052B030302012C139E
:10862000060A5832386BC6302B141D36312572229B
:10863000122145413A7E5A067552583936014B3659
:1086400041070B433332530C06AC013C31152B0A66
:10865000275C870000010024FEBB02CE02C300405D
:108660000069402A0141414042002F1408060031B0
:108670002F2B1F1D14060302001A040C3904233D7E
:108680000610160710350727102702012346762FFC
:108690003718003F2F10FD10FD10FD012FFD2FFD9D
:1086A0002E2E2E2E2E2E2E2E2E2E002E2E2E2E2E18
:1086B0003130014968B900230041496861B0405236
:1086C00058381137B90041FFC0385925060715221F
:1086D00006153433321716151407062322272637BA
:1086E00016333237363534261534372627263534B7
:1086F0003736333217161514070607363534272652
:1087000023220706151417163332373602CE408C53
:10871000050D090F2C440424ED21293908223E5669
:108720002A099007734B667C709B3E637240351D2F
:108730000A332C38653930484A732D4453CEAC285F
:108740000621070F314C190F0C6F141C2B29430EF7
:108750000F2068010B17154E6AB4956057262C320E
:10876000102B240D191635211D5C4E6B744F521EB3
:10877000250000030024FFEE030504A0000D0027E0
:10878000002F0071402C01303040310E2F2B1E1C69
:108790000E01002F281C1A0E090301002F28081BA8
:1087A0001A1A1B2004132406100B0A1602100101CA
:1087B0001346762F3718003F3F2F3C10FD012FFD49
:1087C000872E0EC40EFC0EC4012E2E2E2E2E2E2E03
:1087D0002E2E002E2E2E2E2E2E2E3130014968B92F
:1087E00000130030496861B0405258381137B90061
:1087F00030FFC0385901233635342726272627373E
:108800003317161302212226353436333217161742
:1088100005073637161514171633323736032E016F
:1088200007060706070257B00A10372226530DCF56
:108830002E34F867FEF998DBC5A67F4C432EFE0266
:10884000020203014448745E5652BA0C6337542A3C
:108850001616036514040E195421242F346B79FD68
:1088600054FEDED397A6C5413A7E5B0C0A09040884
:108870007751573936014B3641070B4333320003EA
:108880000024FFEE030504A0000D0027002F007157
:10889000402C01303040310E2F2B1E1C0E09082FAA
:1088A000281C1A0E090806002F28081B1A1A1B205C
:1088B00004132406100D0C16021001011346762F26
:1088C0003718003F3F2F3C10FD012FFD872E0EC4AF
:1088D0000EFC0EC4012E2E2E2E2E2E2E2E2E002EEF
:1088E0002E2E2E2E2E2E3130014968B90013003065
:1088F000496861B0405258381137B90030FFC0386C
:108900005901060706070615161723363F013313CC
:10891000022122263534363332171617050736372B
:10892000161514171633323736032E0107060706BD
:1089300007025753262237100109B04A342ECFBB05
:1089400067FEF998DBC5A67F4C432EFE02020203A8
:10895000014448745E5652BA0C6337542A16160402
:108960006C2F242154190E041457796BFC70FEDE11
:10897000D397A6C5413A7E5B0C0A09040877515784
:108980003936014B3641070B4333320000030024D4
:10899000FFEE030504A9001700310039007B4031C8
:1089A000013A3A403B1839352826180E0D0B0601BE
:1089B0000039322624180E0B08040100393208252C
:1089C0002424252A041D2E061A1420021A01011D32
:1089D00046762F3718003F3F2F10FD012FFD872EC1
:1089E0000EC40EFC0EC4012E2E2E2E2E2E2E2E2E3A
:1089F0002E2E002E2E2E2E2E2E2E2E2E2E2E3130C0
:108A0000014968B9001D003A496861B040525838C0
:108A10001137B9003AFFC0385901233736372627B6
:108A200006151F0226272336373637363716171610
:108A3000130221222635343633321716170507362E
:108A400037161514171633323736032E010706076B
:108A5000060702B7CA1B080D106056060202100373
:108A6000DF3B6A2F142B22137B508367FEF998DBC0
:108A7000C5A67F4C432EFE02020203014448745EE9
:108A80005652BA0C6337542A1616036F150516167C
:108A9000765825270A1404022B653913312D1683C5
:108AA00055FD55FEDED397A6C5413A7E5B0C0A09FB
:108AB00004087751573936014B3641070B4333329F
:108AC00000040024FFEE030504230007000F002923
:108AD000003100764030013232403310312D201EFB
:108AE00010312A1E1C10312A081D1C1C1D040500F3
:108AF00008050C2204150A0206062606120E0618A0
:108B0000021201011546762F3718003F3F2F3C1007
:108B1000FD10FD3C012FFD2FFD2FFD872E0EC40EF5
:108B2000FC0EC4012E2E2E2E2E002E2E2E2E2E3179
:108B300030014968B900150032496861B0405258A7
:108B4000381137B90032FFC03859011407062734ED
:108B50003732051407062734373201022122263521
:108B6000343633321716170507363716151417160D
:108B700033323736032E010706070607028B665E7F
:108B80000A655DFEEB665E0A655D01A767FEF99802
:108B9000DBC5A67F4C432EFE02020203014448744B
:108BA0005E5652BA0C6337542A161603D64D02028B
:108BB0004F450A4D4D02024F440BFCEDFEDED397AC
:108BC000A6C5413A7E5B0C0A09040877515739362D
:108BD000014B3641070B43333200000200240000F2
:108BE00001AC04A0000B001C00594021011D1D40D8
:108BF0001E00170D0C0703010011100419180100C5
:108C0000060809081817020D0C01010746762F37D0
:108C100018003F3C3F3C2F3C10FD3C012F3CFD3CED
:108C20002E2E2E2E2E2E2E003130014968B900072F
:108C3000001D496861B0405258381137B9001DFF16
:108C4000C0385901233635342726273733171613F2
:108C500021373635113427262726272111141716D8
:108C600001ACB0090F557D0DCF2E353AFEE42E1321
:108C70002A1B0C132B012B06030365140410178306
:108C800045346B7BFC462D181F01AE3E15080808C5
:108C900033FDB4180D0C00020024000001AC04A048
:108CA000000D001E0056401F011F1F402000090834
:108CB000190F0E090806001312041B1A0D0C1A19BD
:108CC000020F0E01010946762F3718003F3C3F3C4A
:108CD0002F3C012F3CFD3C2E2E2E2E2E2E2E002E14
:108CE0002E3130014968B90009001F496861B04060
:108CF0005258381137B9001FFFC03859010607060E
:108D0000070615161723363F013303213736351171
:108D1000342726272627211114171601AC512824A1
:108D200035100109B04A342ECF02FEE42E132A1B5F
:108D30000C132B012B0603046C2C272352190E0451
:108D40001457796BFB602D181F01AE3E15080808FB
:108D500033FDB4180D0C000200240000026B04A9BE
:108D60000017002800604024012929402A000E0D28
:108D70000B0601002319180E0B080401001D1C042A
:108D8000252414242302191801010E46762F3718C2
:108D9000003F3C3F3C2F012F3CFD3C2E2E2E2E2E23
:108DA0002E2E2E2E002E2E2E2E2E2E3130014968E4
:108DB000B9000E0029496861B0405258381137B9DE
:108DC0000029FFC038590123373637262706151FDB
:108DD000022627233637363736371617160321373C
:108DE0003635113427262726272111141716026B32
:108DF000CA1B080E1061560602021003DE3A6A2FE3
:108E0000142B231479503AFEE42E132A1A0D122C37
:108E1000012B0603036F15051616765825270A142D
:108E200004022B653913312D188156FC462D181F6D
:108E300001AE3E1508080833FDB4180D0C00000300
:108E400000240000021304230007000F0020005B31
:108E500040230121214022001B11101514041D1C68
:108E600004050008050C0A0206060E061C1B02116A
:108E70001001010C46762F3718003F3C3F3C2F3C39
:108E800010FD3C012FFD2FFD2F3CFD3C2E2E2E0012
:108E90003130014968B9000C0021496861B0405285
:108EA00058381137B90021FFC03859011407062777
:108EB0003437320514070627343732132137363555
:108EC0001134272627262721111417160213665E50
:108ED0000A655DFEEB665E0A655DEAFEE42E132A16
:108EE0001A0D122C012B060303D64D02024F450A20
:108EF0004D4D02024F440BFBDD2D181F01AE3E15F8
:108F000008080833FDB4180D0C0000010024FFEE22
:108F100003B304A40044006C402D014545404600C5
:108F20003B3219003E373229040017051027050689
:108F300021041025070C1D06142D064139063F3E5D
:108F400014020C01013E46762F3718003F3F2F2FA9
:108F5000FD2FFD10FD10FD012FFD2FFD10FD2E2E0C
:108F60002E2E2E2E002E2E2E2E3130014968B900C5
:108F70003E0045496861B0405258381137B9004544
:108F8000FFC038590106070607161514070607061D
:108F90002726272635343736171E011514072627AE
:108FA0002627260706070617161716133635342701
:108FB00026232207060F013637363F0126232207D4
:108FC000262F0105041736373603B3231727374DED
:108FD0000414677ACDB26C5264619C658109084EB5
:108FE000392D5B392E090A2C346AC827042C1D162A
:108FF0001A1030376E2F1837572B4575576A1E27B2
:109000005A011C01099940210A04424F223A198C45
:10901000B2232CDA88A106069773739B5B5904036D
:10902000786423265F3C2C010355455D6E5564032F
:109030000501B82D32997F0203091C4B631D4311B2
:10904000035F3C501C410807C10C100500020024BE
:10905000FFF3031F042D0015003900724030013A60
:109060003A403B162E2D2C140C090400372C2625D3
:1090700017160C2E2D210320042A291A0400341C53
:109080000630103002262517031601012646762FDA
:109090003718003F173C3F2F10FD012F3CFD2F3CA0
:1090A000FD173C2E2E2E2E2E2E2E002E2E2E2E2E48
:1090B0002E2E2E3130014968B90026003A496861E8
:1090C000B0405258381137B9003AFFC0385901063C
:1090D00007062F0126272623220F013637361F02C7
:1090E000163732132137363534232207061511146B
:1090F0001F02213736351134273315363332171610
:1091000015140F0116170317492A435140642418F8
:109110001C1C1E814F204A58436C54250489FEF5BF
:109120000352C82D3C34133909FECB2F1543DF6E93
:109130008F9A62194903014103FB4D19280D122F23
:10914000060404204D132C0E132E0E04FC1F46970C
:10915000A9DC252017FE861E1826302D181F01E9D0
:1091600024413744A14357459F12193D0003002471
:10917000FFEE032F04A0000D001D002D005740211D
:10918000012E2E402F0E0100090301002604161E99
:10919000040E2A071222071A0B0A1A0212010116DC
:1091A00046762F3718003F3F2F3C10FD10FD012F52
:1091B000FD2FFD2E2E2E2E002E2E3130014968B9A6
:1091C0000016002E496861B0405258381137B90076
:1091D0002EFFC03859012336353427262726273756
:1091E0003317160114070623222726353437363362
:1091F00032171607342726232207061514171633AD
:10920000323736026DB00A10372226530DCF2E3476
:10921000010C706AACAA6B706E68AFAA6B71AD324C
:109220003A6D6D3A31303A6E6C3B32036514040E80
:10923000195421242F346B79FD9CAA625E5F63A8C8
:10924000AD615D6064A7734E5C5C4D746D4F605C96
:109250004E0000030024FFEE032F04A0000D001DAC
:10926000002D005A4023012E2E402F0E0908060023
:109270002604161E040E0908060C2A071222071AD5
:109280000D0C1A021201011646762F3718003F3FC7
:109290002F3C10FD10FD10FD3C012FFD2FFD2E2E4B
:1092A0002E2E003130014968B90016002E49686140
:1092B000B0405258381137B9002EFFC03859010656
:1092C0000706070615161723363F01331314070642
:1092D000232227263534373633321716073427260C
:1092E000232207061514171633323736026D53261C
:1092F0002237100109B04A342ECFCF706AACAA6B66
:10930000706E68AFAA6B71AD323A6D6D3A31303A1A
:109310006E6C3B32046C2F242154190E04145779BF
:109320006BFCB8AA625E5F63A8AD615D6064A77301
:109330004E5C5C4D746D4F605C4E00030024FFEE8C
:10934000032F04A9001700270037006140260138C9
:10935000384039180E0D0B0601000E0B08040100F1
:1093600030042028041834071C2C07241424021C61
:1093700001012046762F3718003F3F2F10FD10FDCA
:10938000012FFD2FFD2E2E2E2E2E2E002E2E2E2EB8
:109390002E2E3130014968B900200038496861B08B
:1093A000405258381137B90038FFC03859012337B7
:1093B0003637262706151F02262723363736373637
:1093C0003716171613140706232227263534373687
:1093D00033321716073427262322070615141716CB
:1093E0003332373602CDCA1B080D10605606020212
:1093F0001003DF3B6A2F142B22137B5097706AAC4B
:10940000AA6B706E68AFAA6B71AD323A6D6D3A316E
:10941000303A6E6C3B32036F1505161676582527C9
:109420000A1404022B653913312D168355FD9DAAAC
:10943000625E5F63A8AD615D6064A7734E5C5C4D66
:10944000746D4F605C4E00030024FFEE032F042D6B
:1094500000150025003500574021013636403716EB
:10946000140C0904000C002E041E26041632071AE0
:109470002A07221022021A01011E46762F371800F1
:109480003F3F2F10FD10FD012FFD2FFD2E2E002E32
:109490002E2E2E2E3130014968B9001E0036496843
:1094A00061B0405258381137B90036FFC038590101
:1094B0000607062F0126272623220F013637361FDF
:1094C000021637321314070623222726353437367F
:1094D00033321716073427262322070615141716CA
:1094E000333237360308492A4351406424181C1C80
:1094F0001E814F204A58436C542504A8706AACAAB8
:109500006B706E68AFAA6B71AD323A6D6D3A3130E7
:109510003A6E6C3B3203FB4D19280D122F060404E2
:10952000204D132C0E132E0E04FD84AA625E5F6381
:10953000A8AD615D6064A7734E5C5C4D746D4F6057
:109540005C4E00040024FFEE032F04230007000FED
:10955000001F002F005C4025013030403110040511
:109560000008050C2804182004100A0206062C071F
:109570001424071C0E061C021401011846762F370E
:1095800018003F3F2F3C10FD10FD10FD3C012FFD4A
:109590002FFD2FFD2FFD003130014968B900180063
:1095A00030496861B0405258381137B90030FFC0B7
:1095B00038590114070627343732051407062734B3
:1095C0003732011407062322272635343736333243
:1095D00017160734272623220706151417163332C9
:1095E000373602A0665D0B655EFEEA665D0B655E62
:1095F00001BB706AACAA6B706E68AFAA6B71AD32BA
:109600003A6D6D3A31303A6E6C3B3203D64D020200
:109610004F450A4D4D02024F440BFD35AA625E5F75
:1096200063A8AD615D6064A7734E5C5C4D746D4F63
:10963000605C4E00000300240131031B03D90007C6
:10964000000B00130054401F0114144015080A08B1
:109650000C0005100402060612060E0A090608068A
:109660000E0B0802010A46762F3718003F3C2F2FB9
:1096700010FD3C10FD10FD012F3CFD3C2E2E003155
:1096800030014968B9000A0014496861B040525875
:10969000381137B90014FFC0385901140722273494
:1096A00037320107213701140722273437320206E7
:1096B000655E0A665B012188FD9188015A655E0A34
:1096C000665B037B560B5F560AFEEB7F7FFECE5731
:1096D0000A5F570A00030024FF8103310369001D5C
:1096E00000280031008640370132324033003120FB
:1096F0000629211C1B18150B201C1B1A1B210829CD
:1097000013143131142F04090D1E04002507042BF6
:1097100007111B1A090813021102040101094676F8
:109720002F3718003F3F3F2F3C2F3C10FD10FD010D
:109730002FFD2F3CFD872E0EC40EC40EC40EFC0858
:10974000C40EC40EC4012E2E2E2E2E2E2E002E2E12
:109750002E3130014968B900090032496861B040D2
:109760005258381137B90032FFC038590114070672
:109770002322270615233F01263534373633321787
:109780003F012F02363B0107160734270116171633
:109790003332373603262322070615141703317098
:1097A0006BAB594B38AB5C29836E6AAD3D421408F4
:1097B0000413182410C584A5AD38FEEA131A252316
:1097C0006E3B3088232E6F3A2F1F0159A965621E08
:1097D0005F277D3F69B3AC64621327180E1E2F17F5
:1097E000DA62D47C4FFE3A0E0D0B614F0183116299
:1097F0004F725B4500020024FFE902EC04A0000B5D
:109800000037006C402B01383840390C2A291D1CC8
:1098100001003431302A291D1C19070301002D04D1
:109820000C20041624071009083130021001011C15
:1098300046762F3718003F3F3C2F3C10FD012FFD8F
:109840002FFD2E2E2E2E2E2E2E2E2E2E2E2E002E96
:109850002E2E2E2E2E3130014968B9001C003849B9
:109860006861B0405258381137B90038FFC03859D4
:1098700001233635342726273733171613140706E6
:1098800007062726272635343F01262F0121070604
:109890001514171617373637363715373635342F30
:1098A00001210706071F0116024CB0090F557D0D57
:1098B000CF2E35E95750A9A960311C194903043E40
:1098C00013010B0352282985043F19050C012B6550
:1098D0000E010D114101033D1C0365140410178393
:1098E00045346B7BFD77A54E47070744234E45451E
:1098F000459F12193D384697A98C2333040118213E
:1099000008100602564DA69648383D1910643E00D0
:1099100000020024FFE902EC04A0000D0039006FF2
:10992000402D013A3A403B0E2C2B1F1E3633322C71
:109930002B1F1E1B090806002F040E2204180908FD
:10994000060C2607120D0C3332021201011E467658
:109950002F3718003F3F3C2F3C10FD10FD3C012FDE
:10996000FD2FFD2E2E2E2E2E2E2E2E2E2E2E2E00A6
:109970002E2E2E2E3130014968B9001E003A49685A
:1099800061B0405258381137B9003AFFC038590118
:10999000060706070615161723363F01331314076B
:1099A0000607062726272635343F01262F012107E3
:1099B0000615141716173736373637153736353438
:1099C0002F01210706071F0116024C5128243510CC
:1099D0000109B04A342ECFAD5750A9A960311C19E6
:1099E0004903043E13010B0352282985043F19053E
:1099F0000C012B650E010D114101033D1C046C2C63
:109A0000272352190E041457796BFC91A54E470772
:109A10000744234E4545459F12193D384697A98C6A
:109A200023330401182108100602564DA696483823
:109A30003D1910643E0000020024FFE902EC04A975
:109A4000001800440076403001454540461937363D
:109A50002A290F0E0C060100413E3D37362A2926E1
:109A60000F0C080401003A04192D042331071D15B9
:109A70003E3D021D01012946762F3718003F3F3C2D
:109A80002F10FD012FFD2FFD2E2E2E2E2E2E2E2ED1
:109A90002E2E2E2E2E2E002E2E2E2E2E2E2E2E2E14
:109AA0002E3130014968B900290045496861B0404C
:109AB0005258381137B90045FFC03859012337369D
:109AC0003726270615141F02262723363736373642
:109AD00037161716131407060706272627263534C8
:109AE0003F01262F012107061514171617373637A1
:109AF000363715373635342F01210706071F011673
:109B000002ABC91B080D1061550303030F03DF3BB4
:109B1000692F142B23187553735750A9A960311C52
:109B2000194903043E13010B0352282985043F19E8
:109B3000050C012B650E010D114101033D1C036F46
:109B4000150615167658250D0D0D1E04022B6539C8
:109B500013312D1E7B58FD79A54E47070744234E30
:109B60004545459F12193D384697A98C233304017A
:109B7000182108100602564DA69648383D19106463
:109B80003E0000030024FFE902EC04230007000F5D
:109B9000003B0071402F013C3C403D102E2D212008
:109BA0003835342E2D21201D310410040500080500
:109BB0000C24041A0A0206062807140E063534027D
:109BC0001401012046762F3718003F3F3C2F3C10F0
:109BD000FD10FD3C012FFD2FFD2FFD2FFD2E2E2E04
:109BE0002E2E2E2E2E002E2E2E2E3130014968B90B
:109BF0000020003C496861B0405258381137B90024
:109C00003CFFC038590114070627343732051407C2
:109C1000062734373201140706070627262726357C
:109C2000343F01262F012107061514171617373662
:109C300037363715373635342F01210706071F0110
:109C400016027F665D0B655EFEEA665D0B655E0172
:109C5000995750A9A960311C194903043E13010BFF
:109C60000352282985043F19050C012B650E010DAF
:109C7000114101033D1C03D64D02024F450A4D4DD3
:109C800002024F440BFD0EA54E47070744234E45E5
:109C900045459F12193D384697A98C233304011876
:109CA0002108100602564DA69648383D1910643E0C
:109CB00000020024FE6E034704A0000D0047007858
:109CC000403301484840490E291C090847434237A0
:109CD0003633291B0E09080600270412113A042FF7
:109CE0002107173E062B0D0C2B01170047373603B3
:109CF0000E02012F46762F3718003F173C3F3F2FAB
:109D00003C10FD10FD012FFD2F3CFD2E2E2E2E2E82
:109D10002E2E2E2E2E2E2E2E002E2E2E2E313001B9
:109D20004968B9002F0048496861B040525838115D
:109D300037B90048FFC0385901060706070615164F
:109D40001723363F01331307061511140F0106239D
:109D50002227262737171417163332373637363768
:109D6000343706232227263534373637262F01216C
:109D7000070615141716333237363511342F020201
:109D80008651282435100109B04A342ECFCE321620
:109D9000351B77E73028973A7C0A3936513C403BEF
:109DA000201A02027B6E9C5B5F1C0D33063F0C0188
:109DB0000B0E5B3235634B433A133909046C2C2785
:109DC0002352190E041457796BFE102D1920FE0F23
:109DD000C44F28B009226B91245032312B27382DE3
:109DE0003C1A5D4852559B43421E5B2337364A8AD4
:109DF000BA653C41211D2001831F18273100000254
:109E00000024FE60037F04360023003400604028F5
:109E10000135354036001E051A160A2D2C1E1D066A
:109E200005050411102404003107032807201A2017
:109E3000020E000301011646762F3718003F3F3F00
:109E40002F10FD10FD012FFD2F3CFD173C2E2E2E57
:109E5000002E2E3130014968B9001600354968617D
:109E6000B0405258381137B90035FFC03859011485
:109E70000623222715141716330607060726351161
:109E800034272623273637363707061D0136333267
:109E90001716073427262322070615111417163321
:109EA000323736037FD9B27A551613C2DC343D1FE0
:109EB0001B23330B0439662E5A0521606FB267727B
:109EC000AD373D6A40503F50493661433A016FB16A
:109ED000D535B038201C392830091F13046E221FD5
:109EE0002D300A3B1B384F6A3AAC32525AAE6E499B
:109EF000522E2426FECF3234306E60000003002440
:109F0000FE6E034704230007000F0049007D403721
:109F1000014A4A404B102B1E4945443938352B1D08
:109F2000102904141304050008050C3C04310A022E
:109F3000060623071940062D0E062D011900493982
:109F400038031002013146762F3718003F173C3F87
:109F50003F2F3C10FD10FD10FD3C012FFD2FFD2F6C
:109F6000FD2F3CFD2E2E2E2E2E2E2E2E2E002E2E92
:109F70003130014968B90031004A496861B0405246
:109F800058381137B9004AFFC0385901140706275D
:109F90003437320514070627343732010706151106
:109FA000140F0106232227262737171417163332DA
:109FB00037363736373437062322272635343736B7
:109FC00037262F0121070615141716333237363579
:109FD00011342F0202B9665D0B655EFEEA665D0B09
:109FE000655E01BA3216351B77E73028973A7C0A4E
:109FF0003936513C403B201A02027B6E9C5B5F1C51
:10A000000D33063F0C010B0E5B3235634B433A13A5
:10A01000390903D64D02024F450A4D4D02024F4405
:10A020000BFE8D2D1920FE0FC44F28B009226B9115
:10A03000245032312B27382D3C1A5D4852559B4312
:10A04000421E5B2337364A8ABA653C41211D2001F6
:10A05000831F1827310000020024FFF806D204E312
:10A06000003F004F009C40470150504051003D2DA3
:10A0700022170B3E3D2B22211F1B18170B0A040031
:10A08000070436372A2903360440480411400432B5
:10A09000344C39380602282726061C302F062B2A76
:10A0A0004406151D1C0315030D030201011146761C
:10A0B0002F3718003F3C3C3F3F3C10FD2F3CFD3C00
:10A0C00010FD3C3C10FD3C3C012F3CFD2FFD10FDE4
:10A0D000173C10FD2E2E2E2E2E2E2E2E2E2E2E2EF8
:10A0E0002E002E2E2E2E2E3130014968B90011007F
:10A0F00050496861B0405258381137B90050FFC01C
:10A1000038592506232127373637343F01350623B2
:10A110002227261110373633321735342F013721D5
:10A12000321706151727262F020F0111210F0126BE
:10A130002F0122071615140711173337363F010771
:10A140001401342726232207061514171633323735
:10A150003606D20D18FD031E4317050201C0DAE6CC
:10A160009FB1B1A0E5F7A320431E02FE170E2507FD
:10A17000314A732829CD2102283C514E929D110469
:10A18000010920F629734A3108FD375C6CC2C969A0
:10A1900058596BC6C86A581C2225301D110E1C0266
:10A1A0001CCD9CAE01230125AB9BAF182C2930257B
:10A1B000234D1C4714491A04020204FE6A82648774
:10A1C0000101011717443DFE7204041A4914471C8B
:10A1D00001FBCE94AEAB8FD6D490ADAC8F00000314
:10A1E0000024FFEE056802C3001F0027003700753A
:10A1F0004030013838403900270027201600161754
:10A20000082027272030040A2804181704061034D1
:10A2100007022C23070E1C0602120E020602010181
:10A220000A46762F3718003F3C3F3C10FD10FD3C9E
:10A2300010FD2FFD012F3CFD2FFD872E0EC40EFCBF
:10A240000EC4012E2E2E2E002E2E3130014968B95B
:10A25000000A0038496861B0405258381137B900D7
:10A2600038FFC0385901022122270623222726352C
:10A27000343736333217363332171617051514179D
:10A280001633323736032E01070607060F0134272F
:10A29000262322070615141716333237360568674A
:10A2A000FEF9A47570C8AA6B706E68AFC07067B213
:10A2B0007F4C432EFE064548735E5652BA0C6337F8
:10A2C000542A1616AE323A6D6D3A31303A6E6C3B06
:10A2D000320110FEDE83835F63A8AD615D7A7A414F
:10A2E0003A7E5A067552583936014B3641070B43B0
:10A2F00033326A734E5C5C4D746D4F605C4E00028D
:10A300000024FFFE03C806590017004700804036AE
:10A310000148484049183D2212043937331E1714AA
:10A32000100C0A0045460929282829260418430448
:10A330002B170B0A0300063F24061C3F06310C3185
:10A34000031C01011E46762F3718003F3F2F10FDDA
:10A3500010FD10FD173C012FFD2FFD872E0EC40EA2
:10A36000FC0EC4012E2E2E2E2E2E2E2E2E2E002E24
:10A370002E2E2E3130014968B9001E00484968610F
:10A38000B0405258381137B90048FFC0385901065B
:10A3900007060726272627262733370F0106151419
:10A3A000173637262F0101140706232227363736A2
:10A3B00037123320353427252635343736373633B0
:10A3C000321707060F011615140706072623220762
:10A3D000061514170516032632537518232B172C50
:10A3E000277DDF12030303556C050F061B016BAAC3
:10A3F0008DCBC4DE3904070195F10122AEFE9AD15E
:10A400008E6152387BB6AE17140C02020106293C4D
:10A41000FE754347AC0167D1065349587B1E2D3169
:10A4200016363060061F0C140625588309170316CC
:10A43000FB17B962515A81101F83FED3B092405C62
:10A440004DC09A7550160F4D331D251922120D055A
:10A450001020F23A3D747A2F635400020024FFF278
:10A46000029E04A9001700430070402F014444409D
:10A4700045183C2412043A2624201714100C0A0014
:10A480002E0418400434170B0A0300063E2A071C4A
:10A490003E07380C38021C01012046762F37180081
:10A4A0003F3F2F10FD10FD10FD173C012FFD2FFD2C
:10A4B0002E2E2E2E2E2E2E2E2E2E002E2E2E2E31E7
:10A4C00030014968B900200044496861B0405258E1
:10A4D000381137B90044FFC038590106070607266E
:10A4E000272627262733370F010615141736372658
:10A4F0002F01131407062322272635363736370651
:10A5000015141716333237363534272627263534B7
:10A5100037363332170607262322151417160284FE
:10A5200032537518232B142F267EDF120303035595
:10A530006C050F061BE36C5C728A5363290D283986
:10A54000084D273D3F2B348108B06D604E6EF11FE2
:10A550005234098978C0E604A349587B1E2D311274
:10A560003A2F61061F0D0D0C25588309170316FCA1
:10A5700026663D3436408308060D1516164B4222DA
:10A580001B203B43280333356C65382EBF1225A8AA
:10A5900085432A3300030024FEDF04F905F8000791
:10A5A000000F0030007840320131314032102A2F44
:10A5B0002D2826231F1E1D15101E1D1E1F081F20BF
:10A5C0001312121304050008050C0A0206060E06F3
:10A5D0001E242303301003012346762F3718003F33
:10A5E0003C3F3C2F2F3C10FD3C012FFD2FFD872EC3
:10A5F0000EC408FC08C4012E2E2E2E2E2E2E2E2E1A
:10A600002E002E3130014968B900230031496861BC
:10A61000B0405258381137B90031FFC038590114D1
:10A620000722273437320514072227343732010234
:10A6300009010615141716171617161705010B0131
:10A64000262721321706151401133637262737031C
:10A6500098655E0A665BFEEC665E0A66590290FBD0
:10A66000FEFDFE9B25071409102A2706FEB9017E70
:10A6700096D502A201880824440114C791060575E5
:10A68000440595580D625B0B635A0B625B0BFED35E
:10A69000FE96FE5EFDC03C0A08050808060D0C1873
:10A6A0000602610116019503E420352D73FE1C019D
:10A6B00021D3443F4D0E00010024FEAC03A00481D1
:10A6C000002A00624026012B2B402C001D17041885
:10A6D00017140D0504001004160C04210706271892
:10A6E0000F0E060C0D27142102011446762F371881
:10A6F000003F2F2F2F3CFD3C3C10FD012FFD2FFD77
:10A700002E2E2E2E2E2E2E002E2E2E31300149686A
:10A71000B90014002B496861B0405258381137B95C
:10A72000002BFFC038590107220F013726232207CB
:10A73000060F010507270306070607361B01073723
:10A74000363736371617161737363F013633321776
:10A750001603A016113C43340C77282535080E014A
:10A76000293BF630117579B8FD1E2FA22418050675
:10A770000B182A06110E132843598346413703E765
:10A780000623274B402A3B5A9D025D02FDFABA7808
:10A790007C096701500207034710232A143513056B
:10A7A000099661333D51342C0001002402ED02363C
:10A7B00003E4000C0039400F010D0D400E000306AC
:10A7C00000090501010646762F3718002F3C2F019E
:10A7D0002E2E002E3130014968B90006000D49685F
:10A7E00061B0405258381137B9000DFFC0385901D7
:10A7F00007262706072737363716171602367F40F3
:10A80000791D7F3E893C345E1E2D03445716541D2E
:10A810004C285E294750121B0001002402F203B5A8
:10A82000033300030039400F010404400500020017
:10A8300003000201010246762F3718002F3C2F3CFF
:10A84000012E2E003130014968B900020004496828
:10A8500061B0405258381137B90004FFC03859016F
:10A8600005212503B5FEC1FDAE014403334141007E
:10A8700000010024043C02E204FC0015003E4012EA
:10A88000011616401700140C09000C0004100301F7
:10A890000C46762F3718003F2F012E2E002E2E2E1D
:10A8A0002E3130014968B9000C0016496861B0408A
:10A8B0005258381137B90016FFC03859010607063B
:10A8C0002F0126272623220F013637361F0216377F
:10A8D0003202E2492A4351406425181B1C1E814F55
:10A8E000204A58426D54250404CA4D19280D122FD0
:10A8F000060404204D132C0E132E0E040001002418
:10A9000001CB02C1022100030039400F01040440C1
:10A910000500020003000201010246762F371800ED
:10A920002F3C2F3C012E2E003130014968B9000226
:10A930000004496861B0405258381137B90004FF2B
:10A94000C038590107213702C188FDEB8802215622
:10A9500056000001002401CB042902210003003924
:10A96000400F01040440050002000300020101023F
:10A9700046762F3718002F3C2F3C012E2E00313009
:10A98000014968B900020004496861B04052583872
:10A990001137B90004FFC038590107213704298A4B
:10A9A000FC858802215656000001002403A100F313
:10A9B00004DF0010003F40130111114012000D0C84
:10A9C0000C09050500030903010546762F37180019
:10A9D0003F2F012FFD2E2E002E2E3130014968B958
:10A9E00000050011496861B0405258381137B9006C
:10A9F00011FFC0385913160623223534373637076E
:10AA0000061533321730F2014129655C2A420542AE
:10AA100035140303FB2832604C5F2C070D53481795
:10AA20000001002403A100F204DF000E00414014E5
:10AA3000010F0F4010000807070400050B0A040D62
:10AA400003010A46762F3718003F2F012F3CFD2EB9
:10AA50002E002E2E3130014968B9000A000F4968D6
:10AA600061B0405258381137B9000FFFC038591340
:10AA70001407060737363723222735343332F25C82
:10AA80002B410541013515036965047F4C5F2C0797
:10AA90000D534817255A00010024FF5200F2009080
:10AAA000000E00414014010F0F4010000704000584
:10AAB0000B0A0D04080701010A46762F3718003FDC
:10AAC0003C2F2F012F3CFD2E2E003130014968B95B
:10AAD000000A000F496861B0405258381137B90078
:10AAE0000FFFC03859371407060737363723222798
:10AAF00035343332F25C2B4105410135150369656C
:10AB0000304C5F2C070D534817255A0000020024D3
:10AB100003A1020B04DF001000210050401C0122A1
:10AB2000224023001E1D0D0C1D1A0C0905050011E5
:10AB3000051614031A0903011646762F3718003F2D
:10AB40003C2F3C012FFD2FFD2E2E2E2E002E2E2EC3
:10AB50002E3130014968B900160022496861B040C1
:10AB60005258381137B90022FFC038590116062350
:10AB700022353437363707061533321714051606D3
:10AB80002322353437363707061533321714020AB5
:10AB9000014129655C2A420542351403FEE9014161
:10ABA00029655C2A42054235140303FB2832604CB8
:10ABB0005F2C070D534818071D2832604C5F2C0787
:10ABC0000D53481807000002002403A1020A04DF05
:10ABD000000E001D0054401E011E1E401F001716CF
:10ABE0000807161307040B0A05000F051A191304AA
:10ABF0001C0D03011946762F3718003F3C2F3C01EE
:10AC00002F3CFD2FFD3C2E2E2E2E002E2E2E2E31D3
:10AC100030014968B90019001E496861B0405258B6
:10AC2000381137B9001EFFC038590114070607371D
:10AC300036372322273534333205140706073736D3
:10AC40003723222735343332020A5C2B4105410178
:10AC50003515036965FEE85C2B4105410135150397
:10AC60006965047F4C5F2C070D534817255A604CCB
:10AC70005F2C070D534817255A0000020024FF528D
:10AC800002140090000E001D0054401F011E1E40C3
:10AC90001F00161307040B0A05000F051A191C0DD7
:10ACA0001304171608030701011946762F371800F9
:10ACB0003F173C2F3C2F3C012F3CFD2FFD3C2E2EFF
:10ACC0002E2E003130014968B90019001E49686113
:10ACD000B0405258381137B9001EFFC038592514FA
:10ACE0000706073736372322273534333205140752
:10ACF00006073736372322273534333202145C2BCC
:10AD0000410541013515036965FEDE5C2B410541B6
:10AD1000013515036965304C5F2C070D5348172525
:10AD20005A604C5F2C070D534817255A0001002428
:10AD3000FF0B02DF04C0001B0067402A011C1C40FF
:10AD40001D00161512110E0D0C090800130B041B23
:10AD50001A0403030E0D030302061B111003001651
:10AD6000150908010E46762F3718002F3C2F3C2F6F
:10AD7000173CFD173C012F173CFD3C2E2E2E2E2E8E
:10AD80002E2E2E2E2E003130014968B9000E001CE7
:10AD9000496861B0405258381137B9001CFFC038BB
:10ADA0005901060723111417161723363F011121E5
:10ADB00036373335272627330607061D0102DF4ABB
:10ADC00002CC05061ED31E0704FEDE3D0FD6040787
:10ADD0001ED31E060503B92F32FC5F4915193536FF
:10ADE000245203A1233E5B532336351915495B00DA
:10ADF00000010024FF0B02DF04C000250082403B5D
:10AE0000012626402700211B1A17161312110E0DBA
:10AE10000C090800180B042524201F040503251124
:10AE2000100300060E0D0303022423130312062150
:10AE3000201603151B1A0908010E46762F37180035
:10AE40002F3C2F3C2F173CFD173C2F173CFD173C88
:10AE5000012F173CFD3C2E2E2E2E2E2E2E2E2E2E6A
:10AE60002E2E2E2E003130014968B9000E002649E1
:10AE70006861B0405258381137B90026FFC03859C0
:10AE800025060723151417161723363F01352136DB
:10AE90003733112136373335272627330607061D6A
:10AEA00001210607231102DF4A02CC05061ED31E2C
:10AEB0000704FEDE3D0FD6FEDE3D0FD604071ED38F
:10AEC0001E060501184A02CC672F324F4915193565
:10AED0003624524F233E02F1233E5B53233635196D
:10AEE00015495B2F32FD0F000001002401D102A69D
:10AEF0000421000E0036400E010F0F401000000527
:10AF0000070B03010746762F3718002F2F012FFD5F
:10AF1000003130014968B90007000F496861B0404D
:10AF20005258381137B9000FFFC0385901140623A1
:10AF3000222726353437363332171602A6BB8787C9
:10AF40005B5E615B86875B5E02FA86A350538684F4
:10AF500053504F5200030024FFF103DF009E000D09
:10AF6000001900270049401901282840290006053A
:10AF7000000E05141A052024160A1E1204010120D1
:10AF800046762F3718003F3C3C2F3C3C012FFD2FCD
:10AF9000FD2FFD003130014968B9002000284968C3
:10AFA00061B0405258381137B90028FFC0385925D0
:10AFB00014070623223534373633321716051407A3
:10AFC000062322353433321716051407062322359B
:10AFD0003437363332171603DF25202A6F24202B0F
:10AFE0002B2024FE9025212A6E6E2B2025FE9325F2
:10AFF000202A6F24202B2B20244828191657291883
:10B0000015151829281916575615182928191657CD
:10B0100029181515180000070024FFF106E004D1D7
:10B02000000B00170029003500450053006300AAFB
:10B03000404E0164644065002725241E1819182914
:10B04000181B0821202021191829181B082221214A
:10B050002206043E4E04125C04303604000C044602
:10B0600054042A604207030F0750330907583A4A2D
:10B0700007151E1D0129180315032D0301011E4686
:10B08000762F3718003F3C3F3F3C3F3C10FD2F3CA4
:10B09000FD3C2FFD10FD3C012FFD2FFD2FFD2FFD51
:10B0A0002FFD2FFD872E0EC40EFC08C40EC4872E64
:10B0B0000EC40EFC08C40EC4012E2E2E2E2E0031FE
:10B0C00030014968B9001E0064496861B0405258B7
:10B0D000381137B90064FFC03859011406232226FD
:10B0E00035343633321601140623222635343633EE
:10B0F000321625010607060723363F0101363D01BA
:10B100002F01343301140623222635343633321608
:10B11000053427262322070615141716333237362F
:10B12000013427262322070615143332373601341B
:10B13000272623220706151417163332373606E062
:10B140009E7E7E9C9F7B7F9DFBA29D7E7F9C9E7DA5
:10B150007F9C01C5FD042E10210EBA4A373D02190D
:10B160005D100D3201119E7E7E9C9F7B7F9D01DADA
:10B1700021274C4B272120274C4A2822FBA221279C
:10B180004B4B2721934B272101FC21274C4B272197
:10B1900020274C4A282201007C93927D7B959202C5
:10B1A000437C92907E7C94928EFBEA3F19342C3C37
:10B1B000485002E07F36051A1E28FC337C93927DAE
:10B1C0007B95927E51364142365051364242380389
:10B1D00010503642423650C84236FD8F51364142F9
:10B1E000365051364242380000010024FFEC026B19
:10B1F00002BE000A003B4011010B0B400C00090786
:10B20000040007020101010446762F3718003F3F72
:10B21000012E2E2E2E003130014968B90004000B9A
:10B22000496861B0405258381137B9000BFFC03837
:10B23000592507262F01243F01020716026BAE2E67
:10B24000A0CB012B3FC457BCF3162A776D8A5FEA67
:10B250001BFEFB5EB20000010024FFF3026B02C381
:10B26000000A003B4011010B0B400C0007050300D6
:10B2700008020301010746762F3718003F3F012ED1
:10B280002E2E2E003130014968B90007000B4968A5
:10B2900061B0405258381137B9000BFFC03859011E
:10B2A000040F0112372627371617026BFED53FC34E
:10B2B00057BCF439AE2DA101565EEA1B01075CB202
:10B2C0009328756E00020024028C04550486002425
:10B2D000004300BC40580144444045003E3B3A2DE9
:10B2E000292213120D3E36353231251F1716121042
:10B2F000070600222122230B0E0D0D0E12130B1335
:10B30000142222232121220B0A09040302041A1900
:10B310000414132F2E04340006062E03074325249D
:10B320002104204132171607060531013E46762FCB
:10B330003718002F173C2F2F173CFD3C10FD012F15
:10B34000FD3C2F3CFD3C2F3C3CFD3C3C872E08C483
:10B3500008FC0EC4872E0EC40EFC08C4012E2E2E2F
:10B360002E2E2E2E2E2E2E2E2E2E2E002E2E2E2E2B
:10B370002E2E2E2E2E3130014968B9003E00444950
:10B380006861B0405258381137B90044FFC038598D
:10B3900001061D0113141723363F01113427070638
:10B3A0001514172715141723363511272627262796
:10B3B0003733173F010507060F012627262B0111FA
:10B3C000141723363F01113427262723220F013774
:10B3D00036351633045527011860140201049618F7
:10B3E00001BE3C74171C0E0E060F1D5CB59621FEA7
:10B3F0000E1E1009071C0E14232314660F030213DC
:10B400000306532A193E2A122149044F101605FE3D
:10B41000A72D11101E100127140EBE1E170503DBE9
:10B42000F8353A29210143120307030E04DBBE1F3E
:10B4300002160C1B2121090DFEA6241A130D1E0154
:10B4400025220E02030C28421C383B000001002478
:10B4500001CA02DF022B00050039400F0106064039
:10B460000700030005000302010346762F3718008A
:10B470002F3C2F3C012E2E003130014968B90003CA
:10B480000006496861B0405258381137B90006FFCC
:10B49000C0385901060721363702DF4A02FD913DC7
:10B4A0000F022B2F32233E000001002401B200F2D4
:10B4B000024E000B0036400E010C0C400D0006053C
:10B4C000000802010646762F3718002F2F012FFDA6
:10B4D000003130014968B90006000C496861B0408C
:10B4E0005258381137B9000CFFC0385913142322B1
:10B4F0002726353433321716F26729211D67281D98
:10B500002202004E1517224E13160001007801CFBB
:10B51000017704A7001500584020011616401700B7
:10B52000111009080706050E09050401000304149B
:10B53000111003130E0100010946762F3718002F52
:10B540003C2F012F173CFD2E2E2E2E2E2E002E2EA0
:10B550002E2E2E2E2E3130014968B90009001649D1
:10B560006861B0405258381137B90016FFC03859D9
:10B570000123363F01112327230737363736370695
:10B580000735161511140177B81C050304190D4170
:10B590001A0C4B4F1C03020201CF20153101EC03A2
:10B5A000071407282A1D0D03010C3CFDCA240001C5
:10B5B00000E001C50316048A0027005B4022012831
:10B5C0002840290017151400231412030200170540
:10B5D000210904210C071D242307011D0201024635
:10B5E000762F3718002F2F2FFD3C10FD012FFD1057
:10B5F000FD2E2E2E2E2E2E002E2E2E2E31300149D7
:10B6000068B900020028496861B0405258381137C3
:10B61000B90028FFC03859010705353237363736AB
:10B62000353426232207061706151417270F013471
:10B63000373637363332171615140533323736039B
:10B640001641FE0B075C4823B85549131B22061010
:10B65000113338221317225572553842FEB1D637AE
:10B66000290B02619A021D503F21AF6F495B0A0D01
:10B6700010202A2C2D0603082B3A461A40252B5160
:10B68000D1FD1505000100D001BA02D40488002EB6
:10B69000005D4023012F2F40300021201F092D2362
:10B6A0001F1D120A09071004001604290C07041AAA
:10B6B00007252504010746762F3718002F2F10FD88
:10B6C00010FD012FFD2FFD2E2E2E2E2E2E2E2E00A4
:10B6D0002E2E2E2E3130014968B90007002F4968FF
:10B6E00061B0405258381137B9002FFFC0385901A6
:10B6F00014070623222F0136371514333237363517
:10B7000034273637363534272623220615141727D3
:10B71000232227363332171615140706071602D4CC
:10B720004F47636057545C534E2C2635F27F1B4BBA
:10B730002F29391F3A03400E082853B5493E4C4182
:10B740001237A10289603A35273F0A33244F212E50
:10B7500050AB1C210E273F37201C381F0A090A0551
:10B760008B1E2540512E0D165000000100EF01C721
:10B770000353048A002C00774032012D2D402E0007
:10B78000281716282521201F1716140D0C0B080743
:10B79000000A042C2B0303021B04112C201F03009E
:10B7A000070C02011908070D02010D46762F371804
:10B7B000003F2F3C2F2F3C3CFD173C012FFD2F1746
:10B7C0003CFD2E2E2E2E2E2E2E2E2E2E2E2E2E2EBC
:10B7D000002E2E2E3130014968B9000D002D496828
:10B7E00061B0405258381137B9002DFFC0385901A7
:10B7F0000723151417141723363F01352136373622
:10B8000035342F013637073633161514070607333C
:10B810003534272627363F0107061D0103533656C8
:10B820000323BB200404FE953A13391B5811080367
:10B83000363F3E04192CD81E0C24472665031402FB
:10B84000F643A10C0C0F24201631854623655D3785
:10B850001B280F04012024861813744B871B190A18
:10B860001C0A1443314022AF000000000000000019
:10B87000007E0000007E0000007E0000007E0000D0
:10B880000146000001CC0000038E000005A200006C
:10B89000071400000856000008BA00000934000030
:10B8A00009AE00000ACE00000B5A00000BD00000C9
:10B8B0000C2C00000C8600000D0E00000E7C000019
:10B8C0000F2C0000100E00001100000012080000F4
:10B8D00012F4000013EA000014900000158E00001E
:10B8E000167E000016FE00001798000018040000E5
:10B8F0001886000018F200001A0200001B5C00000D
:10B900001C5E00001DA400001E5A00001F24000041
:10B910002044000021160000224A0000233A0000C3
:10B9200023C80000244C000025680000260A0000FF
:10B93000272000002812000028C60000299E0000D1
:10B940002AAA00002BBC00002CB200002D820000AF
:10B950002E8E00002F5C000030B00000318A000005
:10B9600032680000336E000033EE0000348C0000BB
:10B97000350E000035AC00003604000036720000C1
:10B98000375A0000384C00003902000039F8000036
:10B990003ACC00003BB400003CC000003D980000E1
:10B9A0003E4200003EE000003FCA0000405A000056
:10B9B000418400004252000042FE000043F60000B5
:10B9C00044E6000045C000004694000047780000AF
:10B9D00048600000490800004A4000004B3A00005F
:10B9E0004C4E00004D2C00004DDA00004E3000009F
:10B9F0004EDE00004F6A0000503800005166000023
:10BA00005292000053D000005532000055AC0000A7
:10BA100056DE0000575A0000587A000059600000B6
:10BA20005A0000005A6A00005BCC00005C6A00000B
:10BA30005D1A00005DF000005EDC00005F50000059
:10BA4000605E0000617800006220000062C40000B7
:10BA5000635C000063FC000065BA0000674C0000F6
:10BA6000694C00006A6000006B9A00006CD2000014
:10BA70006E3400006F84000070C800007220000067
:10BA800073CE000074DE000076380000779400006A
:10BA9000791800007A7E00007B4600007C120000CE
:10BAA0007D0200007DD600007EF80000803E000090
:10BAB0008126000082160000832E000084360000DC
:10BAC0008530000086120000874200008882000056
:10BAD00089CA00008B3A00008C8C00008D9C00000D
:10BAE0008E8400008F96000090BC000091DE000064
:10BAF0009328000094620000959000009678000062
:10BB000097F60000991400009A2000009B2E000078
:10BB10009C6200009D7C00009E3800009EF80000A2
:10BB20009FE00000A0AC0000A1EE0000A30E00000A
:10BB3000A3F40000A4DC0000A5E80000A6E40000D7
:10BB4000A7D60000A8760000A9960000AAB20000BF
:10BB5000ABD80000AD240000AE520000AFA0000042
:10BB6000B09E0000B1F80000B3800000B4A0000057
:10BB7000B5FC0000B7360000B8580000B94A000014
:10BB8000B9BA0000BA120000BA9E0000BAF4000070
:10BB9000BB4A0000BBC20000BC380000BCAE0000C5
:10BBA000BD680000BE1C0000BECE0000BF920000B9
:10BBB000C08A0000C0F60000C1B80000C38A0000BF
:10BBC000C3F80000C4660000C5EE0000C64A0000CD
:10BBD000C6AC0000C6AC0000C6AC0000C6AC00009D
:10BBE000C6AC0000C6AC0000C6AC0000C6AC00008D
:10BBF000C6AC0000C6AC0000C7500000C82600005C
:10BC0000C90C0000CA0A0000CA0A0000CA0A0000E3
:10BC1000CA0A0000CA0A0000CA0A04000080000024
:10BC200000000250000002500000018B0024016758
:10BC300000240328002403EB002404A10024043082
:10BC4000002400CB002401AE002401AE0024025CDD
:10BC5000002402F40022011500240302002401152F
:10BC60000024044F00240469002401EF002403F69B
:10BC7000002403A400240442002403BD0024038BF9
:10BC800000240444002403AC0024038B0024011589
:10BC9000002401150024028E002403020024028ED9
:10BCA0000024031F002405B3002405CE0024041241
:10BCB0000024057D002404D9002403A50024037476
:10BCC0000024057D0024053900240223002401F20C
:10BCD000FFE705BF0024040B002406B90024052C4F
:10BCE000002405C5002403B4002406A00024048811
:10BCF000002403EB002405C1002404E7002405A967
:10BD0000002407C30024055E0024051C00240599B7
:10BD10000024025E002403CC002402600024028E72
:10BD200000240573002401CF002402F5002403D76A
:10BD3000002402F1002403B0002403280024029A06
:10BD4000002403C100240366002401B10024019FE4
:10BD5000FFBF034A002401CB002404DF0024034278
:10BD60000024032F001003B000240373002402C733
:10BD7000002402C10024028D0024031D002E036450
:10BD8000002404CA002403AEFFBF036A0024039DFD
:10BD900000240206002400E3002402070024030616
:10BDA0000024018B002402F1002403770024038285
:10BDB0000024051C002400E3002402E600240236CF
:10BDC000002404300024026F0024040B0024052703
:10BDD00000240430002401900024030F002402CB2F
:10BDE000004B027D003C01CF002403420024046983
:10BDF000002401D8001D018C005001E50024040B33
:10BE0000002405DA002E05CD003006B10031031FF5
:10BE1000002405CE002405CE002405CE002405CE46
:10BE2000002405CE002405CE0024075D0024057DF6
:10BE3000002403A5002403A5002403A5002403A5D2
:10BE40000024022C0024022C0024028E0024025F15
:10BE5000002405B90024052C002405C5002405C5CF
:10BE6000002405C5002405C5002405C50024021BC7
:10BE7000002405C5002404E7002404E7002404E7A7
:10BE8000002404E70024051C0024041000240415E9
:10BE90000022031E0024031E0024031E0024032688
:10BEA0000024031E0024031E0024050A002402F1BE
:10BEB0000024032800240328002403280024032846
:10BEC000002401CF002401CF0024028E002402367A
:10BED000002403D700240342002403520024035209
:10BEE0000024035200240352002403520024033E82
:10BEF000002403540024030F0024030F0024030F25
:10BF00000024030F0024036A002403A20024036A10
:10BF1000002406F60024058B002403EB002402C154
:10BF20000024051C002403C400240259002403D863
:10BF300000240306002402E40024044C002401151C
:10BF400000240115002401150024022D0024022DD7
:10BF5000002402370024030200240302002402C943
:10BF600000240402002407030024028E0024028E11
:10BF70000024047900240302002401150024025047
:10BF80000000025000000250000002500000025069
:10BF900000000250000005D4000005D4000005D4C4
:10BFA0000000018C0078032B00E002EA00D0036857
:10BFB00000EF05D4000005D4000005D4000005D42E
:10BFC000000005D400000002000000000000FF7B1C
:10BFD000001400000000000000000000000000004D
:10BFE00000000000000000EB000000010002000360
:10BFF000000400050006000700080009000A000B05
:10C00000000C000D000E000F0010001100120013B4
:10C01000001400150016001700180019001A001B64
:10C02000001C001D001E001F002000210022002314
:10C03000002400250026002700280029002A002BC4
:10C04000002C002D002E002F003000310032003374
:10C05000003400350036003700380039003A003B24
:10C06000003C003D003E003F0040004100420043D4
:10C07000004400450046004700480049004A004B84
:10C08000004C004D004E004F005000510052005334
:10C09000005400550056005700580059005A005BE4
:10C0A000005C005D005E005F0060006100A3008432
:10C0B000008500BD009600E80086008E008B009D84
:10C0C00000A900A4008A0083009300F200F3008D11
:10C0D0000102008800DE00F1009E00AA00F500F4D5
:10C0E00000F600A200AD00C900C700AE0062006308
:10C0F0000090006400CB006500C800CA00CF00CCEF
:10C1000000CD00CE00E9006600D300D000D100AF22
:10C11000006700F0009100D600D400D5006800EB65
:10C1200000ED0089006A0069006B006D006C006E14
:10C1300000A0006F00710070007200730075007441
:10C140000076007700EA0078007A0079007B007DB5
:10C15000007C00B800A1007F007E0080008100EC20
:10C1600000EE00BA00B000B100E400E500BB00A69C
:10C1700000D800DA00D900B200B300B600B700C49E
:10C1800000B400B500C5008200C2008700AB00C645
:10C1900000BE00BF008C00EF00C3000000000103E0
:10C1A000010401050106010701080109010A010B4B
:10C1B000010C010D010E010F00AC01100111036D06
:10C1C000753108676C79706832313708676C79703F
:10C1D000683231380563683333310563683333328D
:10C1E00007676C797068393807676C797068393916
:10C1F00008676C79706831303008676C7970683125
:10C20000313208676C79706831313308676C797046
:10C210006831313408676C79706831313508676C82
:10C2200079706831323808676C7970683132390852
:10C23000676C79706832323708676C7970683232AF
:10C2400038000000000300000000000002DC0001D4
:10C2500000000000001C00030001000002DC0006DA
:10C2600002C000000000015B0001000000000000AF
:10C2700000000000000000000001000300000000BA
:10C2800000000002000000000000000000000000AC
:10C29000000000000000000000000000000000009E
:10C2A000000000010000000000030004000500067B
:10C2B00000070008000900CA000B000C000D000E6A
:10C2C000000F0010001100120013001400150016DA
:10C2D000001700180019001A001B001C001D001E8A
:10C2E000001F00200021002200230024002500263A
:10C2F000002700280029002A002B002C002D002EEA
:10C30000002F003000310032003300340035003699
:10C31000003700380039003A003B003C003D003E49
:10C32000003F00400041004200C900440045004673
:10C33000004700480049004A004B004C004D004EA9
:10C34000004F005000510052005300540055005659
:10C35000005700580059005A005B005C005D005E09
:10C36000005F0060006100000000000000000000AD
:10C3700000000000000000000000000000000000BD
:10C3800000000000000000000000000000000000AD
:10C39000000000000000000000000000000000009D
:10C3A0000000000000000000000000620063006464
:10C3B0000000006600C300680065000A00CC006C45
:10C3C00000D400D500000000000000C700CF00D05E
:10C3D00000D80000007500D100CB00CE00CD007960
:10C3E00000D200D30000007D00000043007300C4B1
:10C3F00000C600C5000000000069000000000076D3
:10C40000000000000000000000C800000000000064
:10C41000000000000000000000000000000000001C
:10C420000000000000000000000000840000006B1D
:10C4300000000000000000000000009600BE007830
:10C440000000000000000000000000A40000000048
:10C450000000000000000000000000B600BF009DCA
:10C460000067006A006D006E006F0070007100725E
:10C4700000740077007A007B007C007E007F0080E3
:10C480000081008200830085008600870088008983
:10C49000008A008B008C008D008E008F0090009130
:10C4A0000092009300940095009700980099009ADC
:10C4B000009B009C009E009F00A000A100A200A382
:10C4C00000A500A600A700A800A900AA00AB00AC28
:10C4D00000AD00AE00AF00B000B100B200B300B4D8
:10C4E00000B500B700B800B900BA00BB00BC00BD81
:10C4F00000C000C100C200D600D700D900DA00DBBE
:10C5000000DC00DD00DE00DF00E000E100E200E32F
:10C5100000E400E500E600E700E800E900EA0004C6
:10C52000027A0000002C00200004000C007E00FFB6
:10C53000015301610178019202C602C902DC03BC09
:10C5400020102014201A201E202220262030203ADD
:10C55000212222122219FFFF0000002000A0015218
:10C5600001600178019202C602C902DC03BC2010FE
:10C5700020132018201C20202026203020392122A2
:10C5800022122219FFFF000000000000000000003E
:10C59000000000000000000000000000000000009B
:10C5A000000000000000000000000000000000008B
:10C5B0000001002C00E801A601A801AA01AA01AA15
:10C5C00001AA01AA01AA01AA01AA01AC01B001B401
:10C5D00001B801B801B801BA01BA01BAFFFF0003FE
:10C5E000000400050006000700080009000A000B0F
:10C5F000000C000D000E000F0010001100120013BF
:10C60000001400150016001700180019001A001B6E
:10C61000001C001D001E001F00200021002200231E
:10C62000002400250026002700280029002A002BCE
:10C63000002C002D002E002F00300031003200337E
:10C64000003400350036003700380039003A003B2E
:10C65000003C003D003E003F0040004100420043DE
:10C66000004400450046004700480049004A004B8E
:10C67000004C004D004E004F00500051005200533E
:10C68000005400550056005700580059005A005BEE
:10C69000005C005D005E005F0060006100E8006219
:10C6A0000063006400650066006700680069006A56
:10C6B000006B006C006D00D7006E00C5006F00704D
:10C6C0000071007200730074007500D80076007766
:10C6D00000780079007A007B007C007D007E007F7E
:10C6E000008000810082008300840085008600872E
:10C6F00000880089008A008B008C008D008E008FDE
:10C70000009000910092009300940095009600978D
:10C7100000980099009A009B009C009D009E009F3D
:10C7200000A000A100A200A300A400A500A600A7ED
:10C7300000A800A900AA00AB00AC00AD00AE00AF9D
:10C7400000B000B100B200B300B400B500B600B74D
:10C7500000B800B900BA00BB00BC00BD00BE00BFFD
:10C7600000C000C100C200C300C400C500C6007400
:10C77000001000C700C800C900CA00CB00CC00CD23
:10C7800000CE00CF00D000D100D200D300D400D51D
:10C7900000D600D700D80000000000000010000004
:10C7A00000F0090905000303020204040505010263
:10C7B0000203030103010505020404050404050442
:10C7C0000401010303030406070506050404060625
:10C7D0000202060508060604070504060606090601
:10C7E000060603040303060203040304040304040B
:10C7F0000202040205040404040303030404050400
:10C8000004040201020302030404060103020503F7
:10C8100005060502030303020405020202050707D9
:10C8200008040707070707070806040404040202B0
:10C8300003030606060606060602060606060606A2
:10C8400005050404040404040603040404040202A9
:10C85000030204040404040404040403030303049F
:10C86000040408060403060403040303050101018C
:10C870000202020303030508030305030103030384
:10C88000030303070707020403040707070707005A
:10C8900000000A0A0500030302020405060501025E
:10C8A000020304010401050602050505050405054A
:10C8B000040101030403040707050706050407072D
:10C8C00003020705080607050806050706070A0705
:10C8D0000607030503030702040504050403050412
:10C8E000020204020604040504030303040406050B
:10C8F0000405030103040204040406010403050300
:10C9000005060502040303020406020202050707E6
:10C9100008040707070707070907050505050303B7
:10C9200003030706070707070703070606060606A9
:10C9300005050404040404040604040404040202B7
:10C9400003030504040404040404040404040404A8
:10C950000504090705030605030504040501010193
:10C96000030303040403050903030604010303038B
:10C970000303030707070204040407070707070068
:10C9800000000B0B06000303020204050606010269
:10C990000203040104010606030505060505060554
:10C9A0000501010404040408080608070505080732
:10C9B00003030806090708050906050807080B0709
:10C9C000070803050304070204050405040405051C
:10C9D0000202050207040405050404040405070512
:10C9E000050503010304020405050701040306030A
:10C9F00006070602040403020406030203060808ED
:10CA000009040808080808080A08050505050303BD
:10CA100004030807080808080803080707070707AA
:10CA200006060404040404040704040404040202C3
:10CA300004030504050505050504050404040405AF
:10CA400005050A080504070503050404060101019C
:10CA5000030303040404060A040406040103030395
:10CA6000030303080808020404050808080808006E
:10CA700000000C0C06000303020205060706010372
:10CA8000030404020502060703060506060506065A
:10CA9000050202040504050909060807050508083A
:10CAA000030309060A0809060A07060907080C080D
:10CAB0000808040604040803040604060504060521
:10CAC000030205030705050605040404050507061A
:10CAD0000505030103050204050508010403060416
:10CAE00006080602050404030507030203060909F4
:10CAF0000A050909090909090B08050505050303C4
:10CB000004040908090909090903090707070708AF
:10CB100006060505050505050804050505050303C5
:10CB200004030605050505050505050505050505B7
:10CB300005050A08060408060406050406020202A2
:10CB4000030303050504060B04040705020303039E
:10CB50000303030909090205040509090909090074
:10CB600000000D0D07000404030205060807010379
:10CB70000304050205020707030606070606070663
:10CB80000602020405040509090709080606090842
:10CB9000030309070B0809060B07060908090D0915
:10CBA000080904060404090305060506050406062B
:10CBB0000303050308050506060504040506080623
:10CBC000060603010305030506060801050407041C
:10CBD00007080703050504030507030303070A09FC
:10CBE0000B050909090909090C09060606060404CA
:10CBF00004040908090909090903090808080808BB
:10CC000007070505050505050805050505050303D1
:10CC100004040605050505050505050505050506C4
:10CC200006060B09060408060406050507020202AB
:10CC3000040404050505070B0404070502040404A5
:10CC4000040404090909030505060909090909007D
:10CC500000000E0E07000404030206070807010384
:10CC6000030405020502080803070607070607066E
:10CC7000060202040504050A0A070A0806060A094C
:10CC800004030A070C090A060C08070A090A0E0918
:10CC9000090A040704040A03050705060605070632
:10CCA000030306030906060606050504050608062D
:10CCB0000606040204050305060609020504070426
:10CCC00007090703050504030608030303070A0A07
:10CCD0000C050A0A0A0A0A0A0D0A060606060404D0
:10CCE00004040A090A0A0A0A0A040A0909090909BC
:10CCF00007070505050605050905060606060303DB
:10CD000004040706060606060606060505050506CA
:10CD100006060C0A070509070407050508020202B2
:10CD2000040404050505070C0404080502040404B2
:10CD30000404040A0A0A030605060A0A0A0A0A0083
:10CD400000000F0F0800040403030607090801038D
:10CD50000304060206020808040707080707080775
:10CD6000070202050605060B0B080A0907060A0A50
:10CD700004040B080D0A0B070C08070B090B0F0A1C
:10CD80000A0A040704050A0306070607060507063C
:10CD90000303060309060607060505050606090737
:10CDA000060704020406030606070A02050408052E
:10CDB000080A0803060505030608030304080B0B0D
:10CDC0000D060B0B0B0B0B0B0E0A070707070404D2
:10CDD00005040B0A0B0B0B0B0B040B090909090AC1
:10CDE00008080606060606060906060606060303E2
:10CDF00005040706060606060606060606060606D5
:10CE000007060D0A07050A070407060508020202BD
:10CE1000040404060605080D0505080602040404BA
:10CE20000404040B0B0B030605060B0B0B0B0B008A
:10CE30000000101008000505030306080908020396
:10CE4000030506020602090904080709070709077E
:10CE5000070202050605060B0C080B0A07070B0A5A
:10CE600004040B080D0A0C070D09080C0A0B100B23
:10CE70000A0B050805050B04060806070605080742
:10CE8000030307040A0706070706060506070A073D
:10CE9000070704020406030607070A02060408053A
:10CEA000080A0803060605040709040304080C0C15
:10CEB0000D060C0C0C0C0C0C0F0B070707070404D9
:10CEC00005050B0A0C0C0C0C0C040C0A0A0A0A0AC5
:10CED00008080606060606060A06060606060404EE
:10CEE00005040807070707070706070606060607DB
:10CEF00007070E0B08060A080508060609020202C3
:10CF0000040404060606080E0505090602050505C3
:10CF10000505050C0C0C030606070C0C0C0C0C008C
:10CF20000000111009000505030307080A0902049F
:10CF30000405060206020909040808090808090888
:10CF4000080202050605070C0C090C0A08070C0B61
:10CF500005040C090E0B0C080E0A080C0A0C100B29
:10CF60000B0C050805050C0406080608070608074B
:10CF7000040307040A0707080706060507070A0847
:10CF8000070804020406030607070B020605090545
:10CF9000090B0903060605040709040304090C0C20
:10CFA0000E070C0C0C0C0C0C100C080808080505DE
:10CFB00005050C0B0C0C0C0C0C040C0A0A0A0A0BD1
:10CFC00009090707070707070B06070707070404F0
:10CFD00005050807070707070707070606060607E8
:10CFE00008070F0C08060B080508060609020202CE
:10CFF000050505060606090F05050A0602050505CD
:10D000000505050C0C0C030706070C0C0C0C0C009A
:10D010000000121109000505030307090A090204AB
:10D020000405070207020A0A0409080A08080A0890
:10D03000080202060706070D0D090C0B08080C0C68
:10D0400005040D090F0C0D080F0A090D0B0D110C2D
:10D050000B0D050905060C04070907080706080853
:10D06000040407040B0707080806060607080B0850
:10D07000080805020507030708080B02070509054C
:10D08000090C090407060604070A040304090D0D28
:10D090000F070D0D0D0D0D0D110C080808080505E5
:10D0A00006050D0C0D0D0D0D0D050D0B0B0B0B0BD2
:10D0B00009090707070707070B07070707070404FE
:10D0C00006050907070707070707070707070708F0
:10D0D0000808100C09060B08050907070A020202D6
:10D0E000050505070706091006060A0702050505D6
:10D0F0000505050D0D0D030707080D0D0D0D0D00A0
:10D10000000013120A000505040307090B0A0204B4
:10D110000406070307030A0A0509090A09080A0998
:10D12000080303060706070E0E0A0D0C09080D0C6E
:10D1300005050E0A100C0E09100B090E0C0D120D30
:10D140000C0D060906060D0407090709070609085C
:10D15000040408040C0808090807070607080B0957
:10D16000080905020507040708080C0207050A0656
:10D170000A0C0A0407070604080A0404040A0E0E2F
:10D1800010070E0E0E0E0E0E110D090909090505E8
:10D1900006060E0C0E0E0E0E0E050E0C0C0C0C0CD4
:10D1A0000A0A0707070707070C070707070704040A
:10D1B00006050908080808080808080707070708F7
:10D1C0000908110D09070C09060907070A030303DB
:10D1D0000505050707070A1106060B0703050505E0
:10D1E0000505050E0E0E040807080E0E0E0E0E00A5
:10D1F000000014130A0006060404080A0C0A0204BC
:10D200000406070308030B0B050A090B09090B09A0
:10D21000090303060806080E0F0A0E0C09090E0D75
:10D2200005050E0A110D0E09110B0A0E0C0E130D39
:10D230000D0E060906060E05070A07090807090864
:10D24000040408040C0808090907070608080C0963
:10D25000090905020508040709090D0207060A065F
:10D260000A0D0A0408070605080B0504050A0F0F36
:10D2700011080F0F0F0F0F0F120E090909090505ED
:10D2800006060E0D0E0E0E0E0E050E0C0C0C0C0DE1
:10D290000A0A0808080808080D070808080805050C
:10D2A00006060A08080808080808080808080809FF
:10D2B0000909110E0A070D09060A08070B030303E3
:10D2C0000505060808070A1206060B0803060606E7
:10D2D0000606060F0F0F040807090F0F0F0F0F00A8
:10D2E000000015140B0006060404080A0C0B0204C7
:10D2F0000406080308030B0C050A0A0B0A090B0AAB
:10D30000090303070807080F0F0B0E0D0A090E0E7D
:10D3100006050F0B120E0F0A110C0A0F0D0F140E3B
:10D320000D0F060A06070E05080A080A08070A096B
:10D33000040409050D09080A0907070708090D0A69
:10D34000090905020508040809090D0208060B066B
:10D350000B0E0B0408070705090C0504050B0F0F3E
:10D3600012080F0F0F0F0F0F130E0A0A0A0A0606F4
:10D3700007060F0E0F0F0F0F0F060F0D0D0D0D0DE2
:10D380000B0B0808080808080D0808080808050518
:10D3900007060A0909090909090909080808080905
:10D3A0000A09120F0A070D0A060A08080B030303ED
:10D3B0000606060808070B1207070C0803060606F0
:10D3C0000606060F0F0F040808090F0F0F0F0F00B6
:10D3D000000016150B0006060404090B0D0C0205CF
:10D3E0000506080308030C0C050B0A0C0A0A0C0AB4
:10D3F0000A03030708070910100B0F0D0A090F0E87
:10D400000605100B120E100A120C0B100D10150F42
:10D410000E0F070A07070F05080B080A09070A0974
:10D42000050409050D09090A0908080709090D0A73
:10D43000090A0602060804080A0A0E0208060C0772
:10D440000B0E0C0408080705090C0504050B101049
:10D450001209101010101010140F0A0A0A0A0606FA
:10D460000707100E101010101006100D0D0D0D0EE8
:10D470000B0B0909090909090E080909090905051C
:10D4800007060B0909090909090909080808080913
:10D490000A09130F0B080E0A060B08080C030303F6
:10D4A0000606060808080B1307070C0803060606FD
:10D4B00006060610101004090809101010101000BC
:10D4C000000017160C0007070404090B0D0C0205D9
:10D4D0000507080309030C0D060B0A0C0B0A0C0BBD
:10D4E0000A03030709070910110C100E0A0A100F8E
:10D4F0000606110C130F110B130D0B110E10160F46
:10D500000F10070B07071005090B080B09070B0A7B
:10D51000050509050E09090B0A080807090A0E0B7B
:10D520000A0A0603060904080A0A0F0308060C077C
:10D530000C0F0C0409080705090D0504050C111151
:10D54000130911111111111115100A0A0A0A060600
:10D550000707100F111111111106110E0E0E0E0FEB
:10D560000C0C0909090909090E0809090909050529
:10D5700007060B090A0A0A0A0A090A090909090A17
:10D580000A0A14100B080F0B070B09080C030303FE
:10D590000606060909080C1407070D090307070703
:10D5A0000707071111110409080A111111111100BF
:10D5B000000018170C0007070504090C0E0D0205E2
:10D5C0000507090309030D0D060C0B0D0B0B0D0BC5
:10D5D0000B03030809080911110C100F0B0A101096
:10D5E0000606110C1410110B140E0C110F1117104C
:10D5F0000F11070B07081005090C090B09080B0A86
:10D6000005050A050F0A0A0B0A080808090A0E0B85
:10D610000A0B0603060905090A0B0F0309070D0784
:10D620000C0F0D05090807050A0D0605060C121159
:10D63000140911111111111116100B0B0B0B070707
:10D6400008071110111111111106110F0F0F0F0FF3
:10D650000C0C0909090909090F0909090909050536
:10D6600008070C0A0A0A0A0A0A0A0A090909090A21
:10D670000B0A15110C080F0B070C09090D03030306
:10D680000707070909080C1508080D09030707070C
:10D69000070707111111050A090A111111111100CB
:10D6A0000000000102BE019000050002059A05334A
:10D6B00000000125059A0533000003A00066021250
:10D6C0000000000004000000000000000000000353
:10D6D00000000000000000000000000046494C422D
:10D6E00000400020221905E3FE42000005E301BED0
:10D6F00000000001000000000000000100008000A8
:10D70000000001E802B00000600004CF027544751B
:10D710006D626C65646F7220312020202020FFFF35
:10D72000FFFF37FFFFFE44554D5230300000000030
:10D7300000000001000000010000CCC2C4945F0F93
:10D740003CF50000080000000000B6ED2BAF000023
:10D750000000B6ED2BAFFFBFFE4207A0066500013B
:10D760000003000200010000000000010000066547
:10D77000FE39000007C3FFBFFFC407A0000100007F
:10D7800000000000000000000000000000EB0001AD
:10D79000000000EB006B0007000000000002000822
:10D7A0000040000A0000009E013F0001000100014E
:10D7B000000000120100000400204C545348F0A661
:10D7C000A6BF000003B40000006F4F532F32672A3A
:10D7D000F03D000001A80000006050434C54CD967D
:10D7E000EE4C000086000000003656444D586B6A2F
:10D7F000730500000424000005E0636D6170905B18
:10D80000D5650000141C0000025063767420127568
:10D810000C3D00002A8C000000666670676D344481
:10D8200016850000166C0000133B676173700017CB
:10D830000009000085F000000010676C7966DEE9E1
:10D840007D1000002AF4000052C068646D78AF3487
:10D85000321900000A0400000A1868656164F03695
:10D86000EF390000012C0000003668686561057919
:10D8700003BE0000016400000024686D7478BF825C
:10D88000145000000208000001AC6C6F63614F2669
:10D89000660C00007DB4000000D86D617870030E46
:10D8A00013D100000188000000206E616D65AE6735
:10D8B000254800007E8C00000663706F73745D491C
:10D8C0006231000084F0000000FD7072657056F255
:10D8D0006680000029A8000000E1000100000001AE
:10D8E0000000E844AADB5F0F3CF50010044C000088
:10D8F0000000C50B4DF000000000C9AF5D2D0032E7
:10D90000FF88022603480000000B00020000000010
:10D91000000000010000032000C80000025800328F
:10D92000003202260001000000000000000000009C
:10D9300000000000006B00010000006B0054000EAE
:10D9400000000000000200080040008C00000200FF
:10D95000133B00000000000301CA01900005000015
:10D9600002BC028A0000008F02BC028A000001C5CE
:10D97000003201030000020000000000000000006F
:10D980008000000100000000000000000000000016
:10D99000414C5453004000202030032000C80000B8
:10D9A000038400BB000000010000000002BC02BCB8
:10D9B0000000002000000244003201F4000001F4E5
:10D9C0000000012C000000B4003201550032021C9E
:10D9D000003202080032025800320230003200B435
:10D9E0000032015E0032015E003201AE003201B849
:10D9F000003200B4003201B8003200B40032020834
:10DA000000320208003200B400320208003202087C
:10DA10000032020800320208003202080032020816
:10DA20000032020800320208003200B4003200B4B2
:10DA300000320172003201B8003201720032020875
:10DA4000003202080032020800320208003201E00F
:10DA500000320208003201E0003201E00032020828
:10DA600000320208003200B400320208003202081C
:10DA700000320208003202080032020800320208B6
:10DA8000003202080032021200320208003202089C
:10DA90000032020700320208003202080032020897
:10DAA0000032020800320208003202080032013659
:10DAB000003202060032013600320207003202074D
:10DAC000003201180032020800320208003201E080
:10DAD00000320208003201E0003201E000320208A8
:10DAE00000320208003200B400320208003202089C
:10DAF0000032020800320208003202080032020836
:10DB0000003202080032021200320208003202081B
:10DB10000032020700320208003202080032020816
:10DB2000003202080032020800320208003201AE60
:10DB3000003200B4003201AE0032021C0032024E4C
:10DB4000003200B4003200B40032015400320155FA
:10DB5000003201860032021C0032024400320244CC
:10DB600000320000006B4B0101014B4B4B4B4B4B08
:10DB70004B4B4B4B4B4B4B4B4B4B4B4B4B4B4B4BF5
:10DB80004B4B4B4B4B4B4B4B4B4B4B4B4B4B4B4BE5
:10DB90004B4B4B4B4B4B4B4B4B4B4B4B4B4B4B4BD5
:10DBA0004B4B4B4B4B4B4B4B4B4B4B4B4B4B4B4BC5
:10DBB0004B4B4B4B4B4B4B4B4B4B4B4B4B4B4B4BB5
:10DBC0004B4B4B4B4B4B4B4B4B4B4B4B4B4B4B4BA5
:10DBD0004B0000000001000101010101000C00F8F0
:10DBE00008FF00080007FFFE00090008FFFE000A0A
:10DBF0000009FFFE000B0009FFFE000C000AFFFDFC
:10DC0000000D000BFFFD000E000CFFFD000F000DCE
:10DC1000FFFD0010000EFFFD0011000EFFFD0012C1
:10DC2000000FFFFC00130010FFFC00140011FFFCAC
:10DC300000150012FFFC00160012FFFC0017001375
:10DC4000FFFC00180014FFFB00190015FFFB001A71
:10DC50000016FFFB001B0017FFFB001C0017FFFB5B
:10DC6000001D0018FFFB001E0019FFFA001F001A1C
:10DC7000FFFA0020001BFFFA0021001BFFFA002220
:10DC8000001CFFFA0023001DFFFA0024001EFFF90C
:10DC90000025001FFFF900260020FFF900270020C3
:10DCA000FFF900280021FFF900290022FFF9002ACE
:10DCB0000023FFF8002B0024FFF8002C0024FFF8BD
:10DCC000002D0025FFF8002E0026FFF8002F00276A
:10DCD000FFF800300028FFF700310029FFF700327D
:10DCE0000029FFF70033002AFFF70034002BFFF76D
:10DCF0000035002CFFF60036002DFFF60037002D12
:10DD0000FFF60038002EFFF60039002FFFF6003A2C
:10DD10000030FFF6003B0031FFF5003C0032FFF51C
:10DD2000003D0032FFF5003E0033FFF5003F0034B8
:10DD3000FFF500400035FFF500410036FFF40042DA
:10DD40000036FFF400430037FFF400440038FFF4CE
:10DD500000450039FFF40046003AFFF40047003B5D
:10DD6000FFF30048003BFFF30049003CFFF3004A8B
:10DD7000003DFFF3004B003EFFF3004C003FFFF37C
:10DD8000004D003FFFF2004E0040FFF2004F004107
:10DD9000FFF200500042FFF200510043FFF2005238
:10DDA0000044FFF200530044FFF100540045FFF12E
:10DDB00000550046FFF100560047FFF100570048AC
:10DDC000FFF100580048FFF100590049FFF0005AE8
:10DDD000004AFFF0005B004BFFF0005C004CFFF0DE
:10DDE000005D004DFFF0005E004DFFF0005F004E53
:10DDF000FFEF0060004FFFEF00610050FFEF006297
:10DE00000051FFEF00630051FFEF00640052FFEF8D
:10DE100000650053FFEE00660054FFEE00670055FA
:10DE2000FFEE00680056FFEE00690056FFEE006A44
:10DE30000057FFED006B0058FFED006C0059FFED3F
:10DE4000006D005AFFED006E005AFFED006F005BA1
:10DE5000FFED0070005CFFEC0071005DFFEC0072F4
:10DE6000005EFFEC0073005FFFEC0074005FFFECEE
:10DE700000750060FFEC00760061FFEB0077006248
:10DE8000FFEB00780063FFEB00790063FFEB007AA3
:10DE90000064FFEB007B0065FFEB007C0066FFEA9F
:10DEA000007D0067FFEA007E0068FFEA007F0068EF
:10DEB000FFEA00800069FFEA0081006AFFEA008251
:10DEC000006BFFE90083006CFFE90084006CFFE950
:10DED0000085006DFFE90086006EFFE90087006F96
:10DEE000FFE900880070FFE800890071FFE8008A00
:10DEF0000071FFE8008B0072FFE8008C0073FFE800
:10DF0000008D0074FFE8008E0075FFE7008F00753C
:10DF1000FFE700900076FFE700910077FFE70092AF
:10DF20000078FFE700930079FFE70094007AFFE6AE
:10DF30000095007AFFE60096007BFFE60097007CE4
:10DF4000FFE60098007DFFE60099007EFFE5009A5D
:10DF5000007EFFE5009B007FFFE5009C0080FFE561
:10DF6000009D0081FFE5009E0082FFE5009F008389
:10DF7000FFE400A00083FFE400A10084FFE400A20E
:10DF80000085FFE400A30086FFE400A40087FFE40F
:10DF900000A50087FFE300A60088FFE300A7008933
:10DFA000FFE300A8008AFFE300A9008BFFE300AABB
:10DFB000008CFFE300AB008CFFE200AC008DFFE2C1
:10DFC00000AD008EFFE200AE008FFFE200AF0090D8
:10DFD000FFE200B00090FFE200B10091FFE100B26B
:10DFE0000092FFE100B30093FFE100B40094FFE171
:10DFF00000B50095FFE100B60095FFE100B700967F
:10E00000FFE000B80097FFE000B90098FFE000BA19
:10E010000099FFE000BB0099FFE000BC009AFFE020
:10E0200000BD009BFFDF00BE009CFFDF00BF009D26
:10E03000FFDF00C0009EFFDF00C1009EFFDF00C2C7
:10E04000009FFFDF00C300A0FFDE00C400A1FFDED1
:10E0500000C500A2FFDE00C600A2FFDE00C700A3CD
:10E06000FFDE00C800A4FFDE00C900A5FFDD00CA76
:10E0700000A6FFDD00CB00A7FFDD00CC00A7FFDD81
:10E0800000CD00A8FFDD00CE00A9FFDC00CF00AA74
:10E09000FFDC00D000ABFFDC00D100ABFFDC00D226
:10E0A00000ACFFDC00D300ADFFDC00D400AEFFDB32
:10E0B00000D500AFFFDB00D600B0FFDB00D700B01B
:10E0C000FFDB00D800B1FFDB00D900B2FFDB00DAD4
:10E0D00000B3FFDA00DB00B4FFDA00DC00B4FFDAE3
:10E0E00000DD00B5FFDA00DE00B6FFDA00DF00B7C2
:10E0F000FFDA00E000B8FFD900E100B9FFD900E283
:10E1000000B9FFD900E300BAFFD900E400BBFFD992
:10E1100000E500BCFFD900E600BDFFD800E700BD68
:10E12000FFD800E800BEFFD800E900BFFFD800EA32
:10E1300000C0FFD800EB00C1FFD800EC00C2FFD741
:10E1400000ED00C2FFD700EE00C3FFD700EF00C410
:10E15000FFD700F000C5FFD700F100C6FFD700F2DF
:10E1600000C6FFD600F300C7FFD600F400C8FFD6F4
:10E1700000F500C9FFD600F600CAFFD600F700CBB5
:10E18000FFD600F800CBFFD500F900CCFFD500FA90
:10E1900000CDFFD500FB00CEFFD500FC00CFFFD5A2
:10E1A00000FD00CFFFD400FE00D0FFD400FF00D15F
:10E1B000FFD40000001700000070090505040402E8
:10E1C000010304040505010303040401040104041C
:10E1D000010404040404040404010103040304040A
:10E1E00004040404040404040104040404040404F2
:10E1F00004040404040404040404030403040402E3
:10E2000004040404040404040104040404040404D1
:10E2100004040404040404040404040104040501C3
:10E22000010303030405050000000A0505050503B5
:10E2300002030505050502030304040204020505A3
:10E24000020505050505050505020203040305058C
:10E250000505040504040505020505050505050574
:10E260000505050505050505050503050305050364
:10E270000505040504040505020505050505050554
:10E280000505050505050505050504020405050246
:10E29000020303040505050000000B06060505033F
:10E2A000020305050606020404040402040205052F
:10E2B000020505050505050505020204040405051A
:10E2C0000505050505050505020505050505050501
:10E2D00005050505050505050505030503050503F4
:10E2E00005050505050505050205050505050505E1
:10E2F00005050505050505050505040204050602D5
:10E30000020303040506060000000C0706050503CA
:10E3100002040606070602040405050205020606B5
:10E32000020606060606060606020204050406069E
:10E330000606050605050606020606060606060684
:10E340000606060606060606060603060306060376
:10E350000606050605050606020606060606060664
:10E360000606060606060606060605020506060257
:10E37000020404040606060000000D070706060452
:10E380000204060607070204040505020502060644
:10E39000020606060606060606020204050406062E
:10E3A0000606060606060606020606060606060611
:10E3B0000606060606060606060604060406060304
:10E3C00006060606060606060206060606060606F1
:10E3D00006060606060606060606050205060702E6
:10E3E000020404050607070000000F0808070704D9
:10E3F00002050707080802050506060206020707C8
:10E4000002070707070707070702020506050707B0
:10E410000707070707070707020707070707070791
:10E420000707070707070707070704070407070485
:10E430000707070707070707020707070707070771
:10E440000707070707070707070706020607080267
:10E450000205050507080800000010090807070461
:10E46000030508080908030505060603060308084E
:10E470000308080808080808080303050605080833
:10E480000808070807070808030808080808080814
:10E490000808080808080808080805080508080406
:10E4A00008080708070708080308080808080808F4
:10E4B00008080808080808080808060306080903E9
:10E4C00003050506080808000000110909080805E9
:10E4D00003050808090903050507070307030808DA
:10E4E00003080808080808080803030607060808C0
:10E4F00008080708070708080308080808080808A4
:10E500000808080808080808080805080508080495
:10E510000808070807070808030808080808080883
:10E520000808080808080808080807030708090376
:10E5300003050506080909000000130A0A09090570
:10E54000030609090A0A030606070803080309095E
:10E550000309090909090909090303060806090944
:10E560000909080908080909030909090909090924
:10E570000909090909090909090905090509090517
:10E580000909080908080909030909090909090904
:10E5900009090909090909090909070307090A03FA
:10E5A00003060607090A0A000000150B0B0A0A06F3
:10E5B00003070A0A0B0B03070708080308030A0AE4
:10E5C000030A0A0A0A0A0A0A0A03030708070A0AC8
:10E5D0000A0A090A09090A0A030A0A0A0A0A0A0AA5
:10E5E0000A0A0A0A0A0A0A0A0A0A060A060A0A0598
:10E5F0000A0A090A09090A0A030A0A0A0A0A0A0A85
:10E600000A0A0A0A0A0A0A0A0A0A0803080A0B037B
:10E61000030607070A0B0B000000180D0D0B0B0774
:10E6200004070C0B0D0C040808090A040A040B0B60
:10E63000040B0B0B0B0B0B0B0B0404080A080B0B46
:10E640000B0B0A0B0A0A0B0B040B0B0B0B0B0B0B24
:10E650000C0B0B0B0B0B0B0B0B0B070B070B0B0616
:10E660000B0B0A0B0A0A0B0B040B0B0B0B0B0B0B04
:10E670000C0B0B0B0B0B0B0B0B0B0904090C0D04F8
:10E68000040707090C0D0D0000001B0F0E0C0C07F2
:10E6900004080D0D0F0E0409090B0B040B040D0DDE
:10E6A000040D0D0D0D0D0D0D0D0404090B090D0DBF
:10E6B0000D0D0C0D0C0C0D0D040D0D0D0D0D0D0D96
:10E6C0000D0D0D0D0D0D0D0D0D0D080D080D0D078A
:10E6D0000D0D0C0D0C0C0D0D040D0D0D0D0D0D0D76
:10E6E0000D0D0D0D0D0D0D0D0D0D0B040B0D0E046F
:10E6F0000408080A0D0E0E0000001D100F0D0D0875
:10E7000005090E0E100F0509090B0C050C050E0E60
:10E71000050E0E0E0E0E0E0E0E05050A0C0A0E0E3E
:10E720000E0E0D0E0D0D0E0E050E0E0E0E0E0E0E15
:10E730000E0E0E0E0E0E0E0E0E0E080E080E0E070C
:10E740000E0E0D0E0D0D0E0E050E0E0E0E0E0E0EF5
:10E750000E0E0E0E0E0E0E0E0E0E0B050B0E1005EF
:10E760000509090A0E0F0F0000002011110F0F09F3
:10E77000050A100F1110050A0A0D0D050D050F0FE2
:10E78000050F0F0F0F0F0F0F0F05050B0D0B0F0FC1
:10E790000F0F0E0F0E0E0F0F050F0F0F0F0F0F0F96
:10E7A0000F0F0F0F0F0F0F0F0F0F090F090F0F088C
:10E7B0000F0F0E0F0E0E0F0F050F0F0F0F0F0F0F76
:10E7C0000F0F0F0F0F0F0F0F0F0F0D050D1011056E
:10E7D000050A0A0B1011110000002112110F0F0978
:10E7E000050A10101211050B0B0D0D050D0510106B
:10E7F00005101010101010101005050B0D0B101047
:10E8000010100E100E0E1010051010101010101019
:10E81000101010101010101010100910091010080E
:10E8200010100E100E0E10100510101010101010F9
:10E83000101010101010101010100D050D101205F2
:10E84000050A0A0C10111100000025141411110AF8
:10E85000060B12111413060C0C0E0F060F061111E5
:10E8600006111111111111111106060C0F0C1111C5
:10E870001111101110101111061111111111111196
:10E88000121111111111111111110A110A1111098D
:10E890001111101110101111061111111111111176
:10E8A000121111111111111111110E060E1214066F
:10E8B000060B0B0D1214140000002A171613130B6D
:10E8C000070D15141715070D0D1011071107141456
:10E8D00007141414141414141407070E110E14142E
:10E8E00014141214121214140714141414141414FB
:10E8F000141414141414141414140C140C14140BF1
:10E9000014141214121214140714141414141414DA
:10E9100014141414141414141414100710151707D5
:10E92000070D0D0F1516160000002E191815150DE0
:10E93000080E17161917080F0F12120812081616CC
:10E9400008161616161616161608080F120F1616A3
:10E95000161614161414161608161616161616166B
:10E96000161616161616161616160D160D16160C63
:10E97000161614161414161608161616161616164B
:10E980001616161616161616161612081217190847
:10E99000080E0E10171818000000321B1A17170E59
:10E9A000081019181B190810101414081408181846
:10E9B0000818181818181818180808111411181819
:10E9C00018181618161618180818181818181818DD
:10E9D000181818181818181818180E180E18180DD6
:10E9E00018181618161618180818181818181818BD
:10E9F00018181818181818181818140814191B08BB
:10EA0000080F1012191A1A000000361D1C19190FD0
:10EA100009111B1A1D1B09111115160916091A1ABD
:10EA2000091A1A1A1A1A1A1A1A09091216121A1A8D
:10EA30001A1A181A18181A1A091A1A1A1A1A1A1A4D
:10EA40001A1A1A191A1A1A1A1A1A0F190F19190E4C
:10EA50001A1A181A18181A1A091A1A1A1A1A1A1A2D
:10EA60001A1A1A191A1A1A1A1A1A1509151B1D092F
:10EA7000091111131B1C1C0000003A201F1A1A1048
:10EA800009121C1B201E09121217170917091B1B3C
:10EA9000091B1B1B1B1B1B1B1B09091417141B1B0E
:10EAA0001B1B191B19191B1B091B1B1B1B1B1B1BCE
:10EAB0001C1B1B1B1B1B1B1B1B1B101B101B1B0FC7
:10EAC0001B1B191B19191B1B091B1B1B1B1B1B1BAE
:10EAD0001C1B1B1B1B1B1B1B1B1B1709171C1F09AC
:10EAE000091212151C1F1F0000004325231E1E12B1
:10EAF0000B15212025220B15151A1B0B1B0B202093
:10EB00000B20202020202020200B0B171B1720205B
:10EB100020201D201D1D20200B2020202020202013
:10EB2000202020202020202020201320132020110E
:10EB300020201D201D1D20200B20202020202020F3
:10EB4000202020202020202020201A0B1A21240BF6
:10EB50000B1515182123230000004B29282222140D
:10EB60000C17252329260C18181D1E0C1E0C2323F8
:10EB70000C23232323232323230C0C191E192323C3
:10EB800023232123212123230C2323232323232372
:10EB90002423232323232323232315231523231370
:10EBA00023232123212123230C2323232323232352
:10EBB000242323232323232323231D0C1D25280C57
:10EBC0000C17171B25282800000000000003000078
:10EBD000000300000200000100000000001C000310
:10EBE0000001000001B0000601940000002000C5F3
:10EBF0000003000400050006000700080009000AE1
:10EC0000000B000C000D000E000F00100011001290
:10EC10000013001400150016001700180019001A40
:10EC2000001B001C001D001E001F002000210022F0
:10EC30000023002400250026002700280029002AA0
:10EC4000002B002C002D002E002F00300031003250
:10EC50000033003400350036003700380039003A00
:10EC6000003B003C003D003E003F004000410042B0
:10EC70000043004400450046004700480049004A60
:10EC8000004B004C004D004E004F00500051005210
:10EC90000053005400550056005700580059005AC0
:10ECA000005B005C005D005E005F006000610000D2
:10ECB0000000000000000000000000000000000054
:10ECC0000000000000000000000000000000000044
:10ECD0000000000000000000000000000000000034
:10ECE0000000000000000000000000000000000024
:10ECF00000000000000000000000006700000000AD
:10ED00000000006A00000000000000000000000099
:10ED100000000000000000000000000000000000F3
:10ED200000000000000000000000000000000000E3
:10ED300000000000000000000000000000000000D3
:10ED400000000000000000000000000000000000C3
:10ED50000068006900650066006300640000000050
:10ED600000000000000000000000000000000000A3
:10ED700000000000000000000062000400500000DD
:10ED80000010001000030000007E00A920142019CC
:10ED9000201D20222030FFFF0000002000A92013AA
:10EDA0002018201C20222030FFFFFFE3FFC1E05588
:10EDB000E04BE049E045E0320001000000000000C7
:10EDC00000000000000000000000000400500000EF
:10EDD0000010001000030000007E00A9201420197C
:10EDE000201D20222030FFFF0000002000A920135A
:10EDF0002018201C20222030FFFFFFE3FFC1E05538
:10EE0000E04BE049E045E032000100000000000076
:10EE1000000000000000000000004005050403029F
:10EE2000002C764520B003254523616818236860CF
:10EE3000442D2C4520B00325452361682368604498
:10EE40002D2C2020B8FFC03812B1400136382D2CAF
:10EE50002020B0403812B00136B8FFC0382D2C0148
:10EE6000B046762047681823466168205820B003D2
:10EE7000252338B0022512B001366538592DB80067
:10EE80000A2C4BB8000B5058B101018E59B801FF44
:10EE900085B800441DB9000B00035F5E2DB8000B60
:10EEA0002C2020456944B001602DB8000C2CB8001E
:10EEB0000B2A212DB8000D2C2046B00325465258B0
:10EEC0002359208A208A49648A204620686164B0D8
:10EED00004254620686164525823658A592F20B062
:10EEE0000053586920B000545821B040591B692084
:10EEF000B000545821B0406559593A2DB8000E2C35
:10EF00002046B00425465258238A592046206A617B
:10EF100064B0042546206A61645258238A592FFD43
:10EF20002DB8000F2C4B20B0032650585158B080FC
:10EF3000441BB04044591B21212045B0C05058B05B
:10EF4000C0441B2159592DB800102C20204569447C
:10EF5000B001602020457D691844B001602DB800E3
:10EF6000112CB800102A2DB800122C4B20B003260B
:10EF70005358B0401BB000598A8A20B0032653581A
:10EF80002321B0808A8A1B8A235920B00326535834
:10EF90002321B800C08A8A1B8A235920B003265334
:10EFA000582321B801008A8A1B8A235920B00326DE
:10EFB00053582321B801408A8A1B8A235920B8005C
:10EFC00003265358B0032545B8018050582321B873
:10EFD000018023211BB003254523212321591B2117
:10EFE00059442DB800132C4B535845441B2121592B
:10EFF0002DB800142C4BB8000B5058B101018E599C
:10F00000B801FF85B800441DB9000B00035F5E2DF9
:10F01000B800152C2020456944B001602DB80016B9
:10F020002CB800152A212DB800172C2046B0032536
:10F030004652582359208A208A49648A20462068EB
:10F040006164B004254620686164525823658A597A
:10F050002F20B00053586920B000545821B04059B7
:10F060001B6920B000545821B0406559593A2DB859
:10F0700000182C2046B00425465258238A592046B1
:10F08000206A6164B0042546206A61645258238A6C
:10F09000592FFD2DB800192C4B20B0032650585184
:10F0A00058B080441BB04044591B21212045B0C0BA
:10F0B0005058B0C0441B2159592DB8001A2C20209B
:10F0C000456944B001602020457D691844B0016065
:10F0D0002DB8001B2CB8001A2A2DB8001C2C4B2070
:10F0E000B003265358B0401BB000598A8A20B003A1
:10F0F0002653582321B0808A8A1B8A235920B003C3
:10F100002653582321B800C08A8A1B8A235920B06D
:10F11000032653582321B801008A8A1B8A235920C9
:10F12000B0032653582321B801408A8A1B8A2359E9
:10F1300020B80003265358B0032545B80180505825
:10F140002321B8018023211BB0032545232123213E
:10F15000591B2159442DB8001D2C4B535845441BB5
:10F160002121592DB8001E2C4BB8000B5058B1016D
:10F17000018E59B801FF85B800441DB9000B00038A
:10F180005F5E2DB8001F2C2020456944B001602D22
:10F19000B800202CB8001F2A212DB800212C2046B1
:10F1A000B003254652582359208A208A49648A2070
:10F1B0004620686164B00425462068616452582383
:10F1C000658A592F20B00053586920B00054582147
:10F1D000B040591B6920B000545821B040655959BE
:10F1E0003A2DB800222C2046B00425465258238AD6
:10F1F000592046206A6164B0042546206A61645241
:10F2000058238A592FFD2DB800232C4B20B00326FC
:10F2100050585158B080441BB04044591B21212004
:10F2200045B0C05058B0C0441B2159592DB80024D6
:10F230002C2020456944B001602020457D69184498
:10F24000B001602DB800252CB800242A2DB8002666
:10F250002C4B20B003265358B0401BB000598A8A6B
:10F2600020B0032653582321B0808A8A1B8A235951
:10F2700020B0032653582321B800C08A8A1B8A2352
:10F280005920B0032653582321B801008A8A1B8ACB
:10F29000235920B0032653582321B801408A8A1BE2
:10F2A0008A235920B80003265358B0032545B801D6
:10F2B0008050582321B8018023211BB0032545230A
:10F2C000212321591B2159442DB800272C4B535879
:10F2D00045441B2121592DB800282C4BB8000B5058
:10F2E00058B101018E59B801FF85B800441DB9001D
:10F2F0000B00035F5E2DB800292C2020456944B027
:10F3000001602DB8002A2CB800292A212DB8002B25
:10F310002C2046B003254652582359208A208A497A
:10F32000648A204620686164B004254620686164D0
:10F33000525823658A592F20B00053586920B000D5
:10F34000545821B040591B6920B000545821B04096
:10F350006559593A2DB8002C2C2046B00425465248
:10F3600058238A592046206A6164B0042546206AE1
:10F3700061645258238A592FFD2DB8002D2C4B2043
:10F38000B0032650585158B080441BB04044591B1C
:10F3900021212045B0C05058B0C0441B2159592DDF
:10F3A000B8002E2C2020456944B001602020457D06
:10F3B000691844B001602DB8002F2CB8002E2A2DFA
:10F3C000B800302C4B20B003265358B0401BB0007F
:10F3D000598A8A20B0032653582321B0808A8A1B79
:10F3E0008A235920B0032653582321B800C08A8AA3
:10F3F0001B8A235920B0032653582321B801008AC1
:10F400008A1B8A235920B0032653582321B8014070
:10F410008A8A1B8A235920B80003265358B0032533
:10F4200045B8018050582321B8018023211BB00327
:10F43000254523212321591B2159442DB800312C66
:10F440004B535845441B2121592DB800322C4BB841
:10F45000000B5058B101018E59B801FF85B8004426
:10F460001DB9000B00035F5E2DB800332C20204532
:10F470006944B001602DB800342CB800332A212D26
:10F48000B800352C2046B003254652582359208A0F
:10F49000208A49648A204620686164B00425462099
:10F4A000686164525823658A592F20B00053586907
:10F4B00020B000545821B040591B6920B000545866
:10F4C00021B0406559593A2DB800362C2046B00479
:10F4D00025465258238A592046206A6164B0042583
:10F4E00046206A61645258238A592FFD2DB800378F
:10F4F0002C4B20B0032650585158B080441BB040CC
:10F5000044591B21212045B0C05058B0C0441B2194
:10F5100059592DB800382C2020456944B00160208D
:10F5200020457D691844B001602DB800392CB80021
:10F53000382A2DB8003A2C4B20B003265358B0403F
:10F540001BB000598A8A20B0032653582321B0806B
:10F550008A8A1B8A235920B0032653582321B800D6
:10F56000C08A8A1B8A235920B0032653582321B806
:10F5700001008A8A1B8A235920B00326535823216D
:10F58000B801408A8A1B8A235920B80003265358A1
:10F59000B0032545B8018050582321B801802321AC
:10F5A0001BB003254523212321591B2159442DB884
:10F5B000003B2C4B535845441B2121592DB8003C8E
:10F5C0002C4BB8000B5058B101018E59B801FF8582
:10F5D000B800441DB9000B00035F5E2DB8003D2C40
:10F5E0002020456944B001602DB8003E2CB8003D94
:10F5F0002A212DB8003F2C2046B00325465258231F
:10F6000059208A208A49648A204620686164B004AF
:10F61000254620686164525823658A592F20B0001E
:10F6200053586920B000545821B040591B6920B08C
:10F6300000545821B0406559593A2DB800402C204B
:10F6400046B00425465258238A592046206A6164F0
:10F65000B0042546206A61645258238A592FFD2D33
:10F66000B800412C4B20B0032650585158B080446C
:10F670001BB04044591B21212045B0C05058B0C098
:10F68000441B2159592DB800422C2020456944B013
:10F6900001602020457D691844B001602DB8004309
:10F6A0002CB800422A2DB800442C4B20B00326531E
:10F6B00058B0401BB000598A8A20B0032653582303
:10F6C00021B0808A8A1B8A235920B00326535823ED
:10F6D00021B800C08A8A1B8A235920B003265358B8
:10F6E0002321B801008A8A1B8A235920B00326539C
:10F6F000582321B801408A8A1B8A235920B8000365
:10F70000265358B0032545B8018050582321B8012D
:10F710008023211BB003254523212321591B215977
:10F72000442DB800452C4B535845441B2121592DDD
:10F73000B800462C4BB8000B5058B101018E59B897
:10F7400001FF85B800441DB9000B00035F5E2DB8B2
:10F7500000472C2020456944B001602DB800482C9A
:10F76000B800472A212DB800492C2046B003254671
:10F7700052582359208A208A49648A204620686189
:10F7800064B004254620686164525823658A592F65
:10F7900020B00053586920B000545821B040591B84
:10F7A0006920B000545821B0406559593A2DB8002D
:10F7B0004A2C2046B00425465258238A5920462018
:10F7C0006A6164B0042546206A61645258238A59EC
:10F7D0002FFD2DB8004B2C4B20B00326505851580C
:10F7E000B080441BB04044591B21212045B0C0507B
:10F7F00058B0C0441B2159592DB8004C2C2020452D
:10F800006944B001602020457D691844B001602D35
:10F81000B8004D2CB8004C2A2DB8004E2C4B20B00F
:10F8200003265358B0401BB000598A8A20B00326E3
:10F8300053582321B0808A8A1B8A235920B003267B
:10F8400053582321B800C08A8A1B8A235920B00349
:10F850002653582321B801008A8A1B8A235920B0D5
:10F86000032653582321B801408A8A1B8A23592032
:10F87000B80003265358B0032545B80180505823DB
:10F8800021B8018023211BB00325452321232159C1
:10F890001B2159442DB8004F2C4B535845441B2174
:10F8A00021592DB800502C4BB8000B5058B1010114
:10F8B0008E59B801FF85B800441DB9000B00035FE5
:10F8C0005E2DB800512C2020456944B001602DB850
:10F8D00000522CB800512A212DB800532C2046B0DC
:10F8E00003254652582359208A208A49648A204693
:10F8F00020686164B004254620686164525823651D
:10F900008A592F20B00053586920B000545821B0B4
:10F9100040591B6920B000545821B0406559593AEC
:10F920002DB800542C2046B00425465258238A593D
:10F930002046206A6164B0042546206A61645258FA
:10F94000238A592FFD2DB800552C4B20B00326508B
:10F95000585158B080441BB04044591B21212045C8
:10F96000B0C05058B0C0441B2159592DB800562C76
:10F970002020456944B001602020457D691844B0CD
:10F9800001602DB800572CB800562A2DB800582C0D
:10F990004B20B003265358B0401BB000598A8A2030
:10F9A000B0032653582321B0808A8A1B8A2359200A
:10F9B000B0032653582321B800C08A8A1B8A2359D2
:10F9C00020B0032653582321B801008A8A1B8A23BA
:10F9D0005920B0032653582321B801408A8A1B8A34
:10F9E000235920B80003265358B0032545B8018099
:10F9F00050582321B8018023211BB0032545232122
:10FA00002321591B2159442DB800592C4B535845DB
:10FA1000441B2121592DB8005A2C4BB8000B5058CB
:10FA2000B101018E59B801FF85B800441DB9000B22
:10FA300000035F5E2DB8005B2C2020456944B001B7
:10FA4000602DB8005C2CB8005B2A212DB8005D2C1D
:10FA50002046B003254652582359208A208A4964FB
:10FA60008A204620686164B004254620686164529B
:10FA70005823658A592F20B00053586920B000548C
:10FA80005821B040591B6920B000545821B040653E
:10FA900059593A2DB8005E2C2046B00425465258DC
:10FAA000238A592046206A6164B0042546206A6191
:10FAB000645258238A592FFD2DB8005F2C4B20B07B
:10FAC000032650585158B080441BB04044591B2164
:10FAD000212045B0C05058B0C0441B2159592DB801
:10FAE00000602C2020456944B001602020457D69DC
:10FAF0001844B001602DB800612CB800602A2DB800
:10FB000000622C4B20B003265358B0401BB0005964
:10FB10008A8A20B0032653582321B0808A8A1B8A00
:10FB2000235920B0032653582321B800C08A8A1BCA
:10FB30008A235920B0032653582321B801008A8A0A
:10FB40001B8A235920B0032653582321B801408A29
:10FB50008A1B8A235920B80003265358B003254531
:10FB6000B8018050582321B8018023211BB0032500
:10FB70004523212321591B2159442DB800632C4BC7
:10FB8000535845441B2121592DB800642C4BB80013
:10FB90000B5058B101018E59B801FF85B800441DC2
:10FBA000B9000B00035F5E2DB800652C202045696D
:10FBB00044B001602DB800662CB800652A212DB82C
:10FBC00000672C2046B003254652582359208A202E
:10FBD0008A49648A204620686164B004254620680A
:10FBE0006164525823658A592F20B0005358692008
:10FBF000B000545821B040591B6920B0005458211E
:10FC0000B0406559593A2DB800682C2046B00425FB
:10FC1000465258238A592046206A6164B00425461A
:10FC2000206A61645258238A592FFD2DB800692C2F
:10FC30004B20B0032650585158B080441BB040446C
:10FC4000591B21212045B0C05058B0C0441B215938
:10FC5000592DB8006A2C2020456944B0016020204D
:10FC6000457D691844B001602DB8006B2CB8006A5E
:10FC70002A2DB8006C2C4B20B003265358B0401BE3
:10FC8000B000598A8A20B0032653582321B0808AB5
:10FC90008A1B8A235920B0032653582321B800C059
:10FCA0008A8A1B8A235920B0032653582321B8017E
:10FCB000008A8A1B8A235920B0032653582321B86F
:10FCC00001408A8A1B8A235920B80003265358B062
:10FCD000032545B8018050582321B8018023211BFA
:10FCE000B003254523212321591B2159442DB80058
:10FCF0006D2C4B535845441B2121592DB8006E2CB7
:10FD00004BB8000B5058B101018E59B801FF85B8AE
:10FD100000441DB9000B00035F5E2DB8006F2C205E
:10FD200020456944B001602DB800702CB8006F2ADE
:10FD3000212DB800712C2046B00325465258235976
:10FD4000208A208A49648A204620686164B004259C
:10FD50004620686164525823658A592F20B00053A9
:10FD6000586920B000545821B040591B6920B00098
:10FD7000545821B0406559593A2DB800722C20468C
:10FD8000B00425465258238A592046206A6164B03F
:10FD9000042546206A61645258238A592FFD2DB8E4
:10FDA00000732C4B20B0032650585158B080441B90
:10FDB000B04044591B21212045B0C05058B0C04428
:10FDC0001B2159592DB800742C2020456944B001DD
:10FDD000602020457D691844B001602DB800752C65
:10FDE000B800742A2DB800762C4B20B00326535847
:10FDF000B0401BB000598A8A20B0032653582321F3
:10FE0000B0808A8A1B8A235920B0032653582321A5
:10FE1000B800C08A8A1B8A235920B003265358236E
:10FE200021B801008A8A1B8A235920B0032653581F
:10FE30002321B801408A8A1B8A235920B80003264F
:10FE40005358B0032545B8018050582321B801808C
:10FE500023211BB003254523212321591B2159446C
:10FE60002DB800772C4B535845441B2121592DB8F0
:10FE700000782C4BB8000B5058B101018E59B801D5
:10FE8000FF85B800441DB9000B00035F5E2DB8006C
:10FE9000792C2020456944B001602DB8007A2CB837
:10FEA00000792A212DB8007B2C2046B0032546522C
:10FEB000582359208A208A49648A20462068616430
:10FEC000B004254620686164525823658A592F2062
:10FED000B00053586920B000545821B040591B69F4
:10FEE00020B000545821B0406559593A2DB8007CD3
:10FEF0002C2046B00425465258238A592046206AB1
:10FF00006164B0042546206A61645258238A592FDF
:10FF1000FD2DB8007D2C4B20B0032650585158B011
:10FF200080441BB04044591B21212045B0C050588B
:10FF3000B0C0441B2159592DB8007E2C20204569A2
:10FF400044B001602020457D691844B001602DB89F
:10FF5000007F2CB8007E2A2DB800802C4B20B003E7
:10FF6000265358B0401BB000598A8A20B00326534C
:10FF7000582321B0808A8A1B8A235920B003265334
:10FF8000582321B800C08A8A1B8A235920B003262F
:10FF900053582321B801008A8A1B8A235920B003B1
:10FFA0002653582321B801408A8A1B8A235920B836
:10FFB0000003265358B0032545B80180505823212B
:10FFC000B8018023211BB003254523212321591B80
:10FFD0002159442DB800812C4B535845441B2121F5
:10FFE000592DB800822C4BB8000B5058B101018E2E
:10FFF00059B801FF85B800441DB9000B00035F5ECE
:020000040802F0
:100000002DB800832C2020456944B001602DB80034
:10001000842CB800832A212DB800852C2046B003FB
:10002000254652582359208A208A49648A2046202E
:10003000686164B004254620686164525823658A6B
:10004000592F20B00053586920B000545821B040B7
:10005000591B6920B000545821B0406559593A2DB8
:10006000B800862C2046B00425465258238A5920D1
:1000700046206A6164B0042546206A6164525823B0
:100080008A592FFD2DB800872C4B20B003265058DD
:100090005158B080441BB04044591B21212045B029
:1000A000C05058B0C0441B2159592DB800882C208D
:1000B00020456944B001602020457D691844B001A5
:1000C000602DB800892CB800882A2DB8008A2C4BE6
:1000D00020B003265358B0401BB000598A8A20B084
:1000E000032653582321B0808A8A1B8A235920B0C3
:1000F000032653582321B800C08A8A1B8A2359201B
:10010000B0032653582321B801008A8A1B8A235939
:1001100020B0032653582321B801408A8A1B8A2322
:100120005920B80003265358B0032545B801805024
:10013000582321B8018023211BB003254523212307
:1001400021591B2159442DB8008B2C4B5358454441
:100150001B2121592D00B800822BB800782BB80044
:100160006E2BB800642BB8005A2BB800502BB80087
:10017000462BB8003C2BB800322BB800282BB80017
:100180001E2BB800142BB8000A2B400E1B1B1A1A8A
:100190000B0B010100000F0F45018DB801FF8576A3
:1001A00045684418B3020B46002BB3030046002BEE
:1001B000B3040146002BB3050B46002BB3060046E3
:1001C000002BB3070146002BB3080F46002BB309E1
:1001D0000146002BB30A0046002BB30C0146002B4E
:1001E000B30D0B46002BB30E0146002BB3100F4688
:1001F000002BB3110F46002BB3120B46002BB31389
:100200000B46002BB3140146002BB3150146002BFF
:10021000B3160F46002BB3170146002BB318014647
:10022000002BB3190B46002B4568444568444568CC
:100230004445684445684400000002BB0183004B0C
:10024000024602060000035101CEFF90019D0230DC
:1002500000000215000E0139FF8CFF45FFA700B614
:10026000007101D50150FF6B010400EE008C004BC2
:10027000004B009E008300AC0082001C004B00611C
:10028000000E0033004A0016001600160016001675
:1002900000160016001600160016001600160016AE
:1002A0000000000400320000021202D00005000B22
:1002B000000F0017008FB800642BB800182FB8008B
:1002C000132FB80010DCBA0000001300101112390F
:1002D000B8001810B8000DD0B8000D2FB80004DC1D
:1002E000B80007D0B800072FB8000D10B80008D02C
:1002F000B800082FBA000B00130010111239B80013
:100300000410B8000FD0B8001010B80019DC00BA03
:100310000013000000672BBA000B001400672BB815
:10032000001310B80004D0B8001410B80007D0BAF9
:10033000000D00000013111239BA000E0014000B5A
:10034000111239303129012627372111212736375B
:100350002101071117010607271137161701CCFED7
:1003600098280A50012CFED5500A280167FEB65085
:100370005001900A281E1E280A0A281E02301E2834
:100380000AFD941E02441EFDC6280A500230500A7F
:100390002800000300320000008202D00004000B9D
:1003A000000F0043B800642BBA0002000300672B63
:1003B000B8000310B80005D0B8000210B80009D08A
:1003C000B8000210B8000CD0B8000310B8000DD06F
:1003D00000B800072FBA000F000C00672BB8000F01
:1003E00010B80003DC3031131715233D0237161700
:1003F0001107132335336E14501E280A141450505D
:10040000015E14AA828CD2500A28FEE814FE8E5097
:100410000000000200320208012302D1000400099A
:10042000003BB800642BB8000A2FB800072FB800B3
:100430000A10B80002D0B800022FB80000DCB800E3
:100440000710B80005DCB8000BDC00B800032FB8BB
:1004500000082FB800012FB800062F3031130727EE
:100460003533170727353382282850A12828500212
:10047000302828A09F2828A00000000C0032007718
:1004800001EA02580005000B00110017001D0023AF
:100490000029002F0035003B0041004700E7B8006D
:1004A000642BB800482FB800122FB8004810B800CD
:1004B0000CD0B8000C2FB8000EDCB8001210B80039
:1004C00014DCB8000C10B80018D0B8000E10B8003A
:1004D0001AD0B8001210B8001ED0B8001410B8001E
:1004E00020D0B8001210B80024D0B8001410B80002
:1004F00026D0B8000C10B8002AD0B8000E10B800F2
:100500002CD000B800192FB8001F2FB800282FB822
:10051000002E2FBA0036003800672BBA0042004484
:1005200000672BB8004210B80000D0B800002FB808
:10053000004410B80002D0B800022FB8003610B83E
:100540000006D0B800062FB8003810B80008D0B8A0
:1005500000082FB8003610B80030D0B800302FB8DF
:10056000003810B80032D0B800322FB8004210B8AE
:10057000003CD0B8003C2FB8004410B8003ED0B8C2
:10058000003E2F30310117072327371F010723278C
:10059000372737171507273F011715072F0137177B
:1005A0001507273F011715072711371715072F01C3
:1005B000371715072F011707232737051707232795
:1005C0003F0117072327370517072327370122285D
:1005D000282828282828282828286428282828A0E7
:1005E00028282828A028282828A02828282828289B
:1005F0002828A028282828142828282828016828FE
:1006000028282828282828282828FEE828282828D4
:100610002801E028282828A0282828283C2828283D
:100620002828282828282828DC28283C28283C286E
:10063000283C2828FEE928283D28283C28283D2851
:1006400028A1282828280128282828A1282828285F
:1006500001282828280000090032FF8801D6034815
:100660000005000C00120017001F00240028002CB9
:10067000003100C3B800642BBA0011001000672BD2
:10068000BA0024002000672BBA0007000200672B85
:10069000B8000210B8000BD0BA000D00020007111C
:1006A0001239B8001110B80013D0B8001010B800FB
:1006B00016D0B8002010B80025D0B8002410B8001B
:1006C00027D0B8002010B80029D0B8002410B800F6
:1006D0002BD0B8002410B8002DD0B8002010B800DE
:1006E00030D0B8000710B80033DC00B800222FB8B3
:1006F000002F2FBA000D002D00672BBA0020001B21
:1007000000672BBA002C001200672BBA00180026D5
:1007100000672BBA0002000C00672BBA002800000B
:1007200000672BBA0017002F0022111239B8000CF5
:1007300010B8002AD03031011707212737051711CB
:1007400006072735132126273733031507271117E7
:100750002736372116170727353717150335331571
:100760000335331D0207273501862828FEFC28287B
:100770000140140A281E0AFED4280A50F0F03C1446
:1007800051500A28013F280A50A0282850505050A4
:1007900028280190282828283214FEE8280A50D258
:1007A000FEDE0A281E021CBE3C1401040A1E280A92
:1007B0000A281E6E32282832FEC0B4B4FEC0B4B47B
:1007C0008C3228283200000A00320000022602D0B3
:1007D0000005000B00110017001D00230029002F49
:1007E0000035003B00E9B800642BB8003C2FB8008E
:1007F0002C2FB80000D0B800002FB8003C10B80073
:100800000ED0B8000E2FB80022DCB80006D0B80019
:10081000062FBA0011000E0022111239B8000E1076
:10082000B80016D0B8002210B8001AD0BA001D00C7
:100830000E0022111239B8002C10B80028DCBA00C2
:100840002F002C0028111239B8002C10B80034D019
:10085000BA0035000E0028111239B8002810B8006F
:1008600038D0BA003B002C0028111239B8002810EB
:10087000B8003DDC00BA002E003200672BBA001031
:10088000001400672BB8001010B80001D0B8003277
:1008900010B80007D0BA001700140010111239B8B0
:1008A000001410B8001CD0BA00230014001011125C
:1008B00039BA00290032002E111239BA003500323F
:1008C000002E111239B8003210B8003AD030310180
:1008D00037321703230F0122271333032327363719
:1008E00033071507262735173317060723373537FC
:1008F00016171513353716171527232736373307DD
:1009000015072627351733170607230137773C14B9
:100910009A2D16773C149A2D633C500A28785A1E5B
:10092000280A643C500A28785A1E280AB41E280A4D
:10093000643C500A28785A1E280A643C500A2878D9
:1009400001DEF228FECA80F228013601221E280AA2
:10095000643C500A28785A1E280A643C500A2878B9
:10096000FE3E3C500A28785A1E280A643C500A2849
:10097000785A1E280A0000080032FFA601FE02A8CD
:100980000005000B00120017001D00220029002E98
:1009900000AFB800642BBA0010001300672BBA0038
:1009A00028002300672BBA00020023002811123907
:1009B000B800022FB80007DCB8000210B8000AD057
:1009C000B8001010B80016D0BA001D00230028117E
:1009D0001239BA002100130010111239B800212F6A
:1009E000B8001FDCBA002200130010111239B80041
:1009F0000710B8002AD0B8000210B8002DD0B800F7
:100A00000710B80030DC00B8002C2FBA001D0024FD
:100A100000672BBA0011000C00672BBA000000021F
:100A200000672BBA0013000C0011111239B8002412
:100A300010B80019D0BA00220024001D111239305C
:100A400031011707212737051715232735132126CD
:100A50002737211725113717151323273637330763
:100A600015072735053537161715071315072735C9
:100A700001862828FEFC2828014014321E64FE7AD4
:100A8000280A5001403CFE34143CC8A0500A28DC1F
:100A9000BE3C1401041E280A143C143C0190282872
:100AA00028283214E61EA0FEDE0A281E3C3201046D
:100AB000143CBE01F41E280A646E3C14B48C8250AF
:100AC0000A28C814FE5232143C0A000100320208FF
:100AD000008202D000040017B800642BBA000000A6
:100AE0000200672B00B800012FB800032F3031132C
:100AF000072735338228285002302828A000000418
:100B000000320000012C02D00005000B001100177C
:100B1000002FB800642BBA000B000700672BB80049
:100B20000B10B80012D0B8000710B80015D000BAEA
:100B30000011000D00672BBA0004000000672B3085
:100B400031012327373317032735371715130723A9
:100B500027373327150727353701046E28286E28D5
:100B6000E614321EAA286E28286E821E32140280D5
:100B7000282828FECA14E6321ED2FE7A282828D257
:100B8000D21E32E61400000400320000012C02D014
:100B90000005000B001100170037B800642BBA00E5
:100BA00008000A00672BB8000A10B80012D0B8007D
:100BB0000810B80015D0B8000810B80019DC00BA49
:100BC0000001000300672BBA000E001000672B30F5
:100BD0003137331707232713171507273503373303
:100BE0001707231735371715075A6E28286E28E67A
:100BF00014321EAA286E28286E821E32145028280D
:100C000028013614E6321ED20186282828D2D21EA8
:100C100032E6140000000001003200AA017C022626
:100C200000170063B800642BBA0004000000672BB3
:100C3000B8000410B8000CD0B8000010B8000FD0F5
:100C400000B800022FB8000E2FBA0000000E0002FC
:100C5000111239BA0004000E0002111239BA00084C
:100C6000000E0002111239BA000C000E000211121F
:100C700039BA0010000E0002111239BA0014000E29
:100C800000021112393031133537171537170F019C
:100C90001F0107271507273507273F012F0137AF0A
:100CA000282846370F45450F3746282846370F4531
:100CB000450F3701AE50282850280F372828370F06
:100CC0002850282850280F372828370F0000000107
:100CD000003200BE01860212000F003FB800642BF4
:100CE000BA0004000000672BB8000410B80008D058
:100CF000B8000010B8000BD000B8000A2FB80002EE
:100D00002FBA0005000700672BB8000510B80000D7
:100D1000D0B8000710B8000CD03031133537171594
:100D20003317072315072735232737B428285A28D0
:100D3000285A28285A282801905A28285A28285AF8
:100D400028285A28280000010032FF88008200501D
:100D500000040017B800642BBA0000000200672BE3
:100D600000B800012FB800032F30311707273533A3
:100D700082282850502828A000000001003201409D
:100D8000018601900005000FB800642B00BA000036
:100D9000000200672B3031011707212737015E2839
:100DA00028FEFC282801902828282800000000019F
:100DB000003200000082005000030017B800642BCE
:100DC000BA0000000100672B00BA000300000067B2
:100DD0002B30313323353382505050000000000255
:100DE0000032000001D602D00005000B000FB80051
:100DF000642B00B800012FB800072F3031013732C3
:100E00001703230F0122271333010F773C149A2D68
:100E100016773C149A2D01DEF228FECA80F22801D2
:100E2000360000060032000001D602D00006000C99
:100E300000110017001C002300AFB800642BB8009D
:100E4000242FB800052FB80002DCBA000700050007
:100E500002111239B8002410B8000DD0B8000D2FBF
:100E6000B8000BDCB80010D0B8000B10B80013D0DD
:100E7000B800132FB8000D10B80014D0B800142F0C
:100E8000BA001700050002111239B8000B10B800A3
:100E900018D0B8000D10B8001BD0B8000510B8006D
:100EA0001DD0B8000210B80021D0B8000210B80060
:100EB00025DC00BA0005000700672BBA0017001EEA
:100EC00000672BB8000510B8000BD0BA000D000762
:100ED0000005111239B8001E10B80013D0BA001C5A
:100EE000001E00171112393031011711060727357E
:100EF00013212627373305113717151323273637C4
:100F00002105150727110535371617110701C214DA
:100F10000A281E0AFED4280A50F0FEC0143CF0EF46
:100F2000500A28012BFEF23C1401541E280A140119
:100F30005E14FEE8280A50D2FEDE0A281E0A0104CA
:100F4000143CBE021C1E280A64BE3C140104DCD200
:100F5000500A28FEE814000200320000008202D08D
:100F60000006000D002FB8005A2BBA000200050041
:100F70005D2BB8000510B80007D0B8000210B8000B
:100F80000BD0B8000210B8000FDC00B800042FB876
:100F900000092F30311317110607273D02371617A6
:100FA00011076E140A281E1E280A14015E14FEE89A
:100FB000280A50D28CD2500A28FEE81400000005FE
:100FC0000032000001D602D00005000B0010001610
:100FD000001D00A5B800642BB8001E2FB800002F1C
:100FE000B80002D0B8001E10B8000CD0B8000C2F0A
:100FF000B8000ADCB80003D0B8000A10B80005D069
:10100000B8000010B8001CDCBA00060000001C117B
:101010001239B8000A10B8000FD0B8000A10B80092
:1010200012D0B800122FB8000C10B80013D0B800BE
:10103000132FBA00160000001C111239B80000105E
:10104000B80017D0B8001C10B8001FDC00BA000BA5
:10105000000600672BBA0016001800672BBA0000C4
:10106000000200672BBA000C0006000B111239B801
:10107000001810B80012D0303101170721273701AE
:101080002126273721051137171513232736372136
:101090000335371617110701862828FEFC2828017A
:1010A0002CFEB6280A50010EFEA2143CF0EF500AA6
:1010B00028012B0A1E280A14019028282828FE70CF
:1010C0000A281E0A0104143CBE021C1E280AFEDE69
:1010D000D2500A28FEE8140000000005003200008B
:1010E00001D602D00005000C00120018001F006B92
:1010F000B8005A2BBA001E0000005D2BB8001E106D
:10110000B80007D0B8000010B8000BD0BA000D002E
:1011100000001E111239BA00180000001E11123909
:10112000B8000010B80019D0B8001E10B80021DCBB
:1011300000BA000B000D005D2BBA0018001A005D0C
:101140002BBA00000002005D2BB8000B10B8001194
:10115000D0B8001A10B80014D03031011707212779
:101160003705171106072735132126273733112393
:10117000273637210335371617110701862828FE31
:10118000FC28280140140A281E0AFED4280A50F020
:10119000EF500A28012B0A1E280A1401902828283B
:1011A000283214FEE8280A50D2FEDE0A281E023039
:1011B0001E280AFEDED2500A28FEE81400000004B1
:1011C0000032000001D602D00005000C001100180A
:1011D000006DB800642BB800192FB800002FB800BC
:1011E00002D0B8001910B80010D0B800102FB80005
:1011F00005DCB80003D0B8000010B80017DCB80058
:1012000007D0B8000010B8000BD0B8000510B80027
:101210000DD0B8000010B80012D0B8001710B800F8
:101220001ADC00B800142FB8000A2FBA0000000220
:1012300000672BBA0011000A001411123930310175
:101240001707212737051711060727350115072727
:10125000110535371617110701862828FEFC2828A6
:101260000140140A281EFEFC3C1401541E280A14D6
:101270000190282828283214FEE8280A50D2016854
:10128000DC3C140122FAD2500A28FEE814000005C2
:101290000032000001D602D00005000C0012001838
:1012A000001D00ADB800642BB8001E2FB800022F3F
:1012B000B80000D0B8001E10B80010D0B800102F31
:1012C000B80011DCB80003D0B8001110B80005D088
:1012D000B8000210B80007DCB8000210B8000BD04C
:1012E000BA000D00020007111239B8001110B80041
:1012F00014D0B800142FB8001010B80015D0B800E2
:10130000152FBA001800020007111239B800111089
:10131000B80019D0B8001010B8001CD0B8000710E1
:10132000B8001FDC00BA000B000D00672BBA0018D4
:10133000001300672BBA0000000200672BB8000BF7
:1013400010B80011D0BA001D001300181112393066
:1013500031011707212737051711060727351321F4
:101360002627373313212736372105150727110183
:10137000862828FEFC28280140140A281E0AFED4CC
:10138000280A50F01EFEF3500A280149FED43C14EE
:101390000190282828283214FEE8280A50D2FEDEC0
:1013A0000A281E02301E280A64BE3C1401040006EE
:1013B0000032000001D602D00005000C0012001718
:1013C000001D002200BFB800642BB800232FB80016
:1013D000022FB80000D0B8002310B80013D0B80016
:1013E000132FB80011DCB80003D0B8001110B800FA
:1013F00005D0B8000210B80007DCB8000210B80031
:101400000BD0BA000D00020007111239B8001110FC
:10141000B80016D0B8001110B80019D0B800192FB4
:10142000B8001310B8001AD0B8001A2FBA001D0067
:10143000020007111239B8001110B8001ED0B80010
:101440001310B80021D0B8000710B80024DC00BA8F
:10145000000B000D00672BBA001D001800672BBAA7
:101460000000000200672BB8000B10B80011D0BAC2
:101470000013000D000B111239BA00220018001DD4
:1014800011123930310117072127370517110607C7
:101490002735132126273733051137171501212743
:1014A000363721051507271101862828FEFC282834
:1014B0000140140A281E0AFED4280A50F0FEC01467
:1014C0003C010EFEF3500A280149FED43C14019061
:1014D000282828283214FEE8280A50D2FEDE0A28DE
:1014E0001E0A0104143CBE021C1E280A64BE3C14E1
:1014F000010400040032000001D602D00006000CF6
:10150000001100180077B8005A2BB800192FB80046
:10151000052FB80002DCB8001910B80010D0B800D0
:10152000102FB8000EDCB80008D0B800082FB800A3
:101530001010B80009D0B800092FBA000C0005003F
:1015400002111239B8000510B80012D0B80002100C
:10155000B80016D0B8000210B8001ADC00B80004B9
:101560002FBA000C0013005D2BB8001310B8000850
:10157000D0BA00110013000C1112393031011711CB
:1015800006072735032327363721051507271105B9
:1015900035371617110701C2140A281E14EF500A16
:1015A00028012BFEF23C1401541E280A14015E147B
:1015B000FEE8280A50D2015E1E280A64BE3C1401CF
:1015C00004DCD2500A28FEE81400000700320000B4
:1015D00001D602D00005000C00120017001D0022E9
:1015E000002900D3B8005A2BB8002A2FB800002FCA
:1015F000B80002D0B8002A10B80013D0B800132FDA
:10160000B80011DCB80003D0B8001110B80005D044
:10161000B8000010B80028DCB80007D0B8000010EF
:10162000B8000BD0BA000D00000028111239B80024
:101630001110B80016D0B8001110B80019D0B800B9
:10164000192FB8001310B8001AD0B8001A2FBA001A
:101650001D00000028111239B8001110B8001ED06A
:10166000B8001310B80021D0B8000010B80023D083
:10167000B8002810B8002BDC00BA000B000D005D8C
:101680002BBA001D0024005D2BBA00000002005D93
:101690002BB8000B10B80011D0BA0013000D000BCE
:1016A000111239B8002410B80019D0BA0022002451
:1016B000001D111239303101170721273705171185
:1016C000060727351321262737330511371715133A
:1016D000232736372105150727110535371617112A
:1016E0000701862828FEFC28280140140A281E0A23
:1016F000FED4280A50F0FEC0143CF0EF500A280136
:101700002BFEF23C1401541E280A140190282828AC
:10171000283214FEE8280A50D2FEDE0A281E0A01EA
:1017200004143CBE021C1E280A64BE3C140104DCE6
:10173000D2500A28FEE81400000000060032000023
:1017400001D602D00005000C00120018001D002474
:1017500000C1B8005A2BB800252FB800002FB800E0
:1017600002D0B8002510B80010D0B800102FB80073
:1017700011DCB80003D0B8001110B80005D0B800D3
:101780000010B80023DCB80007D0B8000010B80083
:101790000BD0BA000D00000023111239B80011104F
:1017A000B80014D0B800142FB8001010B80015D02D
:1017B000B800152FBA001800000023111239B80024
:1017C0001110B80019D0B8001010B8001CD0B80023
:1017D0000010B8001ED0B8002310B80026DC00BAF4
:1017E000000B000D005D2BBA0018001F005D2BBA26
:1017F00000000002005D2BB8000B10B80011D0B83B
:10180000001F10B80014D0BA001D001F00181112DC
:1018100039303101170721273705171106072735FA
:10182000132126273733112327363721051507279C
:10183000110535371617110701862828FEFC2828C0
:101840000140140A281E0AFED4280A50F0EF500A5C
:1018500028012BFEF23C1401541E280A1401902882
:101860002828283214FEE8280A50D2FEDE0A281E54
:1018700002301E280A64BE3C140104DCD2500A283F
:10188000FEE8140000000002003200A000820230D6
:1018900000030007002FB800822BBA0000000100EF
:1018A000852BB8000010B80004D0B8000110B800B3
:1018B00005D000BA0003000000852BBA0007000421
:1018C00000852B3031372335333523353382505063
:1018D0005050A050F05000020032FF8800820230C9
:1018E00000030008002BB800642BBA0000000100C0
:1018F000672BB8000010B80004D0B8000110B80081
:1019000006D000B800052FBA0003000000672B3096
:10191000311323353311072735338250502828508F
:1019200001E050FD802828A000000002003200964F
:101930000140023A000400090023B800642B00B8FB
:1019400000022FB800062FBA000100060002111293
:1019500039BA00080006000211123930311323375A
:1019600033171107232733A06EC8281E1E28C86E00
:101970000172C827FEAA27C800000002003200EF4B
:10198000018601E00005000B0017B800642B00BAC7
:101990000006000800672BBA0000000200672B3029
:1019A00031011707212737051707212737015E283F
:1019B00028FEFC282801042828FEFC282801E0280D
:1019C000282828A128282828000000020032009694
:1019D0000140023A000400090023B800642B00B85B
:1019E00000012FB800072FBA0003000700011112F1
:1019F00039BA0006000700011112393031133733AC
:101A000017231533072327321E28C86E6EC8281ED9
:101A1000021327C814C82700000000050032000088
:101A200001D602D00005000A00100017001B009923
:101A3000B800642BB8001C2FB800002FB80002D0EB
:101A4000B8001C10B80006D0B800062FB8000ADC99
:101A5000B80003D0B8000A10B80005D0B8000A10CA
:101A6000B8000CD0B8000C2FB8000610B8000DD08C
:101A7000B8000D2FB8000010B80016DCBA00100036
:101A8000000016111239B8000010B80011D0B800CB
:101A90000A10B80018D0B8000610B80019D0B80065
:101AA0001610B8001DDC00BA001B001800672BBA26
:101AB0000010001200672BBA0000000200672BB86C
:101AC000001210B8000CD03031011707212737075A
:101AD00035371715132327363721033537161711D6
:101AE000070123353301862828FEFC282850143CA2
:101AF000F0EF500A28012B0A1E280A14FEC050508D
:101B0000019028282828F0AA143C8201E01E280A07
:101B1000FEDED2500A28FEE814FE8E500000000AB5
:101B20000032000001D602D00006000C00110017A0
:101B3000001C00230029002E0033003900CDB8001E
:101B4000642BBA000B000D00672BBA0029002A0095
:101B5000672BBA0002000500672BBA0007000500DA
:101B600002111239B8000B10B80010D0BA001700DB
:101B7000050002111239B8000B10B80018D0B800D7
:101B80000D10B8001BD0B8000510B8001DD0B8006B
:101B90000210B80021D0B8002A10B80032D0BA0024
:101BA00033000D0002111239B8002910B80034D0EA
:101BB000B8000210B8003BDC00BA000C0007006758
:101BC0002BBA0017001E00672BBA002800250067FB
:101BD0002BBA0039003400672BBA000D0007000C47
:101BE000111239B8001E10B80013D0BA001C001E24
:101BF0000017111239BA002A00250028111239BA2B
:101C0000003300340039111239303101171506073D
:101C100027351321262737330511371715132327A7
:101C200036372105150727110535371617110F020D
:101C30002627373307353717153515072735172367
:101C40002736371701C2140A281E0AFED4280A5064
:101C5000F0FEC0143CF0EF500A28012BFEF23C14B9
:101C600001541E280A14328C280A5050A0143C3CFF
:101C700014A050500A286E015E1478280A5032FED3
:101C8000DE0A281E0A0104143CBE021C1E280A6437
:101C9000BE3C140104DCD2500A28FEE814D2010A2A
:101CA000281F0A64143C1EC81E3C14640A1F280A1C
:101CB000010000060032000001D602D00005000C31
:101CC00000120017001E002500AFB800642BB800FA
:101CD000262FB800002FB80002D0B8002610B80098
:101CE00016D0B800162FB80005DCB80003D0B80035
:101CF0000010B8001DDCB80007D0B8000010B80014
:101D00000BD0B8000510B8000ED0B8000E2FB800E8
:101D10001610B8000FD0B8000F2FBA001200000044
:101D20001D111239B8000510B80013D0B80000100A
:101D3000B80018D0B8000510B8001FD0B8001610B1
:101D4000B80023D0B8001D10B80027DC00B8000A86
:101D50002FB800212FBA0012001900672BBA00001B
:101D6000000200672BB8001910B8000ED0BA001797
:101D700000190012111239303101170721273705D8
:101D8000171106072735032327363721051507279F
:101D900011053537161711070515072627113701C5
:101DA000862828FEFC28280140140A281E14EF501B
:101DB0000A28012BFEF23C1401541E280A14FEC00E
:101DC0001E280A140190282828283214FEE8280A20
:101DD00050D2015E1E280A64BE3C140104DCD250BD
:101DE0000A28FEE81450D2500A28011814000007EF
:101DF0000032000001D602D00005000A00100015D4
:101E0000001B0021002700AFB800642BB800282F6A
:101E1000B800002FB80002D0B8002810B80006D0D3
:101E2000B800062FB80026DCB80003D0B800261092
:101E3000B80005D0B8002610B80009D0B8002610A8
:101E4000B8000CD0B8000610B8000DD0B8002610AD
:101E5000B80011D0B8000610B80014D0B8000010B7
:101E6000B80016D0B8000010B8001ADCB8001DD0B9
:101E7000B8000010B80020D0B8000610B80024D078
:101E8000B8001A10B80029DC00BA00270023006748
:101E90002BBA000F000B00672BBA0000000200678E
:101EA0002BBA000600230027111239BA0015000BC7
:101EB000000F11123930310117072127370311376D
:101EC0001715132327352117051507271105353752
:101ED000171507151715072735170721353733014C
:101EE000862828FEFC282850143CF0F05001402899
:101EF000FEE83C1401541E321414321E1328FEC195
:101F000050EF019028282828FEB60104143CBE0298
:101F10001C1E32283CBE3C140104DCD21E32E614E6
:101F20001414E6321ED2FA28321E000400320000D9
:101F300001AE02D00005000A00100015004BB800E9
:101F4000642BBA0004000600672BB8000410B80028
:101F500009D0B8000410B80011D0B8000610B800BD
:101F600014D000BA0005000000672BBA0010000B67
:101F700000672BBA000600000005111239BA0015DF
:101F8000000B0010111239303129012627372105A5
:101F9000113717150121273637210515072711019C
:101FA000AEFEB6280A50010EFEA2143C010EFEF34E
:101FB000500A280149FED43C140A281E0A010414C0
:101FC0003CBE021C1E280A64BE3C1401040000062C
:101FD0000032000001D602D00004000A000F0015F4
:101FE000001B0021008BB800642BB800222FB80022
:101FF000102FB8002210B80000D0B800002FB80091
:1020000020DCB80003D0B8002010B80006D0B8001B
:102010000010B80007D0B8002010B8000BD0B800EE
:102020000010B8000ED0B8001010B80014DCB800D2
:1020300017D0B8001010B8001AD0B8000010B800BF
:102040001ED0B8001410B80023DC00BA0021001D17
:1020500000672BBA0009000500672BBA0000001DBD
:102060000021111239BA000F000500091112393090
:102070003137113717151323273521170515072772
:1020800011053537171507151715072735170721B8
:1020900035373332143CF0F050014028FEE83C1450
:1020A00001541E321414321E1328FEC150EF460193
:1020B00004143CBE021C1E32283CBE3C140104DC4D
:1020C000D21E32E6141414E6321ED2FA28321E0052
:1020D000000000050032000001AE02D00005000B38
:1020E00000100016001B0053B800642BBA000A0051
:1020F0000C00672BB8000A10B8000FD0B8000A1007
:10210000B80017D0B8000C10B8001AD000BA000BF5
:10211000000600672BBA0016001100672BBA0000FA
:10212000000200672BBA000C0006000B111239BA2E
:10213000001B001100161112393031011707212739
:102140003701212627372105113717150121273699
:102150003721051507271101862828FEFC282801AC
:102160002CFEB6280A50010EFEA2143C010EFEF30E
:10217000500A280149FED43C14019028282828FE42
:10218000700A281E0A0104143CBE021C1E280A64A0
:10219000BE3C1401040000040032000001AE02D075
:1021A0000005000B001000170045B800642BBA00B2
:1021B00005000F00672BB8000510B8000CD0B80060
:1021C0000510B80011D0B8000F10B80015D000B835
:1021D00000132FBA000B000600672BBA00000002A4
:1021E00000672BBA00100006000B111239303101C4
:1021F00017072127372521273637210515072711EE
:102200001315072627113701862828FEFC282801E8
:102210000EFEF3500A280149FED43C14501E280A31
:1022200014019028282828F01E280A64BE3C1401B6
:1022300004FE98D2500A280118140006003200004B
:1022400001D602D00005000C00120017001D00226C
:1022500000AFB800642BB800232FB800022FB800DD
:1022600000D0B8000210B80007DCB8000210B800B7
:102270000BD0BA000D00020007111239B80023106C
:10228000B80013D0B800132FB80011DCB80016D076
:10229000B8001110B80019D0B800192FB8001310E9
:1022A000B8001AD0B8001A2FBA001D00020007119A
:1022B0001239B8001110B8001ED0B8001310B800C1
:1022C00021D0B8000710B80024DC00BA000B000DC4
:1022D00000672BBA001D001800672BBA000000022F
:1022E00000672BB8000B10B80011D0BA0013000D16
:1022F000000B111239BA00220018001D11123930DA
:10230000310117072327371F01110607273513212E
:1023100026273733051137171501212736372105B1
:1023200015072711018628285A282896140A281EDE
:102330000AFED4280A50F0FEC0143C010EFEF350F1
:102340000A280149FED43C14019028282828321478
:10235000FEE8280A50D2FEDE0A281E0A0104143CB8
:10236000BE021C1E280A64BE3C14010400000005C5
:102370000032000001D602D00005000C0013001A44
:1023800000210077B800642BB800222FB800002F7E
:10239000B80002D0B8002210B80018D0B800182F2A
:1023A000B80015DCB80003D0B8001510B80005D08F
:1023B000B8000010B80012DCB80007D0B800001058
:1023C000B8000BD0B8000010B8000DD0B80018103D
:1023D000B8001CD0B8001510B80020D0B8001210FA
:1023E000B80023DC00B8000A2FB800162FB8000F81
:1023F0002FBA0000000200672B3031011707212798
:10240000370517110607273D02371617110705155F
:102410000726271137352711363717150186282843
:10242000FEFC28280140140A281E1E280A14FEC09B
:102430001E280A14140A281E01902828282832145D
:10244000FEE8280A50D28CD2500A28FEE81450D256
:10245000500A280118140A140118280A50D2000240
:102460000032000A008202D00006000D0027B800EA
:10247000782BBA00050000007B2BB8000510B800CF
:1024800008D0B8000010B8000CD000B800022FB877
:10249000000B2F303113353716171107151711069A
:1024A000072735321E280A14140A281E01AED250FE
:1024B0000A28FEE8140A14FEE8280A50D200000494
:1024C0000032000001D602D00006000C00110018F6
:1024D0000067B800642BB800192FB800052FB800AA
:1024E00002DCBA000700050002111239B800191009
:1024F000B8000DD0B8000D2FB8000BDCB80010D01C
:10250000B8000510B80012D0B8000210B80016D0FC
:10251000B8000210B8001ADC00B800142FBA000589
:10252000000700672BB8000510B8000BD0BA000DEB
:102530000007000511123930310117110607273540
:10254000132126273733051137171501353716178D
:10255000110701C2140A281E0AFED4280A50F0FEF0
:10256000C0143C01041E280A14015E14FEE8280A67
:1025700050D2FEDE0A281E0A0104143CBE014AD2D3
:10258000500A28FEE81400050032000001D602D0EF
:102590000005000C001200190020007FB800642B19
:1025A000B800212FB800022FB80000D0B8002110C9
:1025B000B80017D0B800172FB80014DCB80003D04B
:1025C000B8001410B80005D0B8000210B80007DC3D
:1025D000B8000210B8000BD0B8000210B8000ED03E
:1025E000B8000710B80010D0B8001710B8001BD002
:1025F000B8001410B8001FD0B8000710B80022DCD3
:1026000000B8000E2FB8001E2FB8000A2FB8001512
:102610002FBA0000000200672B3031011707212775
:1026200037051711060727352737321701230715F6
:102630000726271137352711363717150186282821
:10264000FEFC28280140140A281EF0F03C14FEFC71
:102650003C141E280A14140A281E01902828282831
:102660003214FEE8280A50D2BEF028FEFC82D25076
:102670000A2801181414140118280A50D200000363
:102680000032000001D602D00006000C0013003D0D
:10269000B800642BBA0001000400672BBA000C00DC
:1026A000040001111239B8000410B8000ED0B800AF
:1026B0000110B80012D000B800112FBA0001000CB0
:1026C00000672BB8000110B80008D030311315078F
:1026D000262711371333170607210327113637171B
:1026E00015821E280A1450F0500A28FED432140A0B
:1026F000281E0122D2500A28011814FEF21E280AB0
:102700000172140118280A50D2000006003200009D
:1027100001D602D00004000B00110016001D002499
:1027200000BBB800642BB800252FB80015D0B80046
:10273000152FB80002DC41030060000200015D417A
:102740000300C0000200015DB80000DCB800021008
:10275000B8000ADC410300C0000A00015D4103002B
:1027600060000A00015DB80007DCB8001510B80071
:1027700013DCB8000DD0B8000D2FB8001510B8004C
:102780000ED0B8000E2FBA0011000A00071112393E
:10279000B8000A10B80017D0B8000710B8001BD056
:1027A000B8001310B8001ED0B8001510B80022D021
:1027B000B8000710B80026DC00B800092FB80020C8
:1027C0002FBA0011001800672BB8001810B8000DC0
:1027D000D0BA001600180011111239303101072744
:1027E00035331317110607273503232736372105FD
:1027F0001507271105353716171107051507262761
:102800001137012C28285096140A281E14EF500A5C
:1028100028012BFEF23C1401541E280A14FEC01E8F
:10282000280A1401862828E6FEF214FEE8280A5039
:10283000D2015E1E280A64BE3C140104DCD2500A98
:1028400028FEE81450D2500A280118140000000590
:102850000032000001D602C60006000C0013001A68
:102860000021005FB800642BB800222FB800122F9F
:10287000B8002210B80004D0B800042FB80001DC62
:10288000B8001210B8000FDCB8001210B80014D055
:10289000B8000F10B80018D0B8000410B8001CD051
:1028A000B8000110B80020D0B8000F10B80023DC29
:1028B00000B800022FB800112FB800162FB8001F63
:1028C0002F30311315072627113725232735331FBE
:1028D00002110607273D0237161711072127113667
:1028E000371715821E280A14012C46963CA0501456
:1028F0000A281E1E280A14FE84140A281E0122D249
:10290000500A2801181446963CA07814FEE8280ABC
:1029100050D282D2500A28FEE814140118280A5016
:10292000D20000060032000001D602D00005000BE4
:1029300000110017001D00230053B800642BB800DD
:10294000242FB800062FB8000ADCB8000DD0B8005C
:102950000610B80010D0B8002410B80013D0B8008A
:10296000132FB80017DCB8001ED0B8001310B80041
:1029700021D0B8000A10B80025DC00BA001D0019EB
:1029800000672BBA0004000000672B3031012327B9
:102990003733170735371715071517150727352547
:1029A000273537171501072327373327150727350D
:1029B000370172DC2828DC28141E321414321EFE63
:1029C000C014321E011828DC2828DCF01E32140244
:1029D00080282828FAD21E32E6141414E6321ED2B9
:1029E0005014E6321ED2FE7A282828D2D21E32E6B1
:1029F000140000050032000001D602D00005000BD3
:102A000000100016001D0085B800642BB8001E2FB2
:102A1000B800002FB80002D0B8001E10B80010D0C7
:102A2000B800102FB80007DCB80003D0B8000710BA
:102A3000B80005D0B8001010B80009D0B8000710D1
:102A4000B8000DD0B8000010B80011D0B8000010C8
:102A5000B80015DCB8000710B80017D0B800101087
:102A6000B8001BD0B8001510B8001FDC00B8001962
:102A70002FBA000A000600672BBA000000020067A8
:102A80002BBA00100006000A111239303101170765
:102A900021273F0123273521170515072711053564
:102AA000371715070515072627113701862828FE31
:102AB000FC2828F0F050014028FEE83C1401541E88
:102AC0003214FEC01E280A14019028282828F01E5F
:102AD00032283CBE3C140104DCD21E32E61450D233
:102AE000500A2801181400070032FFF601E002D056
:102AF0000004000A000F0015001A0021002700AB97
:102B0000B800642BB800282FB800032FB80002DCEF
:102B1000B8002810B8000BD0B8000B2FBA00050081
:102B20000B0002111239B80009DCB8000ED0B80051
:102B30000910B80011D0B800112FB8000B10B80060
:102B400012D0B800122FBA0015000300021112397A
:102B5000B8000910B80016D0B8000B10B80019D092
:102B6000B8000310B8001BD0B8000210B8001FD086
:102B7000B8000210B80029DC00B800252FBA000AFE
:102B8000000500672BBA0015001C00672BBA000B6C
:102B90000005000A111239B8001C10B80011D0BA93
:102BA000001A001C00151112393031011715273594
:102BB00003212627373307113717151323273637F5
:102BC0002105150727110535371617110F01331782
:102BD00015232701C214500AFEE8280A50AAFA1445
:102BE0003CF0EF500A28012BFEF23C1401541E2841
:102BF0000A14A03C823C82015E14F05078FEDE0A8A
:102C0000281E0A0104143CBE021C1E280A64BE3C95
:102C1000140104DCD2500A28FEE814BE823C820073
:102C2000000000060032000001D602D00005000BB3
:102C300000120018001F002400AFB800642BB80079
:102C4000252FB800002FB80002D0B8002510B8001A
:102C500010D0B800102FB8000DDCB80003D0B800B9
:102C60000D10B80005D0B8000010B8001EDCB80088
:102C700008D0B8000010B8000AD0B8000D10B80095
:102C800014D0B800142FB8001010B80015D0B80038
:102C9000152FBA00180000001E111239B8000010DC
:102CA000B80019D0B8000D10B80020D0B80010102E
:102CB000B80023D0B8001E10B80026DC00B8000A07
:102CC0002FB8000E2FBA0018001A00672BBA0000A8
:102CD000000200672BB8001A10B80014D0BA002404
:102CE000001A001811123930310117072127371740
:102CF000330106232F011507262711370123273615
:102D000037210335371617110725150727110186B7
:102D10002828FEFC2828143C0104143CF0141E282A
:102D20000A14012CEF500A28012B0A1E280A14FE4F
:102D3000C03C1401902828282864FEFC28F032D2D8
:102D4000500A2801181401221E280AFEDED2500A59
:102D500028FEE814FABE3C1401040005003200000D
:102D600001D602D00005000C00120017001F00B3AE
:102D7000B800642BB800202FB800022FB80000D094
:102D8000B8002010B80010D0B800102FB80011DC27
:102D9000B80003D0B8001110B80005D0B800021078
:102DA000B80007DCB8000210B8000BD0BA000D0064
:102DB000020007111239B8001110B80013D0B80082
:102DC0001010B80016D0B8001110B80018D0B80014
:102DD000182FB8001010B80019D0B800192FB8007B
:102DE0000710B8001ED0B8000210B8001FD0B800FD
:102DF0000710B80021DC00BA000B000D00672BBAE9
:102E0000001B001800672BBA0000000200672BB8F7
:102E1000000B10B80011D0BA00170018001B1112D7
:102E200039303101170721273705171106072735D4
:102E30001321262737330315072711172736372184
:102E400016170701862828FEFC28280140140A28A6
:102E50001E0AFED4280A50F0F03C1451500A2801F2
:102E60003F280A500190282828283214FEE8280A12
:102E700050D2FEDE0A281E021CBE3C1401040A1EAB
:102E8000280A0A281E0000030032000001D502D0E3
:102E90000006000B0013002BB800642BBA000200E0
:102EA0000500672BB8000510B80007D0B800021065
:102EB000B80009D000B800042FBA000F000C00675A
:102EC0002B30310117110607273D02331507032761
:102ED0003637211617070103280A281E502881506B
:102EE0000A28013F280A50015E28FEFC280A50E605
:102EF00064D2D228010E1E280A0A281E00000005EE
:102F00000032000001D602D00006000C00110018AB
:102F1000001F0077B800642BB800202FB800052FE1
:102F2000B80002DCBA000700050002111239B8002F
:102F30002010B8000DD0B8000D2FB8000BDCB80081
:102F400010D0B8000510B80012D0B8000210B800B8
:102F500016D0B8000D10B8001AD0B8000B10B80089
:102F60001ED0B8000210B80021DC00B800142FBA3F
:102F70000005000700672BB8000510B8000BD0BA99
:102F8000000D000700051112393031011711060735
:102F90002735132126273733051137171501353704
:102FA000161711070527113637171501C2140A28FD
:102FB0001E0AFED4280A50F0FEC0143C01041E284C
:102FC0000A14FE84140A281E015E14FEE8280A5022
:102FD000D2FEDE0A281E0A0104143CBE014AD25069
:102FE0000A28FEE8140A140118280A50D200000426
:102FF0000032000001D602C60006000D00130019C1
:103000000073B800642BB8001A2FB800072FB8005F
:103010001A10B80001D0B800012FB80006DCB800C3
:103020000710B8000CDCBA000F0001000C111239B7
:10303000B8000110B80010D0B8000610B80013D0C6
:10304000B8000710B80014D0B8000C10B80016D0A3
:10305000BA00180001000C111239B8000C10B800A9
:103060001BDC00B800042FB800092FB8000F2FB8E0
:1030700000182F3031132711363717152135371621
:1030800017110F011503353717213717150335466B
:10309000140A281E01041E280A14C8C8143C01047E
:1030A0003C14C80168140118280A50D2D2500A28CA
:1030B000FEE814F07801043C143C3C143CFEFC781F
:1030C000000000060032000001D602D00004000B10
:1030D00000110016001D002400BBB800642BB800CE
:1030E000252FB80012D0B800122FB80001DC410320
:1030F0000060000100015D410300C0000100015DAE
:10310000B80000DCB8000110B80005DC410300C0C5
:10311000000500015D41030060000500015DB8008D
:103120000ADCBA000C0005000A111239B8001210AE
:10313000B8000FD0B8000F2FB8001210B80016DC7E
:10314000B80010D0B800102FB8000A10B80018D07E
:10315000B8000510B8001CD0B8001210B8001FD07D
:10316000B8001610B80023D0B8000A10B80026DC4A
:1031700000B800072FB800222FBA001C000C00670F
:103180002BB8001C10B80010D0BA0012000C001CA4
:1031900011123930312523353717373537161711C6
:1031A0000703212627373305113717152517110671
:1031B00007273525271136371715012C5028285A8F
:1031C0001E280A1432FED5280A50EFFEC0143C0116
:1031D00040140A281EFEC0140A281E64E62828642B
:1031E000D2500A28FEE814FE8E0A281E0A01041492
:1031F0003CBEFA14FEE8280A50D250140118280ADE
:1032000050D200040032000001D602D00005000BAD
:10321000001100170037B800642BBA000B00110032
:10322000672BB8000B10B80000D0B800002FB80012
:103230001110B80012D0B800122F00B800042FB837
:10324000000D2FB800072FB800162F3031013313AF
:103250000623273F01321703230F01222713333799
:103260002303363317010E2D9A143C7701773C1453
:103270009A2D16773C149A2D012D9A143C77015EF5
:10328000FECA28F2ECF228FECA80F22801361401A8
:103290003628F300000000050032000001D602D0FD
:1032A0000005000C00120017001E0089B800642BF6
:1032B000B8001F2FB800002FB80002D0B8001F10B0
:1032C000B80010D0B800102FB80011DCB80003D03F
:1032D000B8001110B80005D0B8000010B8001DDC0F
:1032E000B80007D0B8000010B8000BD0BA000D002D
:1032F00000001D111239B8001110B80013D0B80029
:103300001010B80016D0B8000010B80018D0B800DF
:103310001D10B80020DC00B8001A2FBA000B000DF9
:1033200000672BBA0000000200672BB8000B10B832
:103330000011D03031011707212737051711060773
:10334000273513212627373303150727110535376E
:103350001617110701862828FEFC28280140140AA8
:10336000281E0AFED4280A50F0F03C1401541E28EE
:103370000A140190282828283214FEE8280A50D27E
:10338000FEDE0A281E023ADC3C140122FAD2500A60
:1033900028FEE814000000040032000001D602D02C
:1033A00000030009000F00150027B800642B00BAC5
:1033B0000003000000672BBA0009000400672BB867
:1033C000000910B8000BD0B8000010B80011D030C0
:1033D00031290137330323273637210313321703EB
:1033E0002317032227133301AEFEE828D246C75025
:1033F0000A28010D6E823C14963C0A8C3C14A03CB9
:103400005002301E280AFEDE012228FECA50FEDECF
:10341000280136000000000400320000010402D040
:103420000004000B001000170043B800642BBA0022
:1034300004000000672BB8000410B8000CD0B800DE
:103440000010B8000FD000BA0017001200672BBAA6
:10345000000A000500672BBA0000001200171112C5
:1034600039BA00100005000A11123930313711370E
:103470001715132327363733170715072711130797
:10348000232627373332143C4645500A288B1482B2
:103490003C14D2148B280A5045460104143CBE0249
:1034A0001C1E280A1450BE3C140104FD8A140A286C
:1034B0001E0000020032000001D402D00005000B03
:1034C000000FB800642B00B800042FB8000A2F309A
:1034D0003101331306232F012303363317010D2D3A
:1034E0009A143C77142D9A143C77015EFECA28F298
:1034F00080013628F300000400320000010402D0ED
:103500000006000B00120017004BB800642BBA0035
:1035100002000500672BBA000B00050002111239EA
:10352000B8000510B8000CD0B8000210B80010D0D8
:10353000BA001300050002111239B8000210B800D9
:1035400019DC00B8000A2FB8000E2FB800042FB8FD
:1035500000132F30311317110607273503232737A0
:1035600033033537161711070323273733F0140AAF
:10357000281E14323C14780A1E280A143278143C8F
:1035800032015E14FEE8280A50D2015E3C14FEDED1
:10359000D2500A28FEE814FE8E143C0000000002FF
:1035A000003201C201D502D0000400090017B800A2
:1035B000642B00B800042FB800052FB800012FB805
:1035C00000082F303101351715072127353707013E
:1035D0000DC827FEAB27C80102626EC8281E1E2830
:1035E000C86E00010032000001D500500007000F36
:1035F000B800642B00BA0000000300672B303125AF
:10360000170607212627370185500A28FEC1280AF8
:1036100050501E280A0A281E000000010032023005
:1036200000E602E40005000FB800642B00B80002B9
:103630002FB800042F3031131507273733E6288CB5
:103640000A280262280A8C280000000600320000C6
:1036500001D602D00005000C00120017001E002544
:1036600000AFB800642BB800262FB800002FB800B8
:1036700002D0B8002610B80016D0B800162FB80037
:1036800005DCB80003D0B8000010B8001DDCB8009D
:1036900007D0B8000010B8000BD0B8000510B80073
:1036A0000ED0B8000E2FB8001610B8000FD0B8001A
:1036B0000F2FBA00120000001D111239B8000510BA
:1036C000B80013D0B8000010B80018D0B80005102A
:1036D000B8001FD0B8001610B80023D0B8001D10D5
:1036E000B80027DC00B8000A2FB800212FBA00125A
:1036F000001900672BBA0000000200672BB8001900
:1037000010B8000ED0BA001700190012111239308B
:10371000310117072127370517110607273503231E
:1037200027363721051507271105353716171107D5
:103730000515072627113701862828FEFC282801B1
:1037400040140A281E14EF500A28012BFEF23C14E4
:1037500001541E280A14FEC01E280A1401902828AD
:1037600028283214FEE8280A50D2015E1E280A6476
:10377000BE3C140104DCD2500A28FEE81450D2509A
:103780000A280118140000070032000001D602D0F8
:103790000005000A00100015001B0021002700AFE3
:1037A000B800642BB800282FB800002FB80002D052
:1037B000B8002810B80006D0B800062FB80026DCE4
:1037C000B80003D0B8002610B80005D0B800261005
:1037D000B80009D0B8002610B8000CD0B800061008
:1037E000B8000DD0B8002610B80011D0B8000610EF
:1037F000B80014D0B8000010B80016D0B8000010FF
:10380000B8001ADCB8001DD0B8000010B80020D0F5
:10381000B8000610B80024D0B8001A10B80029DC8F
:1038200000BA0027002300672BBA000F000B0067C7
:103830002BBA0000000200672BBA00060023002705
:10384000111239BA0015000B000F11123930310175
:10385000170721273703113717151323273521178A
:1038600005150727110535371715071517150727EC
:103870003517072135373301862828FEFC282850C4
:10388000143CF0F050014028FEE83C1401541E3274
:103890001414321E1328FEC150EF01902828282846
:1038A000FEB60104143CBE021C1E32283CBE3C1471
:1038B0000104DCD21E32E6141414E6321ED2FA28B9
:1038C000321E00040032000001AE02D00005000AE2
:1038D00000100015004BB800642BBA00040006006D
:1038E000672BB8000410B80009D0B8000410B80065
:1038F00011D0B8000610B80014D000BA00050000BE
:1039000000672BBA0010000B00672BBA00060000FE
:103910000005111239BA0015000B001011123930D0
:10392000312901262737210511371715012127369F
:103930003721051507271101AEFEB6280A50010EE2
:10394000FEA2143C010EFEF3500A280149FED43CAD
:10395000140A281E0A0104143CBE021C1E280A6414
:10396000BE3C1401040000060032000001D602D063
:103970000004000A000F0015001B0021008BB80096
:10398000642BB800222FB800102FB8002210B80006
:1039900000D0B800002FB80020DCB80003D0B80079
:1039A0002010B80006D0B8000010B80007D0B8004A
:1039B0002010B8000BD0B8000010B8000ED0B8002E
:1039C0001010B80014DCB80017D0B8001010B80000
:1039D0001AD0B8000010B8001ED0B8001410B800FB
:1039E00023DC00BA0021001D00672BBA0009000586
:1039F00000672BBA0000001D0021111239BA000F18
:103A0000000500091112393031371137171513230A
:103A10002735211705150727110535371715071500
:103A2000171507273517072135373332143CF0F0C7
:103A300050014028FEE83C1401541E321414321E7A
:103A40001328FEC150EF460104143CBE021C1E3276
:103A5000283CBE3C140104DCD21E32E6141414E6E9
:103A6000321ED2FA28321E0000000005003200008B
:103A700001AE02D00005000B00100016001B005321
:103A8000B800642BBA000A000C00672BB8000A10BB
:103A9000B8000FD0B8000A10B80017D0B8000C104A
:103AA000B8001AD000BA000B000600672BBA001647
:103AB000001100672BBA0000000200672BBA000C4F
:103AC0000006000B111239BA001B0011001611126A
:103AD00039303101170721273701212627372105E2
:103AE0001137171501212736372105150727110131
:103AF000862828FEFC2828012CFEB6280A50010E34
:103B0000FEA2143C010EFEF3500A280149FED43CEB
:103B100014019028282828FE700A281E0A0104147F
:103B20003CBE021C1E280A64BE3C140104000004B2
:103B30000032000001AE02D00005000B001000179B
:103B40000045B800642BBA0005000F00672BB800D1
:103B50000510B8000CD0B8000510B80011D0B8009E
:103B60000F10B80015D000B800132FBA000B0006D4
:103B700000672BBA0000000200672BBA0010000695
:103B8000000B111239303101170721273725212762
:103B90003637210515072711131507262711370179
:103BA000862828FEFC2828010EFEF3500A28014929
:103BB000FED43C14501E280A14019028282828F00E
:103BC0001E280A64BE3C140104FE98D2500A280143
:103BD000181400060032000001D602D00005000CC7
:103BE00000120017001D002200AFB800642BB800BF
:103BF000232FB800022FB80000D0B8000210B80080
:103C000007DCB8000210B8000BD0BA000D000200AB
:103C100007111239B8002310B80013D0B800132FC1
:103C2000B80011DCB80016D0B8001110B80019D0D7
:103C3000B800192FB8001310B8001AD0B8001A2F06
:103C4000BA001D00020007111239B8001110B800A7
:103C50001ED0B8001310B80021D0B8000710B8006B
:103C600024DC00BA000B000D00672BBA001D001801
:103C700000672BBA0000000200672BB8000B10B8D9
:103C80000011D0BA0013000D000B111239BA002236
:103C90000018001D11123930310117072327371F73
:103CA000011106072735132126273733051137174A
:103CB00015012127363721051507271101862828E8
:103CC0005A282896140A281E0AFED4280A50F0FE04
:103CD000C0143C010EFEF3500A280149FED43C14E6
:103CE0000190282828283214FEE8280A50D2FEDE47
:103CF0000A281E0A0104143CBE021C1E280A64BEC7
:103D00003C140104000000050032000001D602D07E
:103D10000005000C0013001A00210077B800642B86
:103D2000B800222FB800002FB80002D0B80022102F
:103D3000B80018D0B800182FB80015DCB80003D0B0
:103D4000B8001510B80005D0B8000010B80012DC9B
:103D5000B80007D0B8000010B8000BD0B8000010B1
:103D6000B8000DD0B8001810B8001CD0B80015105D
:103D7000B80020D0B8001210B80023DC00B8000A48
:103D80002FB800162FB8000F2FBA000000020067EE
:103D90002B30310117072127370517110607273D5B
:103DA0000237161711070515072627113735271172
:103DB0003637171501862828FEFC28280140140AEA
:103DC000281E1E280A14FEC01E280A14140A281EC3
:103DD0000190282828283214FEE8280A50D28CD2D4
:103DE000500A28FEE81450D2500A280118140A1468
:103DF0000118280A50D200020032000A008202D0C4
:103E00000006000D0027B800782BBA00050000005E
:103E10007B2BB8000510B80008D0B8000010B8001F
:103E20000CD000B800022FB8000B2F3031133537FB
:103E30001617110715171106072735321E280A1401
:103E4000140A281E01AED2500A28FEE8140A14FEF5
:103E5000E8280A50D20000040032000001D602D047
:103E60000006000C001100180067B800642BB800B1
:103E7000192FB800052FB80002DCBA0007000500B2
:103E800002111239B8001910B8000DD0B8000D2F6A
:103E9000B8000BDCB80010D0B8000510B80012D084
:103EA000B8000210B80016D0B8000210B8001ADC32
:103EB00000B800142FBA0005000700672BB80005F2
:103EC00010B8000BD0BA000D0007000511123930F0
:103ED000310117110607273513212627373305111E
:103EE0003717150135371617110701C2140A281E96
:103EF0000AFED4280A50F0FEC0143C01041E280A11
:103F000014015E14FEE8280A50D2FEDE0A281E0ABA
:103F10000104143CBE014AD2500A28FEE8140005F0
:103F20000032000001D602D00005000C001200197A
:103F30000020007FB800642BB800212FB800022FAA
:103F4000B80000D0B8002110B80017D0B800172F63
:103F5000B80014DCB80003D0B8001410B80005D0C5
:103F6000B8000210B80007DCB8000210B8000BD08F
:103F7000B8000210B8000ED0B8000710B80010D07A
:103F8000B8001710B8001BD0B8001410B8001FD02C
:103F9000B8000710B80022DC00B8000E2FB8001ED1
:103FA0002FB8000A2FB800152FBA000000020067D2
:103FB0002B30310117072127370517110607273541
:103FC0002737321701230715072627113735271101
:103FD0003637171501862828FEFC28280140140AC8
:103FE000281EF0F03C14FEFC3C141E280A14140A8F
:103FF000281E0190282828283214FEE8280A50D2CA
:10400000BEF028FEFC82D2500A28011814141401B4
:1040100018280A50D20000030032000001D602D056
:104020000006000C0013003DB800642BBA0001002C
:104030000400672BBA000C00040001111239B8000B
:104040000410B8000ED0B8000110B80012D000B8AB
:1040500000112FBA0001000C00672BB8000110B846
:104060000008D030311315072627113713331706F0
:10407000072103271136371715821E280A1450F01E
:10408000500A28FED432140A281E0122D2500A28CF
:10409000011814FEF21E280A0172140118280A5091
:1040A000D20000060032000001D602D00004000B4E
:1040B00000110016001D002400BBB800642BB800DE
:1040C000252FB80015D0B800152FB80002DC410329
:1040D0000060000200015D410300C0000200015DBC
:1040E000B80000DCB8000210B8000ADC410300C0D0
:1040F000000A00015D41030060000A00015DB80094
:1041000007DCB8001510B80013DCB8000DD0B800FB
:104110000D2FB8001510B8000ED0B8000E2FBA0041
:1041200011000A0007111239B8000A10B80017D0A0
:10413000B8000710B8001BD0B8001310B8001ED08C
:10414000B8001510B80022D0B8000710B80026DC5F
:1041500000B800092FB800202FBA0011001800671E
:104160002BB8001810B8000DD0BA001600180011B6
:10417000111239303101072735331317110607277C
:10418000350323273637210515072711053537163F
:1041900017110705150726271137012C28285096D7
:1041A000140A281E14EF500A28012BFEF23C1401B9
:1041B000541E280A14FEC01E280A1401862828E668
:1041C000FEF214FEE8280A50D2015E1E280A64BEE0
:1041D0003C140104DCD2500A28FEE81450D2500AE4
:1041E00028011814000000050032000001D602C6A4
:1041F0000006000C0013001A0021005FB800642BB9
:10420000B800222FB800122FB8002210B80004D036
:10421000B800042FB80001DCB8001210B8000FDCA1
:10422000B8001210B80014D0B8000F10B80018D0A1
:10423000B8000410B8001CD0B8000110B80020D09D
:10424000B8000F10B80023DC00B800022FB800112E
:104250002FB800162FB8001F2F303113150726274F
:10426000113725232735331F02110607273D023753
:104270001617110721271136371715821E280A1421
:10428000012C46963CA050140A281E1E280A14FE33
:1042900084140A281E0122D2500A280118144696B6
:1042A0003CA07814FEE8280A50D282D2500A28FE98
:1042B000E814140118280A50D20000060032000049
:1042C00001D602D00005000B00110017001D0023CD
:1042D0000053B800642BB800242FB800062FB80094
:1042E0000ADCB8000DD0B8000610B80010D0B80035
:1042F0002410B80013D0B800132FB80017DCB80092
:104300001ED0B8001310B80021D0B8000A10B800B1
:1043100025DC00BA001D001900672BBA000400005C
:1043200000672B303101232737331707353717152F
:1043300007151715072735252735371715010723C3
:104340002737332715072735370172DC2828DC2863
:10435000141E321414321EFEC014321E011828DC42
:104360002828DCF01E32140280282828FAD21E32B7
:10437000E6141414E6321ED25014E6321ED2FE7A2F
:10438000282828D2D21E32E6140000050032000090
:1043900001D602D00005000B00100016001D00859C
:1043A000B800642BB8001E2FB800002FB80002D050
:1043B000B8001E10B80010D0B800102FB80007DCED
:1043C000B80003D0B8000710B80005D0B80010102E
:1043D000B80009D0B8000710B8000DD0B800001020
:1043E000B80011D0B8000010B80015DCB8000710F4
:1043F000B80017D0B8001010B8001BD0B8001510C6
:10440000B8001FDC00B800192FBA000A00060067C8
:104410002BBA0000000200672BBA00100006000A49
:10442000111239303101170721273F012327352188
:104430001705150727110535371715070515072621
:1044400027113701862828FEFC2828F0F05001406B
:1044500028FEE83C1401541E3214FEC01E280A1423
:10446000019028282828F01E32283CBE3C14010464
:10447000DCD21E32E61450D2500A2801181400076C
:104480000032FFF601E002D00004000A000F001520
:10449000001A0021002700ABB800642BB800282FB9
:1044A000B800032FB80002DCB8002810B8000BD009
:1044B000B8000B2FBA0005000B0002111239B8002A
:1044C00009DCB8000ED0B8000910B80011D0B8004F
:1044D000112FB8000B10B80012D0B800122FBA007C
:1044E0001500030002111239B8000910B80016D0E7
:1044F000B8000B10B80019D0B8000310B8001BD0DA
:10450000B8000210B8001FD0B8000210B80029DCB3
:1045100000B800252FBA000A000500672BBA001565
:10452000001C00672BBA000B0005000A111239B8F5
:10453000001C10B80011D0BA001A001C001511128E
:104540003930310117152735032126273733071155
:10455000371715132327363721051507271105357A
:10456000371617110F01331715232701C214500AEC
:10457000FEE8280A50AAFA143CF0EF500A28012B52
:10458000FEF23C1401541E280A14A03C823C820115
:104590005E14F05078FEDE0A281E0A0104143CBEA8
:1045A000021C1E280A64BE3C140104DCD2500A28F6
:1045B000FEE814BE823C82000000000600320000CB
:1045C00001D602D00005000B00120018001F0024C5
:1045D00000AFB800642BB800252FB800002FB8003A
:1045E00002D0B8002510B80010D0B800102FB800C5
:1045F0000DDCB80003D0B8000D10B80005D0B8002D
:104600000010B8001EDCB80008D0B8000010B800D8
:104610000AD0B8000D10B80014D0B800142FB8009C
:104620001010B80015D0B800152FBA0018000000FF
:104630001E111239B8000010B80019D0B8000D10C2
:10464000B80020D0B8001010B80023D0B8001E1059
:10465000B80026DC00B8000A2FB8000E2FBA0018E8
:10466000001A00672BBA0000000200672BB8001A7E
:1046700010B80014D0BA0024001A001811123930F2
:104680003101170721273717330106232F0115079B
:1046900026271137012327363721033537161711FF
:1046A00007251507271101862828FEFC2828143C19
:1046B0000104143CF0141E280A14012CEF500A289F
:1046C000012B0A1E280A14FEC03C14019028282839
:1046D0002864FEFC28F032D2500A28011814012266
:1046E0001E280AFEDED2500A28FEE814FABE3C1448
:1046F000010400050032000001D602D00005000CC4
:1047000000120017001F00B3B800642BB800202F60
:10471000B800022FB80000D0B8002010B80010D0A8
:10472000B800102FB80011DCB80003D0B800111089
:10473000B80005D0B8000210B80007DCB8000210BD
:10474000B8000BD0BA000D00020007111239B800F2
:104750001110B80013D0B8001010B80016D0B8006F
:104760001110B80018D0B800182FB8001010B800F9
:1047700019D0B800192FB8000710B8001ED0B80023
:104780000210B8001FD0B8000710B80021DC00BA32
:10479000000B000D00672BBA001B001800672BBA36
:1047A0000000000200672BB8000B10B80011D0BA4F
:1047B00000170018001B111239303101170721278B
:1047C0003705171106072735132126273733031519
:1047D000072711172736372116170701862828FEC5
:1047E000FC28280140140A281E0AFED4280A50F08A
:1047F000F03C1451500A28013F280A500190282803
:1048000028283214FEE8280A50D2FEDE0A281E02AA
:104810001CBE3C1401040A1E280A0A281E000003BC
:104820000032000001D502D00006000B0013002B5F
:10483000B800642BBA0002000500672BB800051011
:10484000B80007D0B8000210B80009D000B80004C2
:104850002FBA000F000C00672B303101171106072B
:10486000273D0233150703273637211617070103A3
:10487000280A281E502881500A28013F280A500182
:104880005E28FEFC280A50E664D2D228010E1E28BB
:104890000A0A281E000000050032000001D602D0DE
:1048A0000006000C00110018001F0077B800642BF0
:1048B000B800202FB800052FB80002DCBA000700AE
:1048C000050002111239B8002010B8000DD0B80050
:1048D0000D2FB8000BDCB80010D0B8000510B800E0
:1048E00012D0B8000210B80016D0B8000D10B800F1
:1048F0001AD0B8000B10B8001ED0B8000210B800D3
:1049000021DC00B800142FBA0005000700672BB89F
:10491000000510B8000BD0BA000D000700051112F9
:104920003930310117110607273513212627373370
:1049300005113717150135371617110705271136D9
:1049400037171501C2140A281E0AFED4280A50F08F
:10495000FEC0143C01041E280A14FE84140A281EFA
:10496000015E14FEE8280A50D2FEDE0A281E0A0163
:1049700004143CBE014AD2500A28FEE8140A14016D
:1049800018280A50D20000040032000001D602C6E6
:104990000006000D001300190073B800642BB80066
:1049A0001A2FB800072FB8001A10B80001D0B800AD
:1049B000012FB80006DCB8000710B8000CDCBA0004
:1049C0000F0001000C111239B8000110B80010D00E
:1049D000B8000610B80013D0B8000710B80014D003
:1049E000B8000C10B80016D0BA00180001000C1165
:1049F0001239B8000C10B8001BDC00B800042FB846
:104A000000092FB8000F2FB800182F3031132711CD
:104A1000363717152135371617110F01150335379E
:104A20001721371715033546140A281E01041E28BE
:104A30000A14C8C8143C01043C14C80168140118C5
:104A4000280A50D2D2500A28FEE814F07801043C1B
:104A5000143C3C143CFEFC780000000600320000D0
:104A600001D602D00004000B00110016001D002426
:104A700000BBB800642BB800252FB80012D0B800D6
:104A8000122FB80001DC41030060000100015D410C
:104A90000300C0000100015DB80000DCB800011097
:104AA000B80005DC410300C0000500015D410300C2
:104AB00060000500015DB8000ADCBA000C000500CA
:104AC0000A111239B8001210B8000FD0B8000F2F19
:104AD000B8001210B80016DCB80010D0B800102FC3
:104AE000B8000A10B80018D0B8000510B8001CD0E3
:104AF000B8001210B8001FD0B8001610B80023D0AC
:104B0000B8000A10B80026DC00B800072FB8002251
:104B10002FBA001C000C00672BB8001C10B8001046
:104B2000D0BA0012000C001C111239303125233587
:104B3000371737353716171107032126273733055F
:104B40001137171525171106072735252711363771
:104B50001715012C5028285A1E280A1432FED52871
:104B60000A50EFFEC0143C0140140A281EFEC01477
:104B70000A281E64E6282864D2500A28FEE814FE9B
:104B80008E0A281E0A0104143CBEFA14FEE8280A04
:104B900050D250140118280A50D2000400320000EC
:104BA00001D602D00005000B001100170037B80035
:104BB000642BBA000B001100672BB8000B10B80073
:104BC00000D0B800002FB8001110B80012D0B80003
:104BD000122F00B800042FB8000D2FB800072FB80F
:104BE00000162F30310133130623273F01321703FC
:104BF000230F0122271333372303363317010E2DDA
:104C00009A143C7701773C149A2D16773C149A2D10
:104C1000012D9A143C77015EFECA28F2ECF228FEC0
:104C2000CA80F228013614013628F300000000057E
:104C30000032000001D602D00005000C001200175F
:104C4000001E0089B800642BB8001F2FB800002F89
:104C5000B80002D0B8001F10B80010D0B800102F54
:104C6000B80011DCB80003D0B8001110B80005D0AE
:104C7000B8000010B8001DDCB80007D0B800001064
:104C8000B8000BD0BA000D0000001D111239B80099
:104C90001110B80013D0B8001010B80016D0B8002A
:104CA0000010B80018D0B8001D10B80020DC00B803
:104CB000001A2FBA000B000D00672BBA000000028B
:104CC00000672BB8000B10B80011D0303101170766
:104CD00021273705171106072735132126273733D4
:104CE00003150727110535371617110701862828E0
:104CF000FEFC28280140140A281E0AFED4280A5067
:104D0000F0F03C1401541E280A1401902828282889
:104D10003214FEE8280A50D2FEDE0A281E023ADCCF
:104D20003C140122FAD2500A28FEE81400000004C4
:104D30000032000001D602D000030009000F001568
:104D40000027B800642B00BA0003000000672BBAEC
:104D50000009000400672BB8000910B8000BD0B898
:104D6000000010B80011D030312901373303232758
:104D70003637210313321703231703222713330176
:104D8000AEFEE828D246C7500A28010D6E823C14B8
:104D9000963C0A8C3C14A03C5002301E280AFEDED1
:104DA000012228FECA50FEDE280136000000000560
:104DB00000320000017C02D00004000B001000173C
:104DC000001D004BB800642BBA0004000000672BE4
:104DD000B8000410B8000CD0B8000010B8000FD014
:104DE00000BA0017001200672BBA000A000500671E
:104DF0002BBA0018001A00672BBA00000012001727
:104E0000111239BA00100005000A11123930313779
:104E10003537171513232736373317071507273567
:104E200013072326273733031707232737AA3C14F2
:104E30004645500A288B1482143CD2148B280A5001
:104E400045A0282846282846DC3C14E6021C1E28DB
:104E50000A1450E6143CDCFD8A140A281E0140287E
:104E6000282828000000000100320000008202D043
:104E700000070017B800642BBA0000000300672B7E
:104E800000B800022FB800052F3031370607271170
:104E9000371617820A281E1E280A32280A500230A6
:104EA000500A28000000000500320000017C02D0FA
:104EB0000004000B00100017001D004BB800642B0D
:104EC000BA0004000000672BB8000410B8000CD032
:104ED000B8000010B8000FD000BA0012001500672B
:104EE0002BBA0007000A00672BBA0018001A0067E7
:104EF0002BBA000400150012111239BA000C000A76
:104F0000000711123930313735371715033733168B
:104F100017072337150727350333170607232701FC
:104F20001707232737B4143CD2148B280A50459610
:104F30003C144645500A288B14012228284628286C
:104F400064E6143CDC0276140A281E0ADC3C14E6F3
:104F5000FDE41E280A14017C2828282800000005EA
:104F60000032014A01EA021C0005000B0011001783
:104F7000001D003FB800642B00B8001A2FB80012C3
:104F80002FBA0000000200672BB8000010B800061E
:104F9000D0B800062FB8000210B80008D0B800083A
:104FA0002FB8000010B8000CD0B8000210B8000EE6
:104FB000D030310117072327370717072327372555
:104FC00017072327372717072327371F010723270B
:104FD0003701222828282828782828282828016806
:104FE0002828282828C82828282828C82828282801
:104FF0002801E028282828012828282801282828EE
:10500000283C282828288228282828000000000E6C
:105010000032FFFF021C02D00005000B0011001738
:10502000001D00230029002F0035003B00410047F0
:10503000004D00530129B800642BBA001C00080081
:10504000672BBA002C002800672BBA000B00080061
:105050001C111239B8000810B80010D0BA0017009F
:1050600008001C111239BA00230028002C11123933
:10507000BA002F0028002C111239B8002C10B800EB
:1050800034D0BA004A0008001C111239B8004A2F67
:10509000B8003ADCBA00410008001C111239B8000F
:1050A0004A10B80046D0BA00470008001C11123957
:1050B000BA004D004A003A111239B8002C10B8005D
:1050C00055DC00B8000A2FB8001A2FB800262FB8F8
:1050D000002E2FB800402FB800442FB8004010B861
:1050E0000038DCB80001D0BA00110040000A1112EB
:1050F00039BA00170040000A111239BA001D0040E9
:10510000000A111239B8003810B80022D0BA0023B2
:105110000040000A111239BA00290040003811126B
:1051200039B8004010B8002FD0B8002F2FBA003582
:1051300000400038111239BA003B0040003811120B
:1051400039BA004700400038111239B8003810B899
:10515000004CD0BA004D0040000A11123930310124
:1051600007063F013327232736373307150726273E
:105170003517331706072337353716171513232727
:105180003637330715072627351733170607233712
:105190003537161715253537161715273317060710
:1051A0002337150726273517232736373313373686
:1051B0000F01270117A03C01BD1E8B0A500A28468B
:1051C000281E280A640A500A2846281E280AC80AE7
:1051D000500A2846271E280A630A500A2846281E15
:1051E000280AFECA1E280A5A0A500A28460A1E28F9
:1051F0000A5A0A500A284632A03C01BD1E018F9F60
:10520000013CBE971E280A643C500A28785A1E2882
:105210000A643C500A2878FE7A1E280A643C500A28
:1052200028785A1E280A643C500A28781E3C500AE6
:105230002878091E280A8D3C500A28780A1E280A58
:1052400001239F013CBF0100000000010032020861
:10525000008202D000040017B800642BBA000000DE
:105260000100672B00B800002FB800032F30311366
:1052700023353717825028280208A028280000016B
:1052800000320208008202D000040017B800642B2C
:10529000BA0000000200672B00B800012FB800031D
:1052A0002F30311307273533822828500230282821
:1052B000A000000200320208012202D1000400090D
:1052C000003BB800642BB8000A2FB800062FB800C6
:1052D0000A10B80001D0B800012FB80000DCB800F7
:1052E0000610B80005DCB8000BDC00B800032FB8CE
:1052F00000082FB800002FB800052F3031132335D8
:10530000371F012335371782502828A0502828023C
:1053100009A02828A1A028280000000200320208C5
:10532000012302D100040009003BB800642BB8003F
:105330000A2FB800072FB8000A10B80002D0B80032
:10534000022FB80000DCB8000710B80005DCB80078
:105350000BDC00B800032FB800082FB800012FB8ED
:1053600000062F30311307273533170727353382CF
:10537000282850A128285002302828A09F2828A09B
:1053800000000001003200DC015401FE000B000FA0
:10539000B800642B00B800062FB800002F3031375A
:1053A0002226353436333216151406C33C55553C87
:1053B0003C5555DC553C3C55553C3C5500000001E6
:1053C0000032014001EA01900005000FB800642B93
:1053D00000BA0000000200672B30310117072127B7
:1053E0003701C22828FE982828019028282828005C
:1053F0000000000100320140021201900005000F80
:10540000B800642B00BA0000000200672B303101A5
:10541000170721273701EA2828FE7028280190283D
:10542000282828000000000700320000021202D0E5
:105430000005000B000F0017001D0023002900A528
:10544000B8006E2BBA0004000D00712BBA001900D1
:105450002300712BBA0010001300712BBA0000005A
:10546000130010111239BA000B0013001011123979
:10547000B8000410B8000FD0BA001D000D001011C4
:105480001239B8001910B8001FD0BA002900230043
:1054900019111239B8001010B8002BDC00BA001333
:1054A000000000712BBA000B001400712BBA001D14
:1054B000001800712BB8001310B80004D0B8001405
:1054C00010B80007D0BA000D00000013111239BA4D
:1054D000000E0014000B111239BA00230018001D31
:1054E000111239303129012627372111212736376A
:1054F0002101071117010607271137161707232760
:1055000036373307150726271117331706072301E8
:10551000CCFE98280A50012CFED5500A280167FEBF
:10552000B6505001900A281E1E280A9682500A285A
:10553000BEA01E280A643C500A28780A281E0230A1
:105540001E280AFD941E02441EFDC6280A50023081
:10555000500A28BE1E280A64DC500A280118FA1EC8
:10556000280A0000007800780078007800B800EC85
:1055700001DA0292036A0414042E047204BA0516B6
:105580000552056C0586059E05C0065A068E071C49
:10559000078E07F60886092809940A4C0AF20B1AA6
:1055A0000B440B6C0B940BBC0C3E0D080DA60E446B
:1055B0000E960F180F7A0FCC106610DE110E1172B6
:1055C00011EE123412D6134013A8142214C0155C25
:1055D00015F2162E16A6171017B017FA187A18BA61
:1055E0001908192A197E19A019BC19D41A721B108E
:1055F0001B621BE41C461C981D321DAA1DDA1E3EB0
:105600001EBA1F001FA2200C207420EE218C22281D
:1056100022BE22FA237223DC247C24C6254625865A
:1056200025E22602265E26B627D427EE2808283C47
:105630002870288E28A828C2296000000020018632
:1056400000000000000000000084000000000000D6
:1056500000000001001200840000000000000002B1
:105660000008009600000000000000030012009EE9
:105670000000000000000004001200B00000000064
:1056800000000005003600C2000000000000000C11
:10569000003200F800000000000000130014012A8E
:1056A0000001000000000000005C013E000100005D
:1056B000000000010009019A000100000000000242
:1056C000000701A30001000000000003000901AA77
:1056D0000001000000000004000901B30001000007
:1056E00000000005001B01BC0001000000000006D6
:1056F000000901D70001000000000008001E01E0C1
:105700000001000000000009001101FE000100007E
:105710000000000C0019020F000100000000000D45
:10572000004102280001000000000013000A026985
:10573000000300010409000000B802730003000127
:10574000040900010012032B0003000104090002F8
:10575000000E033D00030001040900030012034B87
:1057600000030001040900040012035D00030001AE
:10577000040900050036036F000300010409000658
:10578000001203A50003000104090008003C03B750
:105790000003000104090009002203F300030001D3
:1057A0000409000C00320415000300010409000D77
:1057B000008204470003000104090013001404C917
:1057C0000043007200650061007400650064002001
:1057D00000620079002000530069007A0065006EC5
:1057E000006B006F00200041006C006500780061D4
:1057F000006E006400650072002E002000A90020E9
:10580000003200300030003800200053007400796E
:10581000006C0065002D0037002E00200041006C58
:10582000006C00200072006900670068007400735B
:10583000002000720065007300650072007600654C
:105840000064002E00440069006700690074006174
:10585000006C002D0037004D006F006E006F00449B
:1058600000690067006900740061006C002D00375A
:10587000004400690067006900740061006C002D3D
:105880000037005600200031002E0030003000208C
:10589000004F00630074002000300032002000310F
:1058A0000033003A00320034003A0030003000206B
:1058B000003200300030003800680074007400705E
:1058C000003A002F002F007700770077002E00733A
:1058D00000740079006C0065007300650076006557
:1058E000006E002E0063006F006D0030003100324A
:1058F0000033003400350036003700380039437279
:1059000065617465642062792053697A656E6B6F96
:1059100020416C6578616E6465722E20A92032305A
:105920003038205374796C652D372E20416C6C20F3
:105930007269676874732072657365727665642E28
:1059400020687474703A2F2F7777772E7374796C80
:1059500065736576656E2E636F6D44696769746102
:105960006C2D37526567756C617244696769746143
:105970006C2D374469676974616C2D375665727395
:10598000696F6E20312E30323020417072696C2088
:10599000303720323031314469676974616C2D379A
:1059A000437265617465642062792053697A656E1B
:1059B0006B6F20416C6578616E6465722E2053694F
:1059C0007A656E6B6F20416C6578616E6465726894
:1059D0007474703A2F2F7777772E7374796C6573A0
:1059E0006576656E2E636F6D46726565776172656B
:1059F00020666F7220706572736F6E616C207573B4
:105A0000652E0D0A466F7220636F6D6D6572636956
:105A1000616C2075736520706C6561736520636FC0
:105A20006E747563742075732E30313233343536AD
:105A3000373839004300720065006100740065006A
:105A400064002000620079002000530069007A00A1
:105A500065006E006B006F00200041006C00650067
:105A6000780061006E006400650072002E00200066
:105A7000A900200032003000300038002000530020
:105A8000740079006C0065002D0037002E002000A6
:105A900041006C006C002000720069006700680023
:105AA00074007300200072006500730065007200CE
:105AB0007600650064002E00200068007400740009
:105AC00070003A002F002F007700770077002E003B
:105AD0007300740079006C00650073006500760047
:105AE00065006E002E0063006F006D0044006900C9
:105AF00067006900740061006C002D0037005200DF
:105B00006500670075006C00610072004400690068
:105B100067006900740061006C002D0037004400CC
:105B2000690067006900740061006C002D00370097
:105B3000560065007200730069006F006E0020005F
:105B400031002E0030003200300020004100700093
:105B5000720069006C002000300037002000320025
:105B600030003100310044006900670069007400B2
:105B700061006C002D003700430072006500610079
:105B8000740065006400200062007900200053006A
:105B900069007A0065006E006B006F002000410014
:105BA0006C006500780061006E00640065007200A2
:105BB0002E002000530069007A0065006E006B0023
:105BC0006F00200041006C006500780061006E00ED
:105BD00064006500720068007400740070003A0090
:105BE0002F002F007700770077002E0073007400DD
:105BF00079006C00650073006500760065006E003A
:105C00002E0063006F006D004600720065006500A5
:105C10007700610072006500200066006F0072006E
:105C2000200070006500720073006F006E0061005C
:105C30006C0020007500730065002E000D000A0046
:105C400046006F007200200063006F006D006D0061
:105C5000650072006300690061006C00200075003F
:105C600073006500200070006C0065006100730027
:105C70006500200063006F006E0074007500630013
:105C800074002000750073002E00300031003200D7
:105C90003300340035003600370038003900000288
:105CA000000000000000FF88004600000000000027
:105CB0000000000000000000000000000000006B79
:105CC00000000102000200030004000500060007B6
:105CD00000080009000A000B000C000D000E000F68
:105CE0000010001100120013001400150016001718
:105CF00000180019001A001B001C001D001E001FC8
:105D00000020002100220023002400250026002777
:105D100000280029002A002B002C002D002E002F27
:105D200000300031003200330034003500360037D7
:105D300000380039003A003B003C003D003E003F87
:105D40000040004100420043004400450046004737
:105D500000480049004A004B004C004D004E004FE7
:105D60000050005100520053005400550056005797
:105D700000580059005A005B005C005D005E005F47
:105D80000060006100C600B600B700B400B500872F
:105D900000B200B3008B044E554C4C0000000000D4
:105DA00000030008000200100001FFFF00030001D3
:105DB000000000000000010402BC00006F1C02BCD7
:105DC00001354469676974616C2D372020202020DB
:105DD0002020000000000000000044696769746131
:105DE0000000010000001F1C1F1E1F1E1F1F1E1F82
:105DF0001E1F000000000000000000000000001056
:105E000010101010000010000000006C4848000046
:105E1000000000000000001414287C287C2850504A
:105E2000000000103840403848701010000000207A
:105E300050200C70081408000000000000182020FA
:105E40005448340000000010101010000000000042
:105E500000000008081010101010100808000020A2
:105E60002010101010101020200000107C10282886
:105E70000000000000000000101010FE10101000C4
:105E8000000000000000000000181030200000009A
:105E90000000007C00000000000000000000000086
:105EA00000303000000000040408081010202040DA
:105EB00000000038444444444444380000000030AA
:105EC0001010101010107C0000000038440408105E
:105ED00020447C00000000384404180404443800C6
:105EE0000000000C141424447E040E000000003C4A
:105EF00020203804044438000000001C204078446E
:105F0000444438000000007C4404080808101000D5
:105F1000000000384444384444443800000000384D
:105F20004444443C0408700000000000003030008D
:105F30000030300000000000001818000018302069
:105F4000000000000C10608060100C0000000000D9
:105F500000007C007C00000000000000C02018044D
:105F60001820C000000000001824040810003000B1
:105F700000003844444C54544C4044380000003035
:105F8000102828287C44EE00000000F8444478449F
:105F90004444F8000000003C444040404044380085
:105FA000000000F0484444444448F000000000FC75
:105FB000445070504044FC000000007E22283828E5
:105FC000202070000000003C4440404E4444380013
:105FD000000000EE44447C444444EE000000007C99
:105FE0001010101010107C000000003C0808084839
:105FF00048483000000000EE444850704844E60035
:10600000000000702020202024247C00000000EEEE
:106010006C6C54544444EE00000000EE646454542C
:10602000544CEC00000000384444444444443800DC
:10603000000000782424243820207000000000385C
:10604000444444444444381C000000F84444447828
:106050004844E200000000344C4038040464580016
:10606000000000FE9210101010103800000000EE2A
:106070004444444444443800000000EE444428288A
:1060800028101000000000EE4444545454542800DA
:10609000000000C6442810102844C600000000EE8E
:1060A00044282810101038000000007C440810100C
:1060B00020447C00000000382020202020202020C8
:1060C0003800004020202010100808080000003888
:1060D00008080808080808083800001010284400BC
:1060E00000000000000000000000000000000000B0
:1060F00000FE00100800000000000000000000008A
:106100000038443C44443E00000000C04058644411
:106110004444F80000000000003C44404044380083
:106120000000000C04344C4444443E0000000000D5
:106130000038447C40403C000000001C207C2020B3
:1061400020207C000000000000364C4444443C0405
:10615000380000C0405864444444EE000000001081
:106160000070101010107C0000000010007808086B
:1061700008080808700000C0405C48705048DC0007
:10618000000000301010101010107C000000000003
:1061900000E854545454FE000000000000D8644449
:1061A0004444EE00000000000038444444443800F9
:1061B0000000000000D8644444447840E00000003F
:1061C00000364C4444443C040E000000006C302077
:1061D00020207C0000000000003C4438044478008B
:1061E00000000000207C202020221C000000000075
:1061F00000CC4444444C36000000000000EE44440F
:10620000282810000000000000EE445454542800D8
:106210000000000000CC48303048CC0000000000F6
:1062200000EE44242818101078000000007C48106C
:1062300020447C00000000081010101020101010E6
:106240000800001010101010101010100000002096
:106250001010101008101010200000000000002482
:1062600058000000000000000000000000000000D6
:10627000000000000000000000000000000000001E
:10628000000000000000000000000000000000000E
:1062900000000000000000000000000000000000FE
:1062A00000000000000000000000000000000000EE
:1062B00000000000038000038000038000038000D2
:1062C000038000038000038000038000038000013E
:1062D00000000100000000000000000380000380B7
:1062E00000000000000000000000000000000000AE
:1062F0000000000000000000000000000000000E90
:1063000070000E70000E70000420000420000420B5
:106310000004200000000000000000000000000059
:10632000000000000000000000000000000000006D
:10633000000000000000000000000000000000005D
:1063400000000000066000066000066000066000B5
:106350000660003FF8003FF8000660000CC0003FF8
:10636000F8003FF8000CC0000CC0000CC0000CC0CE
:10637000000CC00000000000000000000000000051
:106380000000000000000000000180000180000704
:10639000B0000FF0001870001870001C00000F8093
:1063A0000007E00000F0001830001C30001C7000F6
:1063B0001FE0001BC000018000018000018000017F
:1063C000800000000000000000000000000000004D
:1063D000000000000780000FC0001CE000186000F3
:1063E0001860001CE0000FF80007E0001FF0000735
:1063F000380006180006180007380003F00001E016
:10640000000000000000000000000000000000008C
:10641000000000000000000000000000000000007C
:10642000000003F00007F0000C60000C00000C00FE
:10643000000600000700000F9C001DFC0018F00083
:106440001870000FFC0007DC0000000000000000D6
:10645000000000000000000000000000000000003C
:1064600000000000000000038000038000038000A3
:106470000100000100000100000100000000000018
:10648000000000000000000000000000000000000C
:1064900000000000000000000000000000000000FC
:1064A00000000000000000000000000000180000D4
:1064B000380000700000F00000E00000E00001C0C3
:1064C0000001C00001C00001C00001C00001C00007
:1064D00000E00000E00000700000700000380000E4
:1064E0001800000000000000000000000000000094
:1064F000000000001800001C00000E00000E00004C
:1065000007000007000003800003800003800003F1
:1065100080000380000380000700000700000F00D8
:10652000000E00001C000018000000000000000029
:1065300000000000000000000000000001800001D9
:1065400080000180001DB8001FF80007E00003C0B4
:106550000003C000066000066000000000000000AC
:10656000000000000000000000000000000000002B
:10657000000000000000000000000000000000001B
:106580000000000000000000000001800001800009
:106590000180000180000180003FFC003FFC000101
:1065A0008000018000018000018000018000000067
:1065B00000000000000000000000000000000000DB
:1065C00000000000000000000000000000000000CB
:1065D00000000000000000000000000000000000BB
:1065E00000000000000000000000000000000000AB
:1065F00000E00000C00001C0000180000180000335
:106600000000030000000000000000000000000087
:10661000000000000000000000000000000000007A
:106620000000000000000000001FF8001FF800003C
:10663000000000000000000000000000000000005A
:10664000000000000000000000000000000000004A
:10665000000000000000000000000000000000003A
:10666000000000000000000000000000000000002A
:10667000000000000000000000000000000000001A
:1066800003C00003C00003C00000000000000000C1
:1066900000000000000000000000000000000018E2
:1066A000000018000038000030000070000060009A
:1066B00000600000C00000C00001800001800003F5
:1066C00000000300000600000600000E00000C00A1
:1066D000001C00001800001800000000000000006E
:1066E00000000000000000000000000003C00007E0
:1066F000E0000C30000C30001818001818001818B2
:10670000001818001818001818001818000C30008D
:106710000C300007E00003C0000000000000000093
:106720000000000000000000000000000000000069
:10673000000000000080000780001F80001D800016
:1067400001800001800001800001800001800001C3
:1067500080000180000180000180001FF8001FF808
:106760000000000000000000000000000000000029
:1067700000000000000000000000000007C0001F33
:10678000F0003830003018003018000018000030D9
:106790000000600001C0000380000600000C000043
:1067A0001800003FF8003FF8000000000000000063
:1067B00000000000000000000000000000000000D9
:1067C0000000000003C0000FE0000C70000030006B
:1067D00000300000600003C00003E0000070000013
:1067E00018000018000018001838001FF0000FC033
:1067F0000000000000000000000000000000000099
:1068000000000000000000000000000000E00001A7
:10681000E00001E0000360000660000660000C601C
:10682000000C60001860003060003FF8003FF80086
:1068300000600003F80003F8000000000000000002
:106840000000000000000000000000000000000048
:10685000000000001FF0001FF000180000180000EA
:106860001800001BC0001FF0001C300000180000C2
:1068700018000018000018003030003FF0000FC072
:106880000000000000000000000000000000000008
:1068900000000000000000000000000000F80003FD
:1068A000F8000700000E00000C00001800001BC0DC
:1068B000001FF0001C3000181800181800181800ED
:1068C0000C38000FF00003E00000000000000000A2
:1068D00000000000000000000000000000000000B8
:1068E000000000001FF8001FF800181800183800FA
:1068F0000030000030000070000060000060000008
:10690000E00000C00000C00001C000018000018064
:106910000000000000000000000000000000000077
:1069200000000000000000000000000007E0000F71
:10693000F0001C38001818001818000C300007E090
:106940000007E0000C300018180018180018180094
:106950001C38000FF00007E00000000000000000FD
:106960000000000000000000000000000000000027
:106970000000000007C0000FF0001C3000181800D5
:106980001818001818000C38000FF80003D8000081
:10699000180000300000700000E0001FC0001F0061
:1069A00000000000000000000000000000000000E7
:1069B00000000000000000000000000000000000D7
:1069C000000000000000000003C00003C00003C07E
:1069D00000000000000000000000000000000000B7
:1069E00003C00003C00003C000000000000000005E
:1069F0000000000000000000000000000000000097
:106A00000000000000000000000000000000000086
:106A100000F00000F00000F00000000000000000A6
:106A2000000000000000E00001C0000180000180C3
:106A30000003000002000000000000000000000051
:106A40000000000000000000000000000000000046
:106A50000000001C00003C0000F00003C0000F001C
:106A6000003C0000F000003C00000F000003C000EC
:106A700000F000003C00001C0000000000000000CE
:106A80000000000000000000000000000000000006
:106A900000000000000000000000000000000000F6
:106AA0000000007FFC007FFC000000000000007F71
:106AB000FC007FFC0000000000000000000000005F
:106AC00000000000000000000000000000000000C6
:106AD00000000000000000000000000000000000B6
:106AE00000007000007800001E000007800001E038
:106AF00000007800001E0000780001E00007800020
:106B00001E0000780000700000000000000000007F
:106B10000000000000000000000000000000000075
:106B20000000000000000007C0000FE00018700027
:106B300018300018300000700000E00003C00003AF
:106B400080000300000000000000000700000700B4
:106B50000000000000000000000000000000000035
:106B600000000000000000000000000003E000073B
:106B7000F0000E38000C180018780018F80019D82A
:106B80000019980019980019980018F80018780052
:106B90001800000C00000E180007F80003E00000C9
:106BA00000000000000000000000000000000000E5
:106BB000000000000000001F80001FC00001C00096
:106BC0000360000360000630000630000C30000F48
:106BD000F8001FF800180C00300C00FC7F00FC7F50
:106BE00000000000000000000000000000000000A5
:106BF0000000000000000000000000000000007F16
:106C0000E0007FF000183800181800181800183835
:106C1000001FF0001FF800181C00180C00180C00D2
:106C2000180C007FF8007FF000000000000000005A
:106C30000000000000000000000000000000000054
:106C40000000000000000003EC000FFC001C1C0012
:106C5000180C00300C003000003000003000003014
:106C60000000300000180C001C1C000FF80003F09E
:106C70000000000000000000000000000000000014
:106C80000000000000000000000000000000007F85
:106C9000C0007FF000183800181800180C00180CFD
:106CA00000180C00180C00180C00180C0018180024
:106CB0001838007FF0007FE00000000000000000B6
:106CC00000000000000000000000000000000000C4
:106CD000000000000000007FF8007FF80018180096
:106CE0001818001998001980001F80001F800019D3
:106CF00080001998001818001818007FF8007FF815
:106D00000000000000000000000000000000000083
:106D10000000000000000000000000000000003F34
:106D2000FC003FFC000C0C000C0C000CCC000CC058
:106D3000000FC0000FC0000CC0000CC0000C000011
:106D40000C00003FC0003FC0000000000000000039
:106D50000000000000000000000000000000000033
:106D60000000000000000003EC000FFC001C1C00F1
:106D7000180C00300C0030000030000030FE0030F5
:106D8000FE00300C00380C001C1C000FFC0003F04F
:106D900000000000000000000000000000000000F3
:106DA0000000000000000000000000000000007E65
:106DB0007E007E7E00181800181800181800181899
:106DC000001FF8001FF80018180018180018180005
:106DD0001818007E7E007E7E00000000000000008B
:106DE00000000000000000000000000000000000A3
:106DF000000000000000001FF8001FF800018000E4
:106E000001800001800001800001800001800001FC
:106E100080000180000180000180001FF8001FF841
:106E20000000000000000000000000000000000062
:106E3000000000000000000000000000000000074B
:106E4000FE0007FE0000300000300000300000307F
:106E50000000300030300030300030300030300082
:106E60003060003FE0000F800000000000000000E4
:106E70000000000000000000000000000000000012
:106E8000000000000000007F3E007F3E0018300040
:106E900018600018C0001980001B80001FC0001C73
:106EA000E0001870001830001838007F1F007F1FA6
:106EB00000000000000000000000000000000000D2
:106EC0000000000000000000000000000000007F43
:106ED00080007F80000C00000C00000C00000C0003
:106EE000000C00000C00000C0C000C0C000C0C0042
:106EF0000C0C007FFC007FFC000000000000000084
:106F00000000000000000000000000000000000081
:106F100000000000000000F00F00F81F00381C0007
:106F20003C3C003C3C00366C00366C0033CC0033FB
:106F3000CC00318C00300C00300C00FE7F00FE7F56
:106F40000000000000000000000000000000000041
:106F500000000000000000000000000000000078B9
:106F6000FE0078FE001C18001E18001F18001B18D9
:106F7000001B980019D80018D80018F800187800DD
:106F80001838007F18007F18000000000000000083
:106F900000000000000000000000000000000000F1
:106FA0000000000000000003C0000FF0001C3800CB
:106FB000181800381C00300C00300C00300C003069
:106FC0000C00381C001818001C38000FF00003C01B
:106FD00000000000000000000000000000000000B1
:106FE0000000000000000000000000000000003F62
:106FF000F0003FF8000C1C000C0C000C0C000C0CFA
:10700000000C18000FF8000FE0000C00000C00004E
:107010000C00003FC0003FC0000000000000000066
:107020000000000000000000000000000000000060
:107030000000000000000003C0000FF0001C38003A
:10704000181800381C00300C00300C00300C0030D8
:107050000C00381C001818001C38000FF00007C086
:107060000007CC000FFC000C3800000000000000FE
:107070000000000000000000000000000000007F91
:10708000E0007FF0001838001818001818001838B1
:10709000001FF0001FC00018E0001870001830003A
:1070A0001838007F1E007F0E000000000000000066
:1070B00000000000000000000000000000000000D0
:1070C0000000000000000007D8000FF8001C380086
:1070D0001818001818001E00000FC00003F0000070
:1070E00078001818001818001C38001FF0001BE06A
:1070F0000000000000000000000000000000000090
:107100000000000000000000000000000000003F40
:10711000FC003FFC00318C00318C00318C00318C44
:1071200000018000018000018000018000018000DA
:107130000180000FF0000FF00000000000000000D0
:10714000000000000000000000000000000000003F
:10715000000000000000007E7E007E7E0018180007
:107160001818001818001818001818001818001817
:1071700018001818001818000C30000FF00003C099
:1071800000000000000000000000000000000000FF
:107190000000000000000000000000000000007F70
:1071A0007F007F7F00180C000C18000C18000C18D2
:1071B000000630000630000360000360000360003A
:1071C00001C00001C00000800000000000000000BD
:1071D00000000000000000000000000000000000AF
:1071E00000000000000000FE3F80FE3F80300600EF
:1071F00030060030860019CC0019CC001B6C001B37
:107200006C001E7C000E38000E38000C18000C18A4
:10721000000000000000000000000000000000006E
:107220000000000000000000000000000000007EE0
:107230007E007E7E001818000C300006600003C03F
:107240000001800001800003C0000660000C3000D7
:107250001818007E7E007E7E000000000000000006
:10726000000000000000000000000000000000001E
:10727000000000000000007C7E007C7E00181800EA
:107280000C300006600006600003C00001800001B1
:1072900080000180000180000180000FF0000FF0ED
:1072A00000000000000000000000000000000000DE
:1072B0000000000000000000000000000000001FAF
:1072C000F8001FF80018180018300018600018C0E7
:1072D000000180000300000618000C1800181800B8
:1072E0003018003FF8003FF80000000000000000E8
:1072F000000000000000000000000000000000008E
:107300000000000001F00001F00001800001800099
:1073100001800001800001800001800001800001E7
:107320008000018000018000018000018000018058
:107330000001800001F00001F000000000000000EA
:107340000000000000001800001800001C00000CE5
:1073500000000E000006000006000003000003000D
:107360000001800001800000C00000C0000060003B
:1073700000600000700000300000380000180000BD
:1073800018000000000000000000000000000000E5
:10739000000000000F80000F8000018000018000CD
:1073A0000180000180000180000180000180000157
:1073B00080000180000180000180000180000180C8
:1073C000000180000F80000F80000000000000001E
:1073D00000000000000000000000800001C0000369
:1073E000E0000770000630000C1800180C001004B4
:1073F000000000000000000000000000000000008D
:10740000000000000000000000000000000000007C
:10741000000000000000000000000000000000006C
:10742000000000000000000000000000000000005C
:10743000000000000000000000000000000000004C
:10744000000000000000000000000000000000003C
:10745000000000000000000000000000000000002C
:10746000FFFF00FFFF00000000030000038000009A
:10747000E0000060000000000000000000000000CC
:1074800000000000000000000000000000000000FC
:1074900000000000000000000000000000000000EC
:1074A00000000000000000000000000000000000DC
:1074B00000000000000000000000000000000000CC
:1074C0000FC0001FE00000300000300007F0001F78
:1074D000F0003830003030003070001FFC000FBC6E
:1074E000000000000000000000000000000000009C
:1074F000000000000000000000000000780000789C
:1075000000001800001800001BE0001FF8001C1805
:1075100000180C00180C00180C00180C00180C00B7
:107520001C18007FF8007BE0000000000000000055
:10753000000000000000000000000000000000004B
:10754000000000000000000000000000000000003B
:1075500003EC000FFC001C1C00380C00300C003049
:107560000000300000380C001C1C000FF80003F075
:10757000000000000000000000000000000000000B
:107580000000000000000000000000000078000083
:10759000780000180000180007D8001FF8001838FD
:1075A0000030180030180030180030180030180073
:1075B0001838001FFE0007DE000000000000000079
:1075C00000000000000000000000000000000000BB
:1075D00000000000000000000000000000000000AB
:1075E00007E0001FF800181800300C003FFC003FB7
:1075F000FC00300000300000180C001FFC0007F0F9
:10760000000000000000000000000000000000007A
:1076100000000000000000000000000001FC00036A
:10762000FC000600000600003FF8003FF8000600DE
:10763000000600000600000600000600000600002C
:107640000600003FF0003FF00000000000000000D6
:10765000000000000000000000000000000000002A
:10766000000000000000000000000000000000001A
:1076700007DE001FFE0018380030180030180030F8
:1076800018003018003018001838001FF80007D80C
:10769000000018000018000038000FF0000FC000B4
:1076A00000000000000000000000000078000078EA
:1076B00000001800001800001BE0001FF0001C383C
:1076C00000181800181800181800181800181800CA
:1076D0001818007E7E007E7E000000000000000082
:1076E000000000000000000000000000000000009A
:1076F0000000000001800001800000000000000088
:107700001F80001F800001800001800001800001B7
:1077100080000180000180000180003FFC003FFCF0
:107720000000000000000000000000000000000059
:1077300000000000000000000000000000C0000089
:10774000C0000000000000001FF0001FF00000302B
:107750000000300000300000300000300000300039
:107760000030000030000030000030000030000029
:1077700070001FE0001F80000000000000000000FB
:10778000000000003C00003C00000C00000C000069
:107790000CF8000CF8000CC0000D80000F80000FEA
:1077A00000000F80000DC0000CE0003C7C003C7C21
:1077B00000000000000000000000000000000000C9
:1077C0000000000000000000000000001F80001FFB
:1077D00080000180000180000180000180000180A4
:1077E0000001800001800001800001800001800014
:1077F0000180003FFC003FFC000000000000000092
:107800000000000000000000000000000000000078
:107810000000000000000000000000000000000068
:10782000F77800FFFC0039CC00318C00318C00313E
:107830008C00318C00318C00318C00FDEF00FDEFAD
:107840000000000000000000000000000000000038
:107850000000000000000000000000000000000028
:1078600000000000000000007BE0007FF0001C38FA
:107870000018180018180018180018180018180018
:107880001818007E7E007E7E0000000000000000D0
:1078900000000000000000000000000000000000E8
:1078A00000000000000000000000000000000000D8
:1078B00003C0000FF0001C3800381C00300C0030F2
:1078C0000C00300C00381C001C38000FF00003C006
:1078D00000000000000000000000000000000000A8
:1078E0000000000000000000000000000000000098
:1078F00000000000000000007BE0007FF8001C1882
:1079000000180C00180C00180C00180C00180C00C3
:107910001C18001FF8001BE00018000018000018D9
:1079200000007F00007F0000000000000000000059
:107930000000000000000000000000000000000047
:1079400007DE001FFE001838003018003018003025
:1079500018003018003018001838001FF80007D839
:107960000000180000180000180000FE0000FE00D3
:107970000000000000000000000000000000000007
:1079800000000000000000003E78003EFC0007CC34
:1079900000070000060000060000060000060000C8
:1079A0000600003FF0003FF0000000000000000073
:1079B00000000000000000000000000000000000C7
:1079C00000000000000000000000000000000000B7
:1079D00007F8000FF8001818001818001F80000F93
:1079E000F00000F8001818001838001FF0001FE021
:1079F0000000000000000000000000000000000087
:107A00000000000000000000000000000C00000C5E
:107A100000000C00000C00003FF0003FF0000C00E4
:107A2000000C00000C00000C00000C00000C00001A
:107A30000C1C0007FC0003F0000000000000000028
:107A40000000000000000000000000000000000036
:107A50000000000000000000000000000000000026
:107A6000787800787800181800181800181800188E
:107A700018001818001818001838000FFE0007DE4C
:107A800000000000000000000000000000000000F6
:107A900000000000000000000000000000000000E6
:107AA00000000000000000007C3E007C3E00181832
:107AB000001818000C30000C300006600006600052
:107AC00007E00003C00003C0000000000000000049
:107AD00000000000000000000000000000000000A6
:107AE0000000000000000000000000000000000096
:107AF000783C00783C003118003398003398001A25
:107B0000B0001EF0001EF0001C60000C60000C6055
:107B10000000000000000000000000000000000065
:107B20000000000000000000000000000000000055
:107B300000000000000000003E7C003E7C000C3095
:107B40000006600003C00001800003C00006600062
:107B50000C30003E7C003E7C000000000000000075
:107B60000000000000000000000000000000000015
:107B70000000000000000000000000000000000005
:107B80007E1F007E1F00180C000C18000C18000649
:107B9000300006300003600003E00001C00000C0B8
:107BA000000180000180000300003FC0003FC000D2
:107BB00000000000000000000000000000000000C5
:107BC00000000000000000001FF8001FF80018303F
:107BD0000018600000C000018000030000061800CB
:107BE0000C18001FF8001FF8000000000000000043
:107BF0000000000000000000000000000000000085
:107C00000000000000E00001E000018000018000B1
:107C100001800001800001800001800003800007D6
:107C200000000380000180000180000180000180CD
:107C30000001800001E00000E00000000000000002
:107C400000000000000000000000000001800001B2
:107C5000800001800001800001800001800001801F
:107C6000000180000180000180000180000180008F
:107C7000018000018000018000018000018000017E
:107C80008000000000000000000000000000000074
:107C90000000000007000007800001800001800054
:107CA00001800001800001800001800001C000000F
:107CB000E00001C00001800001800001800001801F
:107CC00000018000078000070000000000000000A5
:107CD00000000000000000000000000000000000A4
:107CE00000000000000000000000000000000E0086
:107CF000001F18003BB80031F00000E00000000059
:107D00000000000000000000000000000000000073
:107D1000000000000000000000000000000068E813
:107D2000A828084888C8CF0300C130ED04640312B6
:107D300081E80385107ACB05392C003402F7012045
:107D4000EA020000C0011BC10101C5023030C701B9
:107D5000B73601483A0155B6020AA2F201002601DF
:107D600001E00F0F2A28080E0854A9430A0F00004B
:107D70000000E10F0015170711062B563C05100FE8
:107D80003F3F0F2B040000013F2A04000000EF11C9
:107D9000782900B10201120000000000000000007C
:107DA00000000000000000000000000000000000D3
:107DB00000000000000000000000000000000000C3
:107DC00000000000000000000000000000000000B3
:107DD00000000000000000000000000000000000A3
:107DE0000000000000000000000000000000000093
:107DF0000000000000000000000000000000000083
:107E00000000000000000000000000000000000072
:107E10000000000000000000000000000000000062
:107E20000000000000000000000000000000000052
:107E30000000000000000000000000000000000042
:107E40000000000000000000000000000000000032
:107E50000000000000000000000000000000000022
:107E60000000000000000000000000000000000012
:107E70000000000000000000000000000000000002
:107E800000000000000000000000000000000000F2
:107E900000000000000000000000000000000000E2
:107EA00000000000000000000000000000000000D2
:107EB00000000000000000000000000000000000C2
:107EC00000000000000000000000000000000000B2
:107ED00000000000000000000000000000000000A2
:107EE0000000000000000000000000000000000092
:107EF0000000000000000000000000000000000082
:107F00000000000000000000000000000000000071
:107F10000000000000000000000000000000000061
:107F20000000000000000000000000000000000051
:107F30000000000000000000000000000000000041
:107F40000000000000000000000000000000000031
:107F50000000000000000000000000000000000021
:107F60000000000000000000000000000000000011
:107F70000000000000000000000000000000000001
:107F800000000000000000000000000000000000F1
:107F900000000000000000000000000000000000E1
:107FA00000000000000000000000000000000000D1
:107FB00000000000000000000000000000000000C1
:107FC00000000000000000000000000000000000B1
:107FD00000000000000000000000000000000000A1
:107FE0000000000000000000000000000000000091
:107FF0000000000000000000000000000000000081
:108000000000000000000000000000000000000070
:108010000000000000000000000000000000000060
:108020000000000000000000000000000000000050
:108030000000000000000000000000000000000040
:108040000000000000000000000000000000000030
:108050000000000000000000000000000000000020
:108060000000000000000000000000000000000010
:108070000000000000000000000000000000000000
:1080800000000000000000000000000000000000F0
:1080900000000000000000000000000000000000E0
:1080A00000000000000000000000000000000000D0
:1080B00000000000000000000000000000000000C0
:1080C00000000000000000000000000000000000B0
:1080D00000000000000000000000000000000000A0
:1080E0000000000000000000000000000000000090
:1080F0000000000000000000000000000000000080
:10810000000000000000000000000000000000006F
:10811000000000000000000000000000000000005F
:10812000000000000000000000000000000000004F
:10813000000000000000000000000000000000003F
:10814000000000000000000000000000000000002F
:10815000000000000000000000000000000000001F
:10816000000000000000000000000000000000000F
:1081700000000000000000000000000000000000FF
:1081800000000000000000000000000000000000EF
:1081900000000000000000000000000000000000DF
:1081A00000000000000000000000000000000000CF
:1081B00000000000000000000000000000000000BF
:1081C00000000000000000000000000000000000AF
:1081D000000000000000000000000000000000009F
:1081E000000000000000000000000000000000008F
:1081F000000000000000000000000000000000007F
:10820000000000000000000000000000000000006E
:10821000000000000000000000000000000000005E
:10822000000000000000000000000000000000004E
:10823000000000000000000000000000000000003E
:10824000000000000000000000000000000000002E
:10825000000000000000000000000000000000001E
:10826000000000000000000000000000000000000E
:1082700000000000000000000000000000000000FE
:1082800000000000000000000000000000000000EE
:1082900000000000000000000000000000000000DE
:1082A00000000000000000000000000000000000CE
:1082B00000000000000000000000000000000000BE
:1082C00000000000000000000000000000000000AE
:1082D000000000000000000000000000000000009E
:1082E000000000000000000000000000000000008E
:1082F000000000000000000000000000000000007E
:10830000000000000000000000000000000000006D
:10831000000000000000000000000000000000005D
:10832000000000000000000000000000000000004D
:10833000000000000000000000000000000000003D
:10834000000000000000000000000000000000002D
:10835000000000000000000000000000000000001D
:10836000000000000000000000000000000000000D
:1083700000000000000000000000000000000000FD
:1083800000000000000000000000000000000000ED
:1083900000000000000000000000000000000000DD
:1083A00000000000000000000000000000000000CD
:1083B00000000000000000000000000000000000BD
:1083C00000000000000000000000000000000000AD
:1083D000000000000000000000000000000000009D
:1083E000000000000000000000000000000000008D
:1083F000000000000000000000000000000000007D
:10840000000000000000000000000000000000006C
:10841000000000000000000000000000000000005C
:10842000000000000000000000000000000000004C
:10843000000000000000000000000000000000003C
:10844000000000000000000000000000000000002C
:10845000000000000000000000000000000000001C
:10846000000000000000000000000000000000000C
:1084700000000000000000000000000000000000FC
:1084800000000000000000000000000000000000EC
:1084900000000000000000000000000000000000DC
:1084A00000000000000000000000000000000000CC
:1084B00000000000000000000000000000000000BC
:1084C00000000000000000000000000000000000AC
:1084D000000000000000000000000000000000009C
:1084E000000000000000000000000000000000008C
:1084F000000000000000000000000000000000007C
:10850000000000000000000000000000000000006B
:10851000000000000000000000000000000000005B
:10852000000202020202020202020202020202022D
:10853000020202020202020202020202020202021B
:10854000020202020202020202020202020202020B
:1085500002020202020202020202020202020202FB
:1085600002020202020202020202020202020202EB
:1085700002020202020202020202020202020202DB
:1085800002020202020202020202020202020202CB
:1085900002020202020202020202020202020202BB
:1085A00002020202020202020202020202020202AB
:1085B000020202020202020202020202020202029B
:1085C000020202020202020202020202020202028B
:1085D000020202020202020202020202020202027B
:1085E000020202020202020202020202020202026B
:1085F000020202020202020202020202020202025B
:10860000020202020202020202020202020202024A
:10861000000000000000000000000000000000005A
:10862000000000000000000000000000000000004A
:10863000000000000000000000000000000000003A
:10864000000000000000000000000000000000002A
:10865000000000000000000000000000000000001A
:10866000000000000000000000000000000000000A
:1086700000000000000000000000000000000000FA
:1086800000000000000000000000000000000000EA
:1086900000000000000000000000000000000000DA
:1086A00000000000000000000000000000000000CA
:1086B00000000000000000000000000000000000BA
:1086C00000000000000000000000000000000000AA
:1086D000000000000000000000000000000000009A
:1086E000000000000000000000000000000000008A
:1086F000000000000000000000000000000000007A
:108700000000000000000000000000000000000069
:108710000000000000000000000000000000000059
:108720000000000000000000000000000000000049
:108730000000000000000000000000000000000039
:108740000000000000000000000000000000000029
:108750000000000000000000000000000000000019
:108760000000000000000000000000000000000009
:1087700000000000000000000000000000000000F9
:1087800000000000000000000000000000000000E9
:1087900000000000000000000000000000000000D9
:1087A00000000000000000000000000000000000C9
:1087B00000000000000000000000000000000000B9
:1087C00000000000000000000000000000000000A9
:1087D0000000000000000000000000000000000099
:1087E0000000000000000000000000000000000089
:1087F0000000000000000000000000000000000079
:108800000000000000000000000000000000000068
:108810000000000000000000000000000000000058
:108820000000000000000000000000000000000048
:108830000000000000000000000000000000000038
:108840000000000000000000000000000000000028
:108850000000000000000000000000000000000018
:108860000000000000000000000000000000000008
:1088700000000000000000000000000000000000F8
:1088800000000000000000000000000000000000E8
:1088900000000000000000000000000000000000D8
:1088A00000000000000000000000000000000000C8
:1088B00000000000000000000000000000000000B8
:1088C00000000000000000000000000000000000A8
:1088D0000000000000000000000000000000000098
:1088E0000000000000000000000000000000000088
:1088F0000000000000000000000000000000000078
:108900000000000000000000000000000000000067
:108910000000000000000000000000000000000057
:108920000000000000000000000000000000000047
:108930000000000000000000000000000000000037
:108940000000000000000000000000000000000027
:108950000000000000000000000000000000000017
:108960000000000000000000000000000000000007
:1089700000000000000000000000000000000000F7
:1089800000000000000000000000000000000000E7
:1089900000000000000000000000000000000000D7
:1089A00000000000000000000000000000000000C7
:1089B00000000000000000000000000000000000B7
:1089C00000000000000000000000000000000000A7
:1089D0000000000000000000000000000000000097
:1089E0000000000000000000000000000000000087
:1089F0000000000000000000000000000000000077
:108A00000000000000000000000000000000000066
:108A10000000000000000000000000000000000056
:108A20000000000000000000000000000000000046
:108A30000000000000000000000000000000000036
:108A40000000000000000000000000000000000026
:108A50000000000000000000000000000000000016
:108A60000000000000000000000000000000000006
:108A700000000000000000000000000000000000F6
:108A800000000000000000000000000000000000E6
:108A900000000000000000000000000000000000D6
:108AA00000000000000000000000000000000000C6
:108AB00000000000000000000000000000000000B6
:108AC00000000000000000000000000000000000A6
:108AD0000000000000000000000000000000000096
:108AE0000000000000000000000000000000000086
:108AF0000000000000000000000000000000000076
:108B00000000000000000000000000000000000065
:108B10000000000000000000000000000000000055
:108B20000000000000000000000000000000000045
:108B30000000000000000000000000000000000035
:108B40000000000000000000000000000000000025
:108B50000000000000000000000000000000000015
:108B60000000000000000000000000000000000005
:108B700000000000000000000000000000000000F5
:108B800000000000000000000000000000000000E5
:108B900000000000000000000000000000000000D5
:108BA00000000000000000000000000000000000C5
:108BB00000000000000000000000000000000000B5
:108BC00000000000000000000000000000000000A5
:108BD0000000000000000000000000000000000095
:108BE0000000000000000000000000000000000085
:108BF0000000000000000000000000000000000075
:108C00000000000000000000000000000000000064
:108C10000000000000000000000000000000000054
:108C20000000000000000000000000000000000044
:108C30000000000000000000000000000000000034
:108C40000000000000000000000000000000000024
:108C50000000000000000000000000000000000014
:108C60000000000000000000000000000000000004
:108C700000000000000000000000000000000000F4
:108C800000000000000000000000000000000000E4
:108C900000000000000000000000000000000000D4
:108CA00000000000000000000000000000000000C4
:108CB00000000000000000000000000000000000B4
:108CC00000000000000000000000000000000000A4
:108CD0000000000000000000000000000000000094
:108CE0000000000000000000000000000000000084
:108CF0000000000000000000000000000000000074
:108D00000000000000000000000000000000000063
:108D10000000000000000000000000000000000053
:108D20000000000000000000000000000000000043
:108D30000000000000000000000000000000000033
:108D40000000000000000000000000000000000023
:108D50000000000000000000000000000000000013
:108D60000000000000000000000000000000000003
:108D700000000000000000000000000000000000F3
:108D800000000000000000000000000000000000E3
:108D900000000000000000000000000000000000D3
:108DA00000000000000000000000000000000000C3
:108DB00000000000000000000000000000000000B3
:108DC00000000000000000000000000000000000A3
:108DD0000000000000000000000000000000000093
:108DE0000000000000000000000000000000000083
:108DF0000000000000000000000000000000000073
:108E00000000000000000000000000000000000062
:108E10000000000000000000000000000000000052
:108E20000000000000000000000000000000000042
:108E30000000000000000000000000000000000032
:108E40000000000000000000000000000000000022
:108E50000000000000000000000000000000000012
:108E60000000000000000000000000000000000002
:108E700000000000000000000000000000000000F2
:108E800000000000000000000000000000000000E2
:108E900000000000000000000000000000000000D2
:108EA00000000000000000000000000000000000C2
:108EB00000000000000000000000000000000000B2
:108EC00000000000000000000000000000000000A2
:108ED0000000000000000000000000000000000092
:108EE0000000000000000000000000000000000082
:108EF0000000000000000000000000000000000072
:108F00000000000000000000000000000000000061
:108F10000000000000000000000000000000000051
:108F20000000000000000000000000000000000041
:108F30000000000000000000000000000000000031
:108F40000000000000000000000000000000000021
:108F50000000000000000000000000000000000011
:108F60000000000000000000000000000000000001
:108F700000000000000000000000000000000000F1
:108F800000000000000000000000000000000000E1
:108F900000000000000000000000000000000000D1
:108FA00000000000000000000000000000000000C1
:108FB00000000000000000000000000000000000B1
:108FC00000000000000000000000000000000000A1
:108FD0000000000000000000000000000000000091
:108FE0000000000000000000000000000000000081
:108FF0000000000000000000000000000000000071
:109000000000000000000000000000000000000060
:109010000000000000000000000000000000000050
:109020000000000000000000000000000000000040
:109030000000000000000000000000000000000030
:109040000000000000000000000000000000000020
:109050000000000000000000000000000000000010
:109060000000000000000000000000000000000000
:1090700000000000000000000000000000000000F0
:1090800000000000000000000000000000000000E0
:1090900000000000000000000000000000000000D0
:1090A00000000000000000000000000000000000C0
:1090B00000000000000000000000000000000000B0
:1090C00000000000000000000000000000000000A0
:1090D0000000000000000000000000000000000090
:1090E0000000000000000000000000000000000080
:1090F0000000000000000000000000000000000070
:10910000000000000000000000000000000000005F
:10911000000000000000000000000000000000004F
:10912000000000000000000000000000000000003F
:10913000000000000000000000000000000000002F
:10914000000000000000000000000000000000001F
:10915000000000000000000000000000000000000F
:1091600000000000000000000000000000000000FF
:1091700000000000000000000000000000000000EF
:1091800000000000000000000000000000000000DF
:1091900000000000000000000000000000000000CF
:1091A00000000000000000000000000000000000BF
:1091B00000000000000000000000000000000000AF
:1091C000000000000000000000000000000000009F
:1091D000000000000000000000000000000000008F
:1091E000000000000000000000000000000000007F
:1091F000000000000000000000000000000000006F
:10920000000000000000000000000000000000005E
:10921000000000000000000000000000000000004E
:10922000000000000000000000000000000000003E
:10923000000000000000000000000000000000002E
:10924000000000000000000000000000000000001E
:10925000000000000000000000000000000000000E
:1092600000000000000000000000000000000000FE
:1092700000000000000000000000000000000000EE
:1092800000000000000000000000000000000000DE
:1092900000000000000000000000000000000000CE
:1092A00000000000000000000000000000000000BE
:1092B00000000000000000000000000000000000AE
:1092C000000000000000000000000000000000009E
:1092D000000000000000000000000000000000008E
:1092E000000000000000000000000000000000007E
:1092F000000000000000000000000000000000006E
:10930000000000000000000000000000000000005D
:10931000000000000000000000000000000000004D
:10932000000000000000000000000000000000003D
:10933000000000000000000000000000000000002D
:10934000000000000000000000000000000000001D
:10935000000000000000000000000000000000000D
:1093600000000000000000000000000000000000FD
:1093700000000000000000000000000000000000ED
:1093800000000000000000000000000000000000DD
:1093900000000000000000000000000000000000CD
:1093A00000000000000000000000000000000000BD
:1093B00000000000000000000000000000000000AD
:1093C000000000000000000000000000000000009D
:1093D000000000000000000000000000000000008D
:1093E000000000000000000000000000000000007D
:1093F000000000000000000000000000000000006D
:10940000000000000000000000000000000000005C
:10941000000000000000000000000000000000004C
:10942000000000000000000000000000000000003C
:10943000000000000000000000000000000000002C
:10944000000000000000000000000000000000001C
:10945000000000000000000000000000000000000C
:1094600000000000000000000000000000000000FC
:1094700000000000000000000000000000000000EC
:1094800000000000000000000000000000000000DC
:1094900000000000000000000000000000000000CC
:1094A00000000000000000000000000000000000BC
:1094B00000000000000000000000000000000000AC
:1094C000000000000000000000000000000000009C
:1094D000000000000000000000000000000000008C
:1094E000000000000000000000000000000000007C
:1094F0000000000000000000000101010101010165
:10950000010101010101010101010101010101014B
:10951000010101010101010101010101010101013B
:10952000010101010101010101010101010101012B
:10953000010101010101010101010101010101011B
:10954000010101010101010101010101010101010B
:1095500001010101010101010101010101010101FB
:1095600001010101010101010101010101010101EB
:1095700001010101010101010101010101010101DB
:1095800001010101010101010101010101010101CB
:1095900001010101010101010101010101010101BB
:1095A00001010101010101010101010101010101AB
:1095B000010101010101010101010101010101019B
:1095C000010101010101010101010101010101018B
:1095D000010101010101010101010101010101017B
:1095E000010101010101010101010101010101016B
:1095F000010101010101010101010101010101015B
:10960000010101010101010101010101010101014A
:10961000010101010101010101010101010101013A
:10962000010101010101010101010101010101012A
:109630000101010101010101000000000000000022
:10964000000000000000000000000000000000001A
:10965000000000000000000000000000000000000A
:1096600000000000000000000000000000000000FA
:1096700000000000000000000000000000000000EA
:1096800000000000000000000000000000000000DA
:1096900000000000000000000000000000000000CA
:1096A00000000000000000000000000000000000BA
:1096B00000000000000000000000000000000000AA
:1096C000000000000000000000000000000000009A
:1096D000000000000000000000000000000000008A
:1096E000000000000000000000000000000000007A
:1096F000000000000000000000000000000000006A
:109700000000000000000000000000000000000059
:109710000000000000000000000000000000000049
:109720000000000000000000000000000000000039
:109730000000000000000000000000000000000029
:109740000000000000000000000000000000000019
:109750000000000000000000000000000000000009
:1097600000000000000000000000000000000000F9
:1097700000000000000000000000000000000000E9
:1097800000000000000000000000000000000000D9
:1097900000000000000000000000000000000000C9
:1097A00000000000000000000000000000000000B9
:1097B00000000000000000000000000000000000A9
:1097C0000000000000000000000000000000000099
:1097D0000000000000000000000000000000000089
:1097E0000000000000000000000000000000000079
:1097F0000000000000000000000000000000000069
:109800000000000000000000000000000000000058
:109810000000000000000000000000000000000048
:109820000000000000000000000000000000000038
:109830000000000000000000000000000000000028
:109840000000000000000000000000000000000018
:109850000000000000000000000000000000000008
:1098600000000000000000000000000000000000F8
:1098700000000000000000000000000000000000E8
:1098800000000000000000000000000000000000D8
:1098900000000000000000000000000000000000C8
:1098A00000000000000000000000000000000000B8
:1098B00000000000000000000000000000000000A8
:1098C0000000000000000000000000000000000098
:1098D0000000000000000000000000000000000088
:1098E0000000000000000000000000000000000078
:1098F0000000000000000000000000000000000068
:109900000000000000000000000000000000000057
:109910000000000000000000000000000000000047
:109920000000000000000000000000000000000037
:109930000000000000000000000000000000000027
:109940000000000000000000000000000000000017
:109950000000000000000000000000000000000007
:1099600000000000000000000000000000000000F7
:1099700000000000000000000000000000000000E7
:1099800000000000000000000000000000000000D7
:1099900000000000000000000000000000000000C7
:1099A00000000000000000000000000000000000B7
:1099B00000000000000000000000000000000000A7
:1099C0000000000000000000000000000000000097
:1099D0000000000000000000000000000000000087
:1099E0000000000000000000000000000000000077
:1099F0000000000000000000000000000000000067
:109A00000000000000000000000000000000000056
:109A10000000000000000000000000000000000046
:109A20000000000000000000000000000000000036
:109A30000000000000000000000000000000000026
:109A40000000000000000000000000000000000016
:109A50000000000000000000000000000000000006
:109A600000000000000000000000000000000000F6
:109A700000000000000000000000000000000000E6
:109A800000000000000000000000000000000000D6
:109A900000000000000000000000000000000000C6
:109AA00000000000000000000000000000000000B6
:109AB00000000000000000000000000000000000A6
:109AC0000000000000000000000000000000000096
:109AD0000000000000000000000000000000000086
:109AE0000000000000000000000000000000000076
:109AF0000000000000000000000000000000000066
:109B00000000000000000000000000000000000055
:109B10000000000000000000000000000000000045
:109B20000000000000000000000000000000000035
:109B30000000000000000000000000000000000025
:109B40000000000000000000000000000000000015
:109B50000000000000000000000000000000000005
:109B600000000000000000000000000000000000F5
:109B700000000000000000000000000000000000E5
:109B800000000000000000000000000000000000D5
:109B900000000000000000000000000000000000C5
:109BA00000000000000000000000000000000000B5
:109BB00000000000000000000000000000000000A5
:109BC0000000000000000000000000000000000095
:109BD0000000000000000000000000000000000085
:109BE0000000000000000000000000000000000075
:109BF0000000000000000000000000000000000065
:109C00000000000000000000000000000000000054
:109C10000000000000000000000000000000000044
:109C20000000000000000000000000000000000034
:109C30000000000000000000000000000000000024
:109C40000000000000000000000000000000000014
:109C50000000000000000000000000000000000004
:109C600000000000000000000000000000000000F4
:109C700000000000000000000000000000000000E4
:109C800000000000000000000000000000000000D4
:109C900000000000000000000000000000000000C4
:109CA00000000000000000000000000000000000B4
:109CB00000000000000000000000000000000000A4
:109CC0000000000000000000000000000000000094
:109CD0000000000000000000000000000000000084
:109CE0000000000000000000000000000000000074
:109CF0000000000000000000000000000000000064
:109D00000000000000000000000000000000000053
:109D10000000000000000000000000000000000043
:109D20000000000000000000000000000000000033
:109D30000000000000000000000000000000000023
:109D40000000000000000000000000000000000013
:109D50000000000000000000000000000000000003
:109D600000000000000000000000000000000000F3
:109D700000000000000000000000000000000000E3
:109D800000000000000000000000000000000000D3
:109D900000000000000000000000000000000000C3
:109DA00000000000000000000000000000000000B3
:109DB00000000000000000000000000000000000A3
:109DC0000000000000000000000000000000000093
:109DD0000000000000000000000000000000000083
:109DE0000000000000000000000000000000000073
:109DF0000000000000000000000000000000000063
:109E00000000000000000000000000000000000052
:109E10000000000000000000000000000000000042
:109E20000000000000000000000000000000000032
:109E30000000000000000000000000000000000022
:109E40000000000000000000000000000000000012
:109E50000000000000000000000000000000000002
:109E600000000000000000000000000000000000F2
:109E700000000000000000000000000000000000E2
:109E800000000000000000000000000000000000D2
:109E900000000000000000000000000000000000C2
:109EA00000000000000000000000000000000000B2
:109EB00000000000000000000000000000000000A2
:109EC0000000000000000000000000000000000092
:109ED0000000000000000000000000000000000082
:109EE0000000000000000000000000000000000072
:109EF0000000000000000000000000000000000062
:109F00000000000000000000000000000000000051
:109F10000000000000000000000000000000000041
:109F20000000000000000000000000000000000031
:109F30000000000000000000000000000000000021
:109F40000000000000000000000000000000000011
:109F50000000000000000000000000000000000001
:109F600000000000000000000000000000000000F1
:109F700000000000000000000000000000000000E1
:109F800000000000000000000000000000000000D1
:109F900000000000000000000000000000000000C1
:109FA00000000000000000000000000000000000B1
:109FB00000000000000000000000000000000000A1
:109FC0000000000000000000000000000000000091
:109FD0000000000000000000010101010101010179
:109FE0000101010101010101010101010101010161
:109FF0000101010101010101010101010101010151
:10A000000101010101010101010101010101010140
:10A010000101010101010101FFFFFFFFFFFFFFFF40
:10A02000FFFFFFFFFFFFFFFFFFFFFFFFFFFFFFFF40
:10A03000FFFFFFFFFFFFFFFFFFFFFFFFFFFFFFFF30
:10A04000FFFFFFFFFFFFFFFFFFFFFFFFFFFFFFFF20
:10A05000FFFFFFFFFFFFFFFF000000000000000008
:10A0600000000000000000000000000000000000F0
:10A0700000000000000000000000000000000000E0
:10A0800000000000000000000000000000000000D0
:10A0900000000000000000000000000000000000C0
:10A0A00000000000000000000000000000000000B0
:10A0B00000000000000000000000000000000000A0
:10A0C0000000000101010101010101010101010183
:10A0D0000101010101010101010101010101010170
:10A0E000010101010101010101010101010102025E
:10A0F0000202020202020202020202020202020240
:10A10000020202020202020202020202020202022F
:10A110000202020202020202FEFEFEFEFEFEFEFE3F
:10A12000FEFEFEFEFEFEFEFEFEFEFEFEFEFEFEFE4F
:10A13000FEFEFEFEFEFEFEFEFEFEFEFEFEFEFEFE3F
:10A14000FEFEFFFFFFFFFFFFFFFFFFFFFFFFFFFF21
:10A15000FFFFFFFFFFFFFFFFFFFFFFFFFFFFFFFF0F
:10A16000FFFFFFFFFFFFFFFFFFFFFFFFFF000000FC
:10A1700000000000000000000000000000000000DF
:10A1800000000000000000000000000000000000CF
:10A1900000000000000000000000000000000000BF
:10A1A00000000000000000000000000000000000AF
:10A1B0000000000000000000010101010101010197
:10A1C000010101010101010101010101010101017F
:10A1D0000101010101010101020202020202020267
:10A1E000020202020202020202020202020202024F
:10A1F0000202020202020202030303030303030337
:10A20000030303030303030303030303030303031E
:10A210000303030303030303FDFDFDFDFDFDFDFD3E
:10A22000FDFDFDFDFDFDFDFDFDFDFDFDFDFDFDFD5E
:10A23000FDFDFDFDFDFDFDFDFEFEFEFEFEFEFEFE46
:10A24000FEFEFEFEFEFEFEFEFEFEFEFEFEFEFEFE2E
:10A25000FEFEFEFEFEFEFEFEFFFFFFFFFFFFFFFF16
:10A26000FFFFFFFFFFFFFFFFFFFFFFFFFFFFFFFFFE
:10A27000FFFFFFFFFFFFFFFF0000000000000000E6
:10A2800000000000000000000000000000000000CE
:10A2900000000000000000000000000000000000BE
:10A2A00000000000000000000000000000000000AE
:10A2B0000000010101010101010101010101010190
:10A2C000010101010101010101010101020202027A
:10A2D000020202020202020202020202020202025E
:10A2E0000202020202030303030303030303030343
:10A2F000030303030303030303030303030303042D
:10A30000040404040404040404040404040404040D
:10A310000404040404040404FCFCFCFCFCFCFCFC3D
:10A32000FCFCFCFCFCFCFCFCFCFCFCFCFCFCFCFC6D
:10A33000FCFDFDFDFDFDFDFDFDFDFDFDFDFDFDFD4E
:10A34000FDFDFDFDFDFDFDFDFDFDFDFEFEFEFEFE38
:10A35000FEFEFEFEFEFEFEFEFEFEFEFEFEFEFEFE1D
:10A36000FEFEFEFEFFFFFFFFFFFFFFFFFFFFFFFF01
:10A37000FFFFFFFFFFFFFFFFFFFFFFFFFFFF0000EB
:10A3800000000000000000000000000000000000CD
:10A3900000000000000000000000000000000000BD
:10A3A00000000000000000000000000000000101AB
:10A3B000010101010101010101010101010101018D
:10A3C0000101010202020202020202020202020270
:10A3D0000202020202020202030303030303030355
:10A3E000030303030303030303030303030304043B
:10A3F000040404040404040404040404040404041D
:10A4000004040405050505050505050505050505FF
:10A410000505050505050505FBFBFBFBFBFBFBFB3C
:10A42000FBFBFBFBFBFBFBFBFBFBFBFBFBFCFCFC79
:10A43000FCFCFCFCFCFCFCFCFCFCFCFCFCFCFCFC5C
:10A44000FCFCFDFDFDFDFDFDFDFDFDFDFDFDFDFD3E
:10A45000FDFDFDFDFDFDFDFDFEFEFEFEFEFEFEFE24
:10A46000FEFEFEFEFEFEFEFEFEFEFEFEFEFFFFFF09
:10A47000FFFFFFFFFFFFFFFFFFFFFFFFFFFFFFFFEC
:10A48000FFFF0000000000000000000000000000CE
:10A4900000000000000000000000000000000000BC
:10A4A00000000000000000000000000101010101A7
:10A4B0000101010101010101010101010102020289
:10A4C000020202020202020202020202020202036B
:10A4D000030303030303030303030303030303034C
:10A4E000030304040404040404040404040404042E
:10A4F0000404040405050505050505050505050510
:10A5000005050505050506060606060606060606F1
:10A510000606060606060606FAFAFAFAFAFAFAFA3B
:10A52000FAFAFAFAFAFAFAFAFAFAFBFBFBFBFBFB85
:10A53000FBFBFBFBFBFBFBFBFBFBFBFBFCFCFCFC67
:10A54000FCFCFCFCFCFCFCFCFCFCFCFCFCFCFDFD49
:10A55000FDFDFDFDFDFDFDFDFDFDFDFDFDFDFDFD2B
:10A56000FDFEFEFEFEFEFEFEFEFEFEFEFEFEFEFE0C
:10A57000FEFEFEFFFFFFFFFFFFFFFFFFFFFFFFFFEE
:10A58000FFFFFFFFFF0000000000000000000000D0
:10A5900000000000000000000000000000000000BB
:10A5A00000000000000000000101010101010101A3
:10A5B0000101010101010101020202020202020283
:10A5C0000202020202020202030303030303030363
:10A5D0000303030303030303040404040404040443
:10A5E0000404040404040404050505050505050523
:10A5F0000505050505050505060606060606060603
:10A6000006060606060606060707070707070707E2
:10A610000707070707070707F9F9F9F9F9F9F9F93A
:10A62000F9F9F9F9F9F9F9F9FAFAFAFAFAFAFAFA92
:10A63000FAFAFAFAFAFAFAFAFBFBFBFBFBFBFBFB72
:10A64000FBFBFBFBFBFBFBFBFCFCFCFCFCFCFCFC52
:10A65000FCFCFCFCFCFCFCFCFDFDFDFDFDFDFDFD32
:10A66000FDFDFDFDFDFDFDFDFEFEFEFEFEFEFEFE12
:10A67000FEFEFEFEFEFEFEFEFFFFFFFFFFFFFFFFF2
:10A68000FFFFFFFFFFFFFFFF0000000000000000D2
:10A6900000000000000000000000000000000000BA
:10A6A00000000000000000010101010101010101A1
:10A6B000010101010102020202020202020202027F
:10A6C000020202030303030303030303030303035D
:10A6D000030404040404040404040404040404043B
:10A6E0000505050505050505050505050505060618
:10A6F00006060606060606060606060607070707F6
:10A7000007070707070707070707080808080808D3
:10A710000808080808080808F8F8F8F8F8F8F8F839
:10A72000F8F8F8F8F8F8F9F9F9F9F9F9F9F9F9F99F
:10A73000F9F9F9F9FAFAFAFAFAFAFAFAFAFAFAFA7D
:10A74000FAFAFBFBFBFBFBFBFBFBFBFBFBFBFBFB5B
:10A75000FCFCFCFCFCFCFCFCFCFCFCFCFCFCFCFD38
:10A76000FDFDFDFDFDFDFDFDFDFDFDFDFDFEFEFE16
:10A77000FEFEFEFEFEFEFEFEFEFEFEFFFFFFFFFFF4
:10A78000FFFFFFFFFFFFFFFFFF00000000000000D2
:10A7900000000000000000000000000000000000B9
:10A7A000000000000001010101010101010101019E
:10A7B000010102020202020202020202020202037A
:10A7C0000303030303030303030303030404040455
:10A7D0000404040404040404050505050505050531
:10A7E000050505050506060606060606060606060E
:10A7F00006060707070707070707070707070708EA
:10A8000008080808080808080808080809090909C4
:10A810000909090909090909F7F7F7F7F7F7F7F738
:10A82000F7F7F7F7F8F8F8F8F8F8F8F8F8F8F8F8AC
:10A83000F8F9F9F9F9F9F9F9F9F9F9F9F9F9FAFA87
:10A84000FAFAFAFAFAFAFAFAFAFAFAFBFBFBFBFB63
:10A85000FBFBFBFBFBFBFBFBFCFCFCFCFCFCFCFC40
:10A86000FCFCFCFCFDFDFDFDFDFDFDFDFDFDFDFD1C
:10A87000FDFEFEFEFEFEFEFEFEFEFEFEFEFEFFFFF7
:10A88000FFFFFFFFFFFFFFFFFFFFFF0000000000D3
:10A8900000000000000000000000000000000000B8
:10A8A000000000000101010101010101010101019C
:10A8B0000202020202020202020202030303030373
:10A8C000030303030303030404040404040404044F
:10A8D0000404040505050505050505050505060629
:10A8E0000606060606060606060607070707070702
:10A8F00007070707070708080808080808080808DE
:10A90000080909090909090909090909090A0A0AB5
:10A910000A0A0A0A0A0A0A0AF6F6F6F6F6F6F6F637
:10A92000F6F6F6F7F7F7F7F7F7F7F7F7F7F7F7F8B9
:10A93000F8F8F8F8F8F8F8F8F8F8F9F9F9F9F9F991
:10A94000F9F9F9F9F9F9FAFAFAFAFAFAFAFAFAFA6D
:10A95000FAFAFBFBFBFBFBFBFBFBFBFBFBFCFCFC46
:10A96000FCFCFCFCFCFCFCFCFCFDFDFDFDFDFDFD20
:10A97000FDFDFDFDFDFEFEFEFEFEFEFEFEFEFEFEFC
:10A98000FFFFFFFFFFFFFFFFFFFFFFFF00000000D3
:10A9900000000000000000000000000000000000B7
:10A9A0000000000101010101010101010101020298
:10A9B000020202020202020203030303030303036F
:10A9C0000303030404040404040404040404050548
:10A9D000050505050505050506060606060606061F
:10A9E00006060607070707070707070707070808F8
:10A9F00008080808080808080909090909090909CF
:10AA00000909090A0A0A0A0A0A0A0A0A0A0A0B0BA7
:10AA10000B0B0B0B0B0B0B0BF5F5F5F5F5F5F5F536
:10AA2000F5F5F6F6F6F6F6F6F6F6F6F6F6F7F7F7C5
:10AA3000F7F7F7F7F7F7F7F7F8F8F8F8F8F8F8F89E
:10AA4000F8F8F9F9F9F9F9F9F9F9F9F9F9FAFAFA75
:10AA5000FAFAFAFAFAFAFAFAFBFBFBFBFBFBFBFB4E
:10AA6000FBFBFCFCFCFCFCFCFCFCFCFCFCFDFDFD25
:10AA7000FDFDFDFDFDFDFDFDFEFEFEFEFEFEFEFEFE
:10AA8000FEFEFFFFFFFFFFFFFFFFFFFFFF000000D5
:10AA900000000000000000000000000000000000B6
:10AAA0000000010101010101010101010202020294
:10AAB000020202020202030303030303030303036C
:10AAC0000404040404040404040405050505050540
:10AAD0000505050506060606060606060607070717
:10AAE00007070707070707080808080808080808ED
:10AAF00008090909090909090909090A0A0A0A0AC2
:10AB00000A0A0A0A0A0B0B0B0B0B0B0B0B0B0B0C99
:10AB10000C0C0C0C0C0C0C0CF4F4F4F4F4F4F4F435
:10AB2000F4F5F5F5F5F5F5F5F5F5F5F6F6F6F6F6D1
:10AB3000F6F6F6F6F6F7F7F7F7F7F7F7F7F7F7F8A9
:10AB4000F8F8F8F8F8F8F8F8F8F9F9F9F9F9F9F97E
:10AB5000F9F9F9FAFAFAFAFAFAFAFAFAFBFBFBFB54
:10AB6000FBFBFBFBFBFBFCFCFCFCFCFCFCFCFCFC2B
:10AB7000FDFDFDFDFDFDFDFDFDFDFEFEFEFEFEFEFF
:10AB8000FEFEFEFEFFFFFFFFFFFFFFFFFFFF0000D7
:10AB900000000000000000000000000000000000B5
:10ABA0000000010101010101010101020202020292
:10ABB0000202020203030303030303030304040466
:10ABC000040404040404050505050505050505063A
:10ABD000060606060606060607070707070707070D
:10ABE00007070808080808080808080909090909E2
:10ABF000090909090A0A0A0A0A0A0A0A0A0B0B0BB6
:10AC00000B0B0B0B0B0B0C0C0C0C0C0C0C0C0C0D89
:10AC10000D0D0D0D0D0D0D0DF3F3F3F3F3F3F3F334
:10AC2000F3F4F4F4F4F4F4F4F4F4F5F5F5F5F5F5DF
:10AC3000F5F5F5F6F6F6F6F6F6F6F6F6F7F7F7F7B3
:10AC4000F7F7F7F7F7F8F8F8F8F8F8F8F8F8F9F987
:10AC5000F9F9F9F9F9F9F9F9FAFAFAFAFAFAFAFA5C
:10AC6000FAFBFBFBFBFBFBFBFBFBFCFCFCFCFCFC2F
:10AC7000FCFCFCFDFDFDFDFDFDFDFDFDFEFEFEFE03
:10AC8000FEFEFEFEFEFFFFFFFFFFFFFFFFFF0000D7
:10AC900000000000000000000000000000000000B4
:10ACA000000101010101010101010202020202028F
:10ACB0000202030303030303030303040404040461
:10ACC0000404040505050505050505050606060633
:10ACD0000606060607070707070707070708080805
:10ACE00008080808080909090909090909090A0AD7
:10ACF0000A0A0A0A0A0A0B0B0B0B0B0B0B0B0B0CA9
:10AD00000C0C0C0C0C0C0C0D0D0D0D0D0D0D0D0D7A
:10AD10000E0E0E0E0E0E0E0EF2F2F2F2F2F2F2F233
:10AD2000F3F3F3F3F3F3F3F3F3F4F4F4F4F4F4F4EC
:10AD3000F4F5F5F5F5F5F5F5F5F5F6F6F6F6F6F6BE
:10AD4000F6F6F7F7F7F7F7F7F7F7F7F8F8F8F8F890
:10AD5000F8F8F8F9F9F9F9F9F9F9F9F9FAFAFAFA62
:10AD6000FAFAFAFAFBFBFBFBFBFBFBFBFBFCFCFC34
:10AD7000FCFCFCFCFCFDFDFDFDFDFDFDFDFDFEFE06
:10AD8000FEFEFEFEFEFEFFFFFFFFFFFFFFFFFF00D8
:10AD900000000000000000000000000000000000B3
:10ADA000010101010101010102020202020202028B
:10ADB000030303030303030304040404040404045B
:10ADC000050505050505050506060606060606062B
:10ADD00007070707070707070808080808080808FB
:10ADE00009090909090909090A0A0A0A0A0A0A0ACB
:10ADF0000B0B0B0B0B0B0B0B0C0C0C0C0C0C0C0C9B
:10AE00000D0D0D0D0D0D0D0D0E0E0E0E0E0E0E0E6A
:10AE10000F0F0F0F0F0F0F0FF1F1F1F1F1F1F1F132
:10AE2000F2F2F2F2F2F2F2F2F3F3F3F3F3F3F3F3FA
:10AE3000F4F4F4F4F4F4F4F4F5F5F5F5F5F5F5F5CA
:10AE4000F6F6F6F6F6F6F6F6F7F7F7F7F7F7F7F79A
:10AE5000F8F8F8F8F8F8F8F8F9F9F9F9F9F9F9F96A
:10AE6000FAFAFAFAFAFAFAFAFBFBFBFBFBFBFBFB3A
:10AE7000FCFCFCFCFCFCFCFCFDFDFDFDFDFDFDFD0A
:10AE8000FEFEFEFEFEFEFEFEFFFFFFFFFFFFFFFFDA
:10AE900000000000000000000000000000000000B2
:10AEA0000101010101010101020202020202020389
:10AEB0000303030303030304040404040404050557
:10AEC0000505050505050606060606060607070725
:10AED00007070707070808080808080809090909F3
:10AEE000090909090A0A0A0A0A0A0A0B0B0B0B0BC1
:10AEF0000B0B0B0C0C0C0C0C0C0C0D0D0D0D0D0D8F
:10AF00000D0D0E0E0E0E0E0E0E0F0F0F0F0F0F0F5C
:10AF10000F10101010101010F0F0F0F0F0F0F0F131
:10AF2000F1F1F1F1F1F1F1F2F2F2F2F2F2F2F3F306
:10AF3000F3F3F3F3F3F3F4F4F4F4F4F4F4F5F5F5D4
:10AF4000F5F5F5F5F5F6F6F6F6F6F6F6F7F7F7F7A2
:10AF5000F7F7F7F7F8F8F8F8F8F8F8F9F9F9F9F970
:10AF6000F9F9F9FAFAFAFAFAFAFAFBFBFBFBFBFB3E
:10AF7000FBFBFCFCFCFCFCFCFCFDFDFDFDFDFDFD0C
:10AF8000FDFEFEFEFEFEFEFEFFFFFFFFFFFFFFFFDA
:10AF900000000000000000000000000000000000B1
:10AFA0000101010101010102020202020202030386
:10AFB0000303030303040404040404040505050552
:10AFC000050505060606060606060707070707071E
:10AFD00007080808080808080909090909090909EA
:10AFE0000A0A0A0A0A0A0A0B0B0B0B0B0B0B0C0CB6
:10AFF0000C0C0C0C0C0D0D0D0D0D0D0D0E0E0E0E82
:10B000000E0E0E0F0F0F0F0F0F0F1010101010104D
:10B010001011111111111111EFEFEFEFEFEFEFF030
:10B02000F0F0F0F0F0F0F1F1F1F1F1F1F1F2F2F213
:10B03000F2F2F2F2F3F3F3F3F3F3F3F4F4F4F4F4DF
:10B04000F4F4F5F5F5F5F5F5F5F6F6F6F6F6F6F6AB
:10B05000F7F7F7F7F7F7F7F7F8F8F8F8F8F8F8F977
:10B06000F9F9F9F9F9F9FAFAFAFAFAFAFAFBFBFB43
:10B07000FBFBFBFBFCFCFCFCFCFCFCFDFDFDFDFD0F
:10B08000FDFDFEFEFEFEFEFEFEFFFFFFFFFFFFFFDB
:10B0900000000000000000000000000000000001AF
:10B0A0000101010101010202020202020203030383
:10B0B000030303040404040404040505050505054D
:10B0C0000506060606060606070707070707080817
:10B0D0000808080808090909090909090A0A0A0AE1
:10B0E0000A0A0A0B0B0B0B0B0B0C0C0C0C0C0C0CAC
:10B0F0000D0D0D0D0D0D0D0E0E0E0E0E0E0E0F0F75
:10B100000F0F0F0F1010101010101011111111113E
:10B110001111121212121212EEEEEEEEEEEEEFEF2F
:10B12000EFEFEFEFEFF0F0F0F0F0F0F0F1F1F1F120
:10B13000F1F1F2F2F2F2F2F2F2F3F3F3F3F3F3F3EA
:10B14000F4F4F4F4F4F4F4F5F5F5F5F5F5F6F6F6B3
:10B15000F6F6F6F6F7F7F7F7F7F7F7F8F8F8F8F87E
:10B16000F8F8F9F9F9F9F9F9FAFAFAFAFAFAFAFB48
:10B17000FBFBFBFBFBFBFCFCFCFCFCFCFCFDFDFD12
:10B18000FDFDFDFEFEFEFEFEFEFEFFFFFFFFFFFFDC
:10B19000FF000000000000000000000000000001AF
:10B1A0000101010101020202020202020303030380
:10B1B0000303040404040404050505050505050648
:10B1C0000606060606070707070707070808080810
:10B1D00008080909090909090A0A0A0A0A0A0A0BD8
:10B1E0000B0B0B0B0B0C0C0C0C0C0C0C0D0D0D0DA0
:10B1F0000D0D0E0E0E0E0E0E0F0F0F0F0F0F0F1068
:10B20000101010101011111111111111121212122F
:10B210001212131313131313EDEDEDEDEDEDEEEE2E
:10B22000EEEEEEEEEFEFEFEFEFEFEFF0F0F0F0F02D
:10B23000F0F1F1F1F1F1F1F1F2F2F2F2F2F2F3F3F5
:10B24000F3F3F3F3F4F4F4F4F4F4F4F5F5F5F5F5BD
:10B25000F5F6F6F6F6F6F6F6F7F7F7F7F7F7F8F885
:10B26000F8F8F8F8F9F9F9F9F9F9F9FAFAFAFAFA4D
:10B27000FAFBFBFBFBFBFBFBFCFCFCFCFCFCFDFD15
:10B28000FDFDFDFDFEFEFEFEFEFEFEFFFFFFFFFFDD
:10B29000FF000000000000000000000000000001AE
:10B2A000010101010102020202020203030303037E
:10B2B0000304040404040405050505050506060643
:10B2C0000606060707070707070808080808080909
:10B2D00009090909090A0A0A0A0A0A0A0B0B0B0BCF
:10B2E0000B0B0C0C0C0C0C0C0D0D0D0D0D0D0E0E96
:10B2F0000E0E0E0E0F0F0F0F0F0F1010101010105C
:10B30000111111111111121212121212131313131F
:10B310001313141414141414ECECECECECECEDED2D
:10B32000EDEDEDEDEEEEEEEEEEEEEFEFEFEFEFEF3B
:10B33000F0F0F0F0F0F0F1F1F1F1F1F1F2F2F2F2FF
:10B34000F2F2F3F3F3F3F3F3F4F4F4F4F4F4F5F5C5
:10B35000F5F5F5F5F6F6F6F6F6F6F6F7F7F7F7F78C
:10B36000F7F8F8F8F8F8F8F9F9F9F9F9F9FAFAFA52
:10B37000FAFAFAFBFBFBFBFBFBFCFCFCFCFCFCFD18
:10B38000FDFDFDFDFDFEFEFEFEFEFEFFFFFFFFFFDD
:10B39000FF000000000000000000000000000101AC
:10B3A000010101010202020202020303030303037B
:10B3B000040404040404050505050506060606063E
:10B3C0000607070707070708080808080809090902
:10B3D0000909090A0A0A0A0A0B0B0B0B0B0B0C0CC6
:10B3E0000C0C0C0C0D0D0D0D0D0D0E0E0E0E0E0E8B
:10B3F0000F0F0F0F0F0F101010101011111111114E
:10B400001112121212121213131313131314141411
:10B410001414141515151515EBEBEBEBEBECECEC2C
:10B42000ECECECEDEDEDEDEDEDEEEEEEEEEEEEEF47
:10B43000EFEFEFEFEFF0F0F0F0F0F1F1F1F1F1F10B
:10B44000F2F2F2F2F2F2F3F3F3F3F3F3F4F4F4F4CE
:10B45000F4F4F5F5F5F5F5F5F6F6F6F6F6F7F7F793
:10B46000F7F7F7F8F8F8F8F8F8F9F9F9F9F9F9FA57
:10B47000FAFAFAFAFAFBFBFBFBFBFCFCFCFCFCFC1B
:10B48000FDFDFDFDFDFDFEFEFEFEFEFEFFFFFFFFDE
:10B49000FFFF0000000000000000000000000101AC
:10B4A0000101010102020202020303030303030478
:10B4B0000404040405050505050506060606060739
:10B4C00007070707070808080808080909090909FC
:10B4D0000A0A0A0A0A0A0B0B0B0B0B0C0C0C0C0CBD
:10B4E0000C0D0D0D0D0D0E0E0E0E0E0E0F0F0F0F7F
:10B4F0000F0F101010101011111111111112121242
:10B500001212131313131313141414141415151502
:10B510001515151616161616EAEAEAEAEAEBEBEB2B
:10B52000EBEBEBECECECECECEDEDEDEDEDEDEEEE54
:10B53000EEEEEEEFEFEFEFEFEFF0F0F0F0F0F1F115
:10B54000F1F1F1F1F2F2F2F2F2F2F3F3F3F3F3F4D8
:10B55000F4F4F4F4F4F5F5F5F5F5F6F6F6F6F6F69A
:10B56000F7F7F7F7F7F8F8F8F8F8F8F9F9F9F9F95B
:10B57000F9FAFAFAFAFAFBFBFBFBFBFBFCFCFCFC1E
:10B58000FCFDFDFDFDFDFDFEFEFEFEFEFFFFFFFFDF
:10B59000FFFF0000000000000000000000000101AB
:10B5A0000101010202020202030303030303040474
:10B5B0000404040505050505060606060606070734
:10B5C00007070708080808080909090909090A0AF4
:10B5D0000A0A0A0B0B0B0B0B0C0C0C0C0C0C0D0DB4
:10B5E0000D0D0D0E0E0E0E0E0F0F0F0F0F0F101074
:10B5F0001010101111111111121212121212131334
:10B6000013131314141414141515151515151616F3
:10B610001616161717171717E9E9E9E9E9EAEAEA2A
:10B62000EAEAEBEBEBEBEBEBECECECECECEDEDED61
:10B63000EDEDEEEEEEEEEEEEEFEFEFEFEFF0F0F021
:10B64000F0F0F1F1F1F1F1F1F2F2F2F2F2F3F3F3E1
:10B65000F3F3F4F4F4F4F4F4F5F5F5F5F5F6F6F6A1
:10B66000F6F6F7F7F7F7F7F7F8F8F8F8F8F9F9F961
:10B67000F9F9FAFAFAFAFAFAFBFBFBFBFBFCFCFC21
:10B68000FCFCFDFDFDFDFDFDFEFEFEFEFEFFFFFFE1
:10B69000FFFF0000000000000000000000000101AA
:10B6A0000101010202020202030303030304040472
:10B6B000040405050505050606060606070707072F
:10B6C0000708080808080809090909090A0A0A0AEE
:10B6D0000A0B0B0B0B0B0C0C0C0C0C0D0D0D0D0DAC
:10B6E0000E0E0E0E0E0F0F0F0F0F10101010101069
:10B6F0001111111111121212121213131313131428
:10B7000014141414151515151516161616161717E4
:10B710001717171818181818E8E8E8E8E8E9E9E929
:10B72000E9E9EAEAEAEAEAEBEBEBEBEBECECECEC6E
:10B73000ECEDEDEDEDEDEEEEEEEEEEEFEFEFEFEF2B
:10B74000F0F0F0F0F0F0F1F1F1F1F1F2F2F2F2F2EA
:10B75000F3F3F3F3F3F4F4F4F4F4F5F5F5F5F5F6A7
:10B76000F6F6F6F6F7F7F7F7F7F8F8F8F8F8F8F965
:10B77000F9F9F9F9FAFAFAFAFAFBFBFBFBFBFCFC24
:10B78000FCFCFCFDFDFDFDFDFEFEFEFEFEFFFFFFE1
:10B79000FFFF0000000000000000000000010101A8
:10B7A000010102020202020303030303040404046E
:10B7B000040505050505060606060607070707072B
:10B7C000080808080809090909090A0A0A0A0A0BE7
:10B7D0000B0B0B0B0C0C0C0C0D0D0D0D0D0E0E0EA2
:10B7E0000E0E0F0F0F0F0F1010101010111111115E
:10B7F000111212121212131313131314141414141B
:10B8000015151515151616161616171717171718D6
:10B810001818181819191919E7E7E7E7E8E8E8E828
:10B82000E8E9E9E9E9E9EAEAEAEAEAEBEBEBEBEB7A
:10B83000ECECECECECEDEDEDEDEDEEEEEEEEEEEF36
:10B84000EFEFEFEFF0F0F0F0F0F1F1F1F1F1F2F2F3
:10B85000F2F2F2F3F3F3F3F3F4F4F4F4F5F5F5F5AF
:10B86000F5F6F6F6F6F6F7F7F7F7F7F8F8F8F8F86A
:10B87000F9F9F9F9F9FAFAFAFAFAFBFBFBFBFBFC26
:10B88000FCFCFCFCFDFDFDFDFDFEFEFEFEFEFFFFE3
:10B89000FFFFFF00000000000000000000010101A8
:10B8A000010102020202020303030304040404046C
:10B8B0000505050505060606060607070707080825
:10B8C00008080809090909090A0A0A0A0A0B0B0BE0
:10B8D0000B0C0C0C0C0C0D0D0D0D0D0E0E0E0E0E9A
:10B8E0000F0F0F0F10101010101111111111121253
:10B8F000121212131313131414141414151515150E
:10B9000015161616161617171717181818181819C7
:10B91000191919191A1A1A1AE6E6E6E6E7E7E7E727
:10B92000E7E8E8E8E8E8E9E9E9E9EAEAEAEAEAEB87
:10B93000EBEBEBEBECECECECECEDEDEDEDEEEEEE41
:10B94000EEEEEFEFEFEFEFF0F0F0F0F0F1F1F1F1FC
:10B95000F2F2F2F2F2F3F3F3F3F3F4F4F4F4F4F5B5
:10B96000F5F5F5F6F6F6F6F6F7F7F7F7F7F8F8F86F
:10B97000F8F8F9F9F9F9FAFAFAFAFAFBFBFBFBFB2A
:10B98000FCFCFCFCFCFDFDFDFDFEFEFEFEFEFFFFE3
:10B99000FFFFFF00000000000000000000010101A7
:10B9A0000101020202020303030303040404040569
:10B9B0000505050506060606070707070708080820
:10B9C0000808090909090A0A0A0A0A0B0B0B0B0CD9
:10B9D0000C0C0C0C0D0D0D0D0E0E0E0E0E0F0F0F90
:10B9E0000F0F101010101111111111121212121349
:10B9F0001313131314141414151515151516161600
:10BA00001616171717171818181818191919191AB8
:10BA10001A1A1A1A1B1B1B1BE5E5E5E5E6E6E6E626
:10BA2000E6E7E7E7E7E8E8E8E8E8E9E9E9E9EAEA94
:10BA3000EAEAEAEBEBEBEBEBECECECECEDEDEDED4D
:10BA4000EDEEEEEEEEEFEFEFEFEFF0F0F0F0F1F104
:10BA5000F1F1F1F2F2F2F2F2F3F3F3F3F4F4F4F4BD
:10BA6000F4F5F5F5F5F6F6F6F6F6F7F7F7F7F8F874
:10BA7000F8F8F8F9F9F9F9F9FAFAFAFAFBFBFBFB2D
:10BA8000FBFCFCFCFCFDFDFDFDFDFEFEFEFEFFFFE4
:10BA9000FFFFFF00000000000000000000010101A6
:10BAA0000102020202020303030304040404040566
:10BAB000050505060606060707070707080808081C
:10BAC00009090909090A0A0A0A0B0B0B0B0C0C0CD1
:10BAD0000C0C0D0D0D0D0E0E0E0E0E0F0F0F0F1088
:10BAE000101010101111111112121212131313133E
:10BAF00013141414141515151515161616161717F4
:10BB000017171818181818191919191A1A1A1A1AA9
:10BB10001B1B1B1B1C1C1C1CE4E4E4E4E5E5E5E525
:10BB2000E6E6E6E6E6E7E7E7E7E8E8E8E8E8E9E9A1
:10BB3000E9E9EAEAEAEAEBEBEBEBEBECECECECED57
:10BB4000EDEDEDEDEEEEEEEEEFEFEFEFF0F0F0F00D
:10BB5000F0F1F1F1F1F2F2F2F2F2F3F3F3F3F4F4C3
:10BB6000F4F4F4F5F5F5F5F6F6F6F6F7F7F7F7F77A
:10BB7000F8F8F8F8F9F9F9F9F9FAFAFAFAFBFBFB2F
:10BB8000FBFCFCFCFCFCFDFDFDFDFEFEFEFEFEFFE5
:10BB9000FFFFFF00000000000000000000010101A5
:10BBA0000102020202030303030304040404050563
:10BBB0000505060606060707070707080808080917
:10BBC0000909090A0A0A0A0B0B0B0B0B0C0C0C0CCB
:10BBD0000D0D0D0D0E0E0E0E0F0F0F0F0F1010107E
:10BBE0001011111111121212121213131313141433
:10BBF00014141515151516161616161717171718E7
:10BC0000181818191919191A1A1A1A1A1B1B1B1B9A
:10BC10001C1C1C1C1D1D1D1DE3E3E3E3E4E4E4E424
:10BC2000E5E5E5E5E6E6E6E6E6E7E7E7E7E8E8E8AE
:10BC3000E8E9E9E9E9EAEAEAEAEAEBEBEBEBECEC62
:10BC4000ECECEDEDEDEDEEEEEEEEEEEFEFEFEFF016
:10BC5000F0F0F0F1F1F1F1F1F2F2F2F2F3F3F3F3CB
:10BC6000F4F4F4F4F5F5F5F5F5F6F6F6F6F7F7F77E
:10BC7000F7F8F8F8F8F9F9F9F9F9FAFAFAFAFBFB32
:10BC8000FBFBFCFCFCFCFDFDFDFDFDFEFEFEFEFFE6
:10BC9000FFFFFF00000000000000000000010101A4
:10BCA0000102020202030303030404040405050560
:10BCB0000506060606070707070708080808090912
:10BCC00009090A0A0A0A0B0B0B0B0C0C0C0C0D0DC4
:10BCD0000D0D0E0E0E0E0F0F0F0F0F101010101176
:10BCE0001111111212121213131313141414141528
:10BCF00015151516161616171717171718181818DA
:10BD0000191919191A1A1A1A1B1B1B1B1C1C1C1C8B
:10BD10001D1D1D1D1E1E1E1EE2E2E2E2E3E3E3E323
:10BD2000E4E4E4E4E5E5E5E5E6E6E6E6E7E7E7E7BB
:10BD3000E8E8E8E8E9E9E9E9E9EAEAEAEAEBEBEB6D
:10BD4000EBECECECECEDEDEDEDEEEEEEEEEFEFEF1F
:10BD5000EFF0F0F0F0F1F1F1F1F1F2F2F2F2F3F3D1
:10BD6000F3F3F4F4F4F4F5F5F5F5F6F6F6F6F7F783
:10BD7000F7F7F8F8F8F8F9F9F9F9F9FAFAFAFAFB35
:10BD8000FBFBFBFCFCFCFCFDFDFDFDFEFEFEFEFFE7
:10BD9000FFFFFF00000000000000000001010101A2
:10BDA000020202020303030304040404050505055B
:10BDB000060606060707070708080808090909090B
:10BDC0000A0A0A0A0B0B0B0B0C0C0C0C0D0D0D0DBB
:10BDD0000E0E0E0E0F0F0F0F10101010111111116B
:10BDE000121212121313131314141414151515151B
:10BDF00016161616171717171818181819191919CB
:10BE00001A1A1A1A1B1B1B1B1C1C1C1C1D1D1D1D7A
:10BE10001E1E1E1E1F1F1F1FE1E1E1E1E2E2E2E222
:10BE2000E3E3E3E3E4E4E4E4E5E5E5E5E6E6E6E6CA
:10BE3000E7E7E7E7E8E8E8E8E9E9E9E9EAEAEAEA7A
:10BE4000EBEBEBEBECECECECEDEDEDEDEEEEEEEE2A
:10BE5000EFEFEFEFF0F0F0F0F1F1F1F1F2F2F2F2DA
:10BE6000F3F3F3F3F4F4F4F4F5F5F5F5F6F6F6F68A
:10BE7000F7F7F7F7F8F8F8F8F9F9F9F9FAFAFAFA3A
:10BE8000FBFBFBFBFCFCFCFCFDFDFDFDFEFEFEFEEA
:10BE9000FFFFFFFF000000000000000001010101A2
:10BEA000020202020303030304040404050505055A
:10BEB0000606060607070707080808090909090A08
:10BEC0000A0A0A0B0B0B0B0C0C0C0C0D0D0D0D0EB6
:10BED0000E0E0E0F0F0F0F10101011111111121264
:10BEE0001212131313131414141415151515161612
:10BEF000161617171717181818191919191A1A1AC0
:10BF00001A1B1B1B1B1C1C1C1C1D1D1D1D1E1E1E6D
:10BF10001E1F1F1F1F202020E0E0E0E1E1E1E1E221
:10BF2000E2E2E2E3E3E3E3E4E4E4E4E5E5E5E5E6D5
:10BF3000E6E6E6E7E7E7E7E8E8E8E9E9E9E9EAEA83
:10BF4000EAEAEBEBEBEBECECECECEDEDEDEDEEEE31
:10BF5000EEEEEFEFEFEFF0F0F0F1F1F1F1F2F2F2DF
:10BF6000F2F3F3F3F3F4F4F4F4F5F5F5F5F6F6F68D
:10BF7000F6F7F7F7F7F8F8F8F9F9F9F9FAFAFAFA3B
:10BF8000FBFBFBFBFCFCFCFCFDFDFDFDFEFEFEFEE9
:10BF9000FFFFFFFF000000000000000001010101A1
:10BFA0000202020203030303040404050505050657
:10BFB00006060607070707080808090909090A0A03
:10BFC0000A0A0B0B0B0B0C0C0C0D0D0D0D0E0E0EAF
:10BFD0000E0F0F0F0F10101011111111121212125B
:10BFE0001313131314141414151515161616161707
:10BFF000171717181818181919191A1A1A1A1B1BB3
:10C000001B1B1C1C1C1C1D1D1D1E1E1E1E1F1F1F5E
:10C010001F20202020212121DFDFDFE0E0E0E0E120
:10C02000E1E1E1E2E2E2E2E3E3E3E4E4E4E4E5E5E2
:10C03000E5E5E6E6E6E6E7E7E7E8E8E8E8E9E9E98E
:10C04000E9EAEAEAEAEBEBEBECECECECEDEDEDED3A
:10C05000EEEEEEEEEFEFEFEFF0F0F0F1F1F1F1F2E6
:10C06000F2F2F2F3F3F3F3F4F4F4F5F5F5F5F6F692
:10C07000F6F6F7F7F7F7F8F8F8F9F9F9F9FAFAFA3E
:10C08000FAFBFBFBFBFCFCFCFDFDFDFDFEFEFEFEEA
:10C09000FFFFFFFF000000000000000001010101A0
:10C0A0000202020303030304040404050505060653
:10C0B000060607070707080808090909090A0A0AFE
:10C0C0000A0B0B0B0C0C0C0C0D0D0D0D0E0E0E0FA8
:10C0D0000F0F0F1010101011111112121212131352
:10C0E00013131414141515151516161616171717FD
:10C0F00018181818191919191A1A1A1B1B1B1B1CA6
:10C100001C1C1C1D1D1D1E1E1E1E1F1F1F1F202050
:10C110002021212121222222DEDEDEDFDFDFDFE01F
:10C12000E0E0E1E1E1E1E2E2E2E2E3E3E3E4E4E4EE
:10C13000E4E5E5E5E5E6E6E6E7E7E7E7E8E8E8E899
:10C14000E9E9E9EAEAEAEAEBEBEBEBECECECEDED42
:10C15000EDEDEEEEEEEEEFEFEFF0F0F0F0F1F1F1ED
:10C16000F1F2F2F2F3F3F3F3F4F4F4F4F5F5F5F697
:10C17000F6F6F6F7F7F7F7F8F8F8F9F9F9F9FAFA41
:10C18000FAFAFBFBFBFCFCFCFCFDFDFDFDFEFEFEEC
:10C19000FFFFFFFF0000000000000000010101019F
:10C1A0000202020303030304040405050505060651
:10C1B0000607070707080808090909090A0A0A0AF9
:10C1C0000B0B0B0C0C0C0C0D0D0D0E0E0E0E0F0FA1
:10C1D0000F10101010111111121212121313131349
:10C1E00014141415151515161616171717171818F1
:10C1F00018191919191A1A1A1B1B1B1B1C1C1C1C99
:10C200001D1D1D1E1E1E1E1F1F1F20202020212140
:10C210002122222222232323DDDDDDDEDEDEDEDF1E
:10C22000DFDFE0E0E0E0E1E1E1E2E2E2E2E3E3E3FC
:10C23000E4E4E4E4E5E5E5E5E6E6E6E7E7E7E7E8A4
:10C24000E8E8E9E9E9E9EAEAEAEBEBEBEBECECEC4C
:10C25000EDEDEDEDEEEEEEEEEFEFEFF0F0F0F0F1F4
:10C26000F1F1F2F2F2F2F3F3F3F4F4F4F4F5F5F59C
:10C27000F6F6F6F6F7F7F7F7F8F8F8F9F9F9F9FA44
:10C28000FAFAFBFBFBFBFCFCFCFDFDFDFDFEFEFEEC
:10C29000FFFFFFFF0000000000000000010101029D
:10C2A000020202030303040404040505050606064E
:10C2B00006070707080808080909090A0A0A0A0BF5
:10C2C0000B0B0C0C0C0D0D0D0D0E0E0E0F0F0F0F9A
:10C2D0001010101111111112121213131313141440
:10C2E00014151515151616161717171718181819E7
:10C2F00019191A1A1A1A1B1B1B1C1C1C1C1D1D1D8C
:10C300001E1E1E1E1F1F1F20202020212121222231
:10C310002222232323242424DCDCDCDDDDDDDEDE1D
:10C32000DEDEDFDFDFE0E0E0E0E1E1E1E2E2E2E209
:10C33000E3E3E3E4E4E4E4E5E5E5E6E6E6E6E7E7AF
:10C34000E7E8E8E8E9E9E9E9EAEAEAEBEBEBEBEC54
:10C35000ECECEDEDEDEDEEEEEEEFEFEFEFF0F0F0FB
:10C36000F1F1F1F1F2F2F2F3F3F3F3F4F4F4F5F5A1
:10C37000F5F6F6F6F6F7F7F7F8F8F8F8F9F9F9FA46
:10C38000FAFAFAFBFBFBFCFCFCFCFDFDFDFEFEFEED
:10C39000FEFFFFFF0000000000000000010101029D
:10C3A000020202030303040404050505050606064C
:10C3B000070707080808080909090A0A0A0A0B0BEF
:10C3C0000B0C0C0C0D0D0D0D0E0E0E0F0F0F101093
:10C3D0001010111111121212131313131414141537
:10C3E00015151516161617171718181818191919DC
:10C3F0001A1A1A1B1B1B1B1C1C1C1D1D1D1D1E1E7F
:10C400001E1F1F1F20202020212121222222232322
:10C410002323242424252525DBDBDBDCDCDCDDDD1C
:10C42000DDDDDEDEDEDFDFDFE0E0E0E0E1E1E1E216
:10C43000E2E2E3E3E3E3E4E4E4E5E5E5E5E6E6E6BA
:10C44000E7E7E7E8E8E8E8E9E9E9EAEAEAEBEBEB5D
:10C45000EBECECECEDEDEDEDEEEEEEEFEFEFF0F002
:10C46000F0F0F1F1F1F2F2F2F3F3F3F3F4F4F4F5A6
:10C47000F5F5F6F6F6F6F7F7F7F8F8F8F8F9F9F94A
:10C48000FAFAFAFBFBFBFBFCFCFCFDFDFDFEFEFEED
:10C49000FEFFFFFF0000000000000000010101029C
:10C4A0000202030303030404040505050606060748
:10C4B0000707070808080909090A0A0A0A0B0B0BEB
:10C4C0000C0C0C0D0D0D0E0E0E0E0F0F0F1010108C
:10C4D000111111111212121313131414141515152E
:10C4E00015161616171717181818181919191A1AD1
:10C4F0001A1B1B1B1C1C1C1C1D1D1D1E1E1E1F1F72
:10C500001F1F202020212121222222232323232414
:10C510002424252525262626DADADADBDBDBDCDC1B
:10C52000DCDDDDDDDDDEDEDEDFDFDFE0E0E0E1E122
:10C53000E1E1E2E2E2E3E3E3E4E4E4E4E5E5E5E6C5
:10C54000E6E6E7E7E7E8E8E8E8E9E9E9EAEAEAEB66
:10C55000EBEBEBECECECEDEDEDEEEEEEEFEFEFEF09
:10C56000F0F0F0F1F1F1F2F2F2F2F3F3F3F4F4F4AB
:10C57000F5F5F5F6F6F6F6F7F7F7F8F8F8F9F9F94C
:10C58000F9FAFAFAFBFBFBFCFCFCFDFDFDFDFEFEEF
:10C59000FEFFFFFF0000000000000000010101029B
:10C5A0000202030303040404050505050606060745
:10C5B00007070808080909090A0A0A0A0B0B0B0CE5
:10C5C0000C0C0D0D0D0E0E0E0F0F0F0F1010101185
:10C5D0001111121212131313141414141515151625
:10C5E0001616171717181818191919191A1A1A1BC5
:10C5F0001B1B1C1C1C1D1D1D1E1E1E1E1F1F1F2065
:10C600002020212121222222232323232424242504
:10C610002525262626272727D9D9D9DADADADBDB1A
:10C62000DBDCDCDCDDDDDDDDDEDEDEDFDFDFE0E030
:10C63000E0E1E1E1E2E2E2E2E3E3E3E4E4E4E5E5D0
:10C64000E5E6E6E6E7E7E7E7E8E8E8E9E9E9EAEA70
:10C65000EAEBEBEBECECECECEDEDEDEEEEEEEFEF10
:10C66000EFF0F0F0F1F1F1F1F2F2F2F3F3F3F4F4B0
:10C67000F4F5F5F5F6F6F6F6F7F7F7F8F8F8F9F950
:10C68000F9FAFAFAFBFBFBFBFCFCFCFDFDFDFEFEF0
:10C69000FEFFFFFF0000000000000000010101029A
:10C6A0000202030303040404050505060606070742
:10C6B00007080808080909090A0A0A0B0B0B0C0CE1
:10C6C0000C0D0D0D0E0E0E0F0F0F1010101011117E
:10C6D000111212121313131414141515151616161D
:10C6E000171717181818181919191A1A1A1B1B1BBB
:10C6F0001C1C1C1D1D1D1E1E1E1F1F1F2020202058
:10C7000021212122222223232324242425252526F6
:10C710002626272727282828D8D8D8D9D9D9DADA19
:10C72000DADBDBDBDCDCDCDDDDDDDEDEDEDFDFDF3C
:10C73000E0E0E0E0E1E1E1E2E2E2E3E3E3E4E4E4DB
:10C74000E5E5E5E6E6E6E7E7E7E8E8E8E8E9E9E978
:10C75000EAEAEAEBEBEBECECECEDEDEDEEEEEEEF16
:10C76000EFEFF0F0F0F0F1F1F1F2F2F2F3F3F3F4B5
:10C77000F4F4F5F5F5F6F6F6F7F7F7F8F8F8F8F952
:10C78000F9F9FAFAFAFBFBFBFCFCFCFDFDFDFEFEF1
:10C79000FEFFFFFF00000000000000000101010299
:10C7A0000202030303040404050505060606070741
:10C7B000070808080909090A0A0A0B0B0B0C0C0CDC
:10C7C0000D0D0D0E0E0E0F0F0F1010101111111276
:10C7D0001212131313141414151515151616161713
:10C7E00017171818181919191A1A1A1B1B1B1C1CB1
:10C7F0001C1D1D1D1E1E1E1F1F1F2020202121214C
:10C8000022222223232324242425252526262627E5
:10C810002727282828292929D7D7D7D8D8D8D9D918
:10C82000D9DADADADBDBDBDCDCDCDDDDDDDEDEDE4B
:10C83000DFDFDFE0E0E0E1E1E1E2E2E2E3E3E3E4E5
:10C84000E4E4E5E5E5E6E6E6E7E7E7E8E8E8E9E980
:10C85000E9EAEAEAEBEBEBEBECECECEDEDEDEEEE1E
:10C86000EEEFEFEFF0F0F0F1F1F1F2F2F2F3F3F3BB
:10C87000F4F4F4F5F5F5F6F6F6F7F7F7F8F8F8F955
:10C88000F9F9FAFAFAFBFBFBFCFCFCFDFDFDFEFEF0
:10C89000FEFFFFFF00000000000000010101020296
:10C8A000020303030404040505050606060707073B
:10C8B0000808080909090A0A0A0B0B0B0C0C0C0DD5
:10C8C0000D0D0E0E0E0F0F0F101010111111121270
:10C8D000121313131414141515151616161717170B
:10C8E0001818181919191A1A1A1B1B1B1C1C1C1DA5
:10C8F0001D1D1E1E1E1F1F1F202020212121222240
:10C9000022232323242424252525262626272727DA
:10C910002828282929292A2AD6D6D7D7D7D8D8D817
:10C92000D9D9D9DADADADBDBDBDCDCDCDDDDDDDE54
:10C93000DEDEDFDFDFE0E0E0E1E1E1E2E2E2E3E3EF
:10C94000E3E4E4E4E5E5E5E6E6E6E7E7E7E8E8E88A
:10C95000E9E9E9EAEAEAEBEBEBECECECEDEDEDEE24
:10C96000EEEEEFEFEFF0F0F0F1F1F1F2F2F2F3F3BF
:10C97000F3F4F4F4F5F5F5F6F6F6F7F7F7F8F8F85A
:10C98000F9F9F9FAFAFAFBFBFBFCFCFCFDFDFDFEF4
:10C99000FEFEFFFFFF000000000000010101020297
:10C9A000020303030404040505050606060707073A
:10C9B0000808080909090A0A0B0B0B0C0C0C0D0DD1
:10C9C0000D0E0E0E0F0F0F1010101111111212126A
:10C9D0001313131414141515161616171717181801
:10C9E000181919191A1A1A1B1B1B1C1C1C1D1D1D9A
:10C9F0001E1E1E1F1F1F2020212121222222232331
:10CA000023242424252525262626272727282828C9
:10CA10002929292A2A2A2B2BD5D5D6D6D6D7D7D716
:10CA2000D8D8D8D9D9D9DADADADBDBDBDCDCDCDD63
:10CA3000DDDDDEDEDEDFDFDFE0E0E1E1E1E2E2E2FC
:10CA4000E3E3E3E4E4E4E5E5E5E6E6E6E7E7E7E893
:10CA5000E8E8E9E9E9EAEAEAEBEBECECECEDEDED2C
:10CA6000EEEEEEEFEFEFF0F0F0F1F1F1F2F2F2F3C3
:10CA7000F3F3F4F4F4F5F5F5F6F6F7F7F7F8F8F85C
:10CA8000F9F9F9FAFAFAFBFBFBFCFCFCFDFDFDFEF3
:10CA9000FEFEFFFFFF000000000000010101020296
:10CAA0000203030304040405050506060707070837
:10CAB00008080909090A0A0A0B0B0B0C0C0D0D0DCD
:10CAC0000E0E0E0F0F0F1010101111111212121363
:10CAD00013141414151515161616171717181818F9
:10CAE00019191A1A1A1B1B1B1C1C1C1D1D1D1E1E8E
:10CAF0001E1F1F1F20202121212222222323232425
:10CB000024242525252626272727282828292929BA
:10CB10002A2A2A2B2B2B2C2CD4D4D5D5D5D6D6D615
:10CB2000D7D7D7D8D8D8D9D9D9DADADBDBDBDCDC70
:10CB3000DCDDDDDDDEDEDEDFDFDFE0E0E1E1E1E206
:10CB4000E2E2E3E3E3E4E4E4E5E5E5E6E6E6E7E79D
:10CB5000E8E8E8E9E9E9EAEAEAEBEBEBECECECED32
:10CB6000EDEEEEEEEFEFEFF0F0F0F1F1F1F2F2F2C8
:10CB7000F3F3F3F4F4F5F5F5F6F6F6F7F7F7F8F85E
:10CB8000F8F9F9F9FAFAFBFBFBFCFCFCFDFDFDFEF4
:10CB9000FEFEFFFFFF000000000000010101020295
:10CBA0000203030304040505050606060707070834
:10CBB000080809090A0A0A0B0B0B0C0C0C0D0D0EC8
:10CBC0000E0E0F0F0F10101011111112121313135C
:10CBD00014141415151516161717171818181919EF
:10CBE000191A1A1A1B1B1C1C1C1D1D1D1E1E1E1F84
:10CBF0001F1F202021212122222223232324242518
:10CC0000252526262627272728282829292A2A2AAB
:10CC10002B2B2B2C2C2C2D2DD3D3D4D4D4D5D5D514
:10CC2000D6D6D6D7D7D8D8D8D9D9D9DADADADBDB7D
:10CC3000DBDCDCDDDDDDDEDEDEDFDFDFE0E0E1E111
:10CC4000E1E2E2E2E3E3E3E4E4E4E5E5E6E6E6E7A5
:10CC5000E7E7E8E8E8E9E9E9EAEAEBEBEBECECEC3A
:10CC6000EDEDEDEEEEEFEFEFF0F0F0F1F1F1F2F2CD
:10CC7000F2F3F3F4F4F4F5F5F5F6F6F6F7F7F8F861
:10CC8000F8F9F9F9FAFAFAFBFBFBFCFCFDFDFDFEF5
:10CC9000FEFEFFFFFF000000000000010101020294
:10CCA0000203030404040505050606060707080831
:10CCB000080909090A0A0B0B0B0C0C0C0D0D0D0EC3
:10CCC0000E0F0F0F10101011111112121313131455
:10CCD0001414151516161617171718181819191AE7
:10CCE0001A1A1B1B1B1C1C1D1D1D1E1E1E1F1F1F79
:10CCF000202021212122222223232324242525250B
:10CD000026262627272828282929292A2A2A2B2B9C
:10CD10002C2C2C2D2D2D2E2ED2D2D3D3D3D4D4D413
:10CD2000D5D5D6D6D6D7D7D7D8D8D8D9D9DADADA8A
:10CD3000DBDBDBDCDCDDDDDDDEDEDEDFDFDFE0E01C
:10CD4000E1E1E1E2E2E2E3E3E3E4E4E5E5E5E6E6AE
:10CD5000E6E7E7E8E8E8E9E9E9EAEAEAEBEBECEC40
:10CD6000ECEDEDEDEEEEEFEFEFF0F0F0F1F1F1F2D2
:10CD7000F2F3F3F3F4F4F4F5F5F5F6F6F7F7F7F864
:10CD8000F8F8F9F9FAFAFAFBFBFBFCFCFCFDFDFEF6
:10CD9000FEFEFFFFFF000000000000010101020293
:10CDA000030303040404050506060607070708082D
:10CDB0000909090A0A0A0B0B0C0C0C0D0D0D0E0EBD
:10CDC0000F0F0F101010111112121213131314144D
:10CDD00015151516161617171818181919191A1ADD
:10CDE0001B1B1B1C1C1C1D1D1E1E1E1F1F1F20206D
:10CDF00021212122222223232424242525252626FD
:10CE000027272728282829292A2A2A2B2B2B2C2C8C
:10CE10002D2D2D2E2E2E2F2FD1D1D2D2D2D3D3D312
:10CE2000D4D4D5D5D5D6D6D6D7D7D8D8D8D9D9D998
:10CE3000DADADBDBDBDCDCDCDDDDDEDEDEDFDFDF28
:10CE4000E0E0E1E1E1E2E2E2E3E3E4E4E4E5E5E5B8
:10CE5000E6E6E7E7E7E8E8E8E9E9EAEAEAEBEBEB48
:10CE6000ECECEDEDEDEEEEEEEFEFF0F0F0F1F1F1D8
:10CE7000F2F2F3F3F3F4F4F4F5F5F6F6F6F7F7F768
:10CE8000F8F8F9F9F9FAFAFAFBFBFCFCFCFDFDFDF8
:10CE9000FEFEFFFFFF000000000000010101020292
:10CEA000030303040404050506060607070808082B
:10CEB0000909090A0A0B0B0B0C0C0D0D0D0E0E0EB9
:10CEC0000F0F101010111111121213131314141547
:10CED0001515161616171718181819191A1A1A1BD5
:10CEE0001B1B1C1C1D1D1D1E1E1F1F1F2020202163
:10CEF00021222222232323242425252526262727F1
:10CF00002728282829292A2A2A2B2B2C2C2C2D2D7E
:10CF10002D2E2E2F2F2F3030D0D0D1D1D1D2D2D311
:10CF2000D3D3D4D4D4D5D5D6D6D6D7D7D8D8D8D9A4
:10CF3000D9D9DADADBDBDBDCDCDDDDDDDEDEDEDF32
:10CF4000DFE0E0E0E1E1E1E2E2E3E3E3E4E4E5E5C0
:10CF5000E5E6E6E6E7E7E8E8E8E9E9EAEAEAEBEB4E
:10CF6000EBECECEDEDEDEEEEEFEFEFF0F0F0F1F1DC
:10CF7000F2F2F2F3F3F3F4F4F5F5F5F6F6F7F7F76A
:10CF8000F8F8F8F9F9FAFAFAFBFBFCFCFCFDFDFDF8
:10CF9000FEFEFFFFFF000000000000010101020291
:10CFA0000303030404050505060607070708080828
:10CFB00009090A0A0A0B0B0C0C0C0D0D0E0E0E0FB4
:10CFC0000F10101011111112121313131414151540
:10CFD00015161617171718181919191A1A1A1B1BCC
:10CFE0001C1C1C1D1D1E1E1E1F1F20202021212158
:10CFF00022222323232424252525262627272728E4
:10D00000282929292A2A2A2B2B2C2C2C2D2D2E2E6F
:10D010002E2F2F3030303131CFCFD0D0D0D1D1D210
:10D02000D2D2D3D3D4D4D4D5D5D6D6D6D7D7D7D8B1
:10D03000D8D9D9D9DADADBDBDBDCDCDDDDDDDEDE3D
:10D04000DFDFDFE0E0E0E1E1E2E2E2E3E3E4E4E4C9
:10D05000E5E5E6E6E6E7E7E7E8E8E9E9E9EAEAEB55
:10D06000EBEBECECEDEDEDEEEEEFEFEFF0F0F0F1E1
:10D07000F1F2F2F2F3F3F4F4F4F5F5F6F6F6F7F76D
:10D08000F8F8F8F9F9F9FAFAFBFBFBFCFCFDFDFDF9
:10D09000FEFEFFFFFF000000000000010101020290
:10D0A0000303030404050505060607070708080926
:10D0B00009090A0A0B0B0B0C0C0D0D0D0E0E0F0FB0
:10D0C0000F1010111111121213131314141515153A
:10D0D000161617171718181919191A1A1B1B1B1CC3
:10D0E0001C1D1D1D1E1E1F1F1F202021212122224D
:10D0F00023232324242525252626272727282829D6
:10D1000029292A2A2B2B2B2C2C2D2D2D2E2E2F2F5F
:10D110002F30303131313232CECECFCFCFD0D0D10F
:10D12000D1D1D2D2D3D3D3D4D4D5D5D5D6D6D7D7BF
:10D13000D7D8D8D9D9D9DADADBDBDBDCDCDDDDDD49
:10D14000DEDEDFDFDFE0E0E1E1E1E2E2E3E3E3E4D2
:10D15000E4E5E5E5E6E6E7E7E7E8E8E9E9E9EAEA5C
:10D16000EBEBEBECECEDEDEDEEEEEFEFEFF0F0F1E5
:10D17000F1F1F2F2F3F3F3F4F4F5F5F5F6F6F7F76F
:10D18000F7F8F8F9F9F9FAFAFBFBFBFCFCFDFDFDF9
:10D19000FEFEFFFFFF00000000000001010202028E
:10D1A0000303040404050506060607070808080922
:10D1B000090A0A0A0B0B0C0C0D0D0D0E0E0F0F0FAA
:10D1C0001010111111121213131314141515151632
:10D1D00016171717181819191A1A1A1B1B1C1C1CBA
:10D1E0001D1D1E1E1E1F1F20202021212222222342
:10D1F00023242424252526262727272828292929CA
:10D200002A2A2B2B2B2C2C2D2D2D2E2E2F2F2F3051
:10D210003031313132323333CDCDCECECFCFCFD00E
:10D22000D0D1D1D1D2D2D3D3D3D4D4D5D5D5D6D6CB
:10D23000D7D7D7D8D8D9D9D9DADADBDBDCDCDCDD53
:10D24000DDDEDEDEDFDFE0E0E0E1E1E2E2E2E3E3DB
:10D25000E4E4E4E5E5E6E6E6E7E7E8E8E9E9E9EA63
:10D26000EAEBEBEBECECEDEDEDEEEEEFEFEFF0F0EB
:10D27000F1F1F1F2F2F3F3F3F4F4F5F5F6F6F6F773
:10D28000F7F8F8F8F9F9FAFAFAFBFBFCFCFCFDFDFB
:10D29000FEFEFEFFFF00000000000001010202028E
:10D2A000030304040405050606070707080809091F
:10D2B000090A0A0B0B0C0C0C0D0D0E0E0E0F0F10A5
:10D2C000101011111212131313141415151516162C
:10D2D000171718181819191A1A1A1B1B1C1C1C1DB1
:10D2E0001D1E1E1F1F1F2020212121222223232437
:10D2F00024242525262626272728282829292A2ABE
:10D300002B2B2B2C2C2D2D2D2E2E2F2F3030303142
:10D310003132323233333434CCCCCDCDCECECECF0D
:10D32000CFD0D0D0D1D1D2D2D3D3D3D4D4D5D5D5D8
:10D33000D6D6D7D7D8D8D8D9D9DADADADBDBDCDC5D
:10D34000DCDDDDDEDEDFDFDFE0E0E1E1E1E2E2E3E4
:10D35000E3E4E4E4E5E5E6E6E6E7E7E8E8E8E9E96A
:10D36000EAEAEBEBEBECECEDEDEDEEEEEFEFF0F0EF
:10D37000F0F1F1F2F2F2F3F3F4F4F4F5F5F6F6F776
:10D38000F7F7F8F8F9F9F9FAFAFBFBFCFCFCFDFDFC
:10D39000FEFEFEFFFF00000000000001010202028D
:10D3A000030304040505050606070708080809091C
:10D3B0000A0A0A0B0B0C0C0D0D0D0E0E0F0F1010A0
:10D3C0001011111212121313141415151516161725
:10D3D0001718181819191A1A1B1B1B1C1C1D1D1DA8
:10D3E0001E1E1F1F2020202121222223232324242C
:10D3F0002525252626272728282829292A2A2B2BB0
:10D400002B2C2C2D2D2D2E2E2F2F30303031313234
:10D410003233333334343535CBCBCCCCCDCDCDCE0C
:10D42000CECFCFD0D0D0D1D1D2D2D3D3D3D4D4D5E4
:10D43000D5D5D6D6D7D7D8D8D8D9D9DADADBDBDB69
:10D44000DCDCDDDDDDDEDEDFDFE0E0E0E1E1E2E2ED
:10D45000E3E3E3E4E4E5E5E5E6E6E7E7E8E8E8E971
:10D46000E9EAEAEBEBEBECECEDEDEEEEEEEFEFF0F4
:10D47000F0F0F1F1F2F2F3F3F3F4F4F5F5F6F6F679
:10D48000F7F7F8F8F8F9F9FAFAFBFBFBFCFCFDFDFD
:10D49000FEFEFEFFFF00000000000001010202038B
:10D4A0000303040405050606060707080809090919
:10D4B0000A0A0B0B0C0C0C0D0D0E0E0F0F0F10109B
:10D4C000111112121213131414151515161617171D
:10D4D00018181819191A1A1B1B1B1C1C1D1D1E1E9F
:10D4E0001E1F1F2020212121222223232424242522
:10D4F000252626272727282829292A2A2A2B2B2CA4
:10D500002C2D2D2D2E2E2F2F303030313132323325
:10D510003333343435353636CACACBCBCCCCCDCD0B
:10D52000CDCECECFCFD0D0D0D1D1D2D2D3D3D3D4F1
:10D53000D4D5D5D6D6D6D7D7D8D8D9D9D9DADADB73
:10D54000DBDCDCDCDDDDDEDEDFDFDFE0E0E1E1E2F5
:10D55000E2E2E3E3E4E4E5E5E5E6E6E7E7E8E8E878
:10D56000E9E9EAEAEBEBEBECECEDEDEEEEEEEFEFFA
:10D57000F0F0F1F1F1F2F2F3F3F4F4F4F5F5F6F67C
:10D58000F7F7F7F8F8F9F9FAFAFAFBFBFCFCFDFDFE
:10D59000FDFEFEFFFF00000000000001010202038B
:10D5A0000303040405050606070707080809090A16
:10D5B0000A0A0B0B0C0C0D0D0E0E0E0F0F10101196
:10D5C0001111121213131414151515161617171816
:10D5D000181819191A1A1B1B1C1C1C1D1D1E1E1F96
:10D5E0001F1F202021212222232323242425252616
:10D5F00026262727282829292A2A2A2B2B2C2C2D96
:10D600002D2D2E2E2F2F3030313131323233333415
:10D610003434353536363737C9C9CACACBCBCCCC0A
:10D62000CCCDCDCECECFCFCFD0D0D1D1D2D2D3D3FF
:10D63000D3D4D4D5D5D6D6D6D7D7D8D8D9D9DADA7F
:10D64000DADBDBDCDCDDDDDDDEDEDFDFE0E0E1E1FF
:10D65000E1E2E2E3E3E4E4E4E5E5E6E6E7E7E8E87F
:10D66000E8E9E9EAEAEBEBEBECECEDEDEEEEEFEFFF
:10D67000EFF0F0F1F1F2F2F2F3F3F4F4F5F5F6F67F
:10D68000F6F7F7F8F8F9F9F9FAFAFBFBFCFCFDFDFF
:10D69000FDFEFEFFFF00000000000001010202038A
:10D6A0000304040405050606070708080809090A13
:10D6B0000A0B0B0C0C0C0D0D0E0E0F0F1010101191
:10D6C000111212131314141415151616171718180F
:10D6D0001819191A1A1B1B1C1C1C1D1D1E1E1F1F8E
:10D6E000202020212122222323242424252526260C
:10D6F000272728282829292A2A2B2B2C2C2C2D2D8A
:10D700002E2E2F2F30303031313232333334343407
:10D710003535363637373838C8C8C9C9CACACBCB09
:10D72000CCCCCCCDCDCECECFCFD0D0D0D1D1D2D20B
:10D73000D3D3D4D4D4D5D5D6D6D7D7D8D8D8D9D989
:10D74000DADADBDBDCDCDCDDDDDEDEDFDFE0E0E007
:10D75000E1E1E2E2E3E3E4E4E4E5E5E6E6E7E7E885
:10D76000E8E8E9E9EAEAEBEBECECECEDEDEEEEEF04
:10D77000EFF0F0F0F1F1F2F2F3F3F4F4F4F5F5F682
:10D78000F6F7F7F8F8F8F9F9FAFAFBFBFCFCFCFD00
:10D79000FDFEFEFFFF000000000000010102020389
:10D7A0000304040405050606070708080909090A11
:10D7B0000A0B0B0C0C0D0D0E0E0E0F0F101011118D
:10D7C0001212131313141415151616171718181808
:10D7D00019191A1A1B1B1C1C1D1D1D1E1E1F1F2084
:10D7E0002021212122222323242425252626262701
:10D7F00027282829292A2A2B2B2B2C2C2D2D2E2E7D
:10D800002F2F3030303131323233333434353535F7
:10D810003636373738383939C7C7C8C8C9C9CACA08
:10D82000CBCBCBCCCCCDCDCECECFCFD0D0D0D1D119
:10D83000D2D2D3D3D4D4D5D5D5D6D6D7D7D8D8D994
:10D84000D9DADADADBDBDCDCDDDDDEDEDFDFDFE010
:10D85000E0E1E1E2E2E3E3E3E4E4E5E5E6E6E7E78D
:10D86000E8E8E8E9E9EAEAEBEBECECEDEDEDEEEE09
:10D87000EFEFF0F0F1F1F2F2F2F3F3F4F4F5F5F684
:10D88000F6F7F7F7F8F8F9F9FAFAFBFBFCFCFCFD00
:10D89000FDFEFEFFFF000000000000010102020388
:10D8A00003040405050506060707080809090A0A0E
:10D8B0000B0B0B0C0C0D0D0E0E0F0F101011111188
:10D8C0001212131314141515161617171718181902
:10D8D000191A1A1B1B1C1C1D1D1D1E1E1F1F20207C
:10D8E00021212222232323242425252626272728F5
:10D8F000282929292A2A2B2B2C2C2D2D2E2E2F2F6F
:10D900002F303031313232333334343535353636E9
:10D910003737383839393A3AC6C6C7C7C8C8C9C907
:10D92000CACACBCBCBCCCCCDCDCECECFCFD0D0D125
:10D93000D1D1D2D2D3D3D4D4D5D5D6D6D7D7D7D8A0
:10D94000D8D9D9DADADBDBDCDCDDDDDDDEDEDFDF1A
:10D95000E0E0E1E1E2E2E3E3E3E4E4E5E5E6E6E793
:10D96000E7E8E8E9E9E9EAEAEBEBECECEDEDEEEE0D
:10D97000EFEFEFF0F0F1F1F2F2F3F3F4F4F5F5F587
:10D98000F6F6F7F7F8F8F9F9FAFAFBFBFBFCFCFD01
:10D99000FDFEFEFFFF000000000000010102020387
:10D9A00003040405050606070707080809090A0A0B
:10D9B0000B0B0C0C0D0D0E0E0F0F0F101011111282
:10D9C00012131314141515161616171718181919FB
:10D9D0001A1A1B1B1C1C1D1D1E1E1E1F1F20202172
:10D9E00021222223232424252525262627272828EB
:10D9F00029292A2A2B2B2C2C2D2D2D2E2E2F2F3062
:10DA000030313132323333343434353536363737DA
:10DA1000383839393A3A3B3BC5C5C6C6C7C7C8C806
:10DA2000C9C9CACACBCBCCCCCCCDCDCECECFCFD032
:10DA3000D0D1D1D2D2D3D3D3D4D4D5D5D6D6D7D7AB
:10DA4000D8D8D9D9DADADBDBDBDCDCDDDDDEDEDF22
:10DA5000DFE0E0E1E1E2E2E2E3E3E4E4E5E5E6E69B
:10DA6000E7E7E8E8E9E9EAEAEAEBEBECECEDEDEE12
:10DA7000EEEFEFF0F0F1F1F1F2F2F3F3F4F4F5F58B
:10DA8000F6F6F7F7F8F8F9F9F9FAFAFBFBFCFCFD02
:10DA9000FDFEFEFFFF000000000000010102020386
:10DAA000030404050506060707080809090A0A0A07
:10DAB0000B0B0C0C0D0D0E0E0F0F1010111112127E
:10DAC0001313141414151516161717181819191AF4
:10DAD0001A1B1B1C1C1D1D1E1E1E1F1F202021216A
:10DAE00022222323242425252626272728282829DF
:10DAF000292A2A2B2B2C2C2D2D2E2E2F2F30303156
:10DB000031323232333334343535363637373838CC
:10DB100039393A3A3B3B3C3CC4C4C5C5C6C6C7C705
:10DB2000C8C8C9C9CACACBCBCCCCCDCDCECECECF3E
:10DB3000CFD0D0D1D1D2D2D3D3D4D4D5D5D6D6D7B5
:10DB4000D7D8D8D8D9D9DADADBDBDCDCDDDDDEDE2C
:10DB5000DFDFE0E0E1E1E2E2E2E3E3E4E4E5E5E6A1
:10DB6000E6E7E7E8E8E9E9EAEAEBEBECECECEDED17
:10DB7000EEEEEFEFF0F0F1F1F2F2F3F3F4F4F5F58D
:10DB8000F6F6F6F7F7F8F8F9F9FAFAFBFBFCFCFD04
:10DB9000FDFEFEFFFF000000000000010102020385
:10DBA000030404050506060707080809090A0A0B05
:10DBB0000B0C0C0D0D0E0E0F0F0F10101111121279
:10DBC00013131414151516161717181819191A1AED
:10DBD0001B1B1C1C1D1D1E1E1F1F1F202021212260
:10DBE0002223232424252526262727282829292AD5
:10DBF0002A2B2B2C2C2D2D2E2E2E2F2F3030313149
:10DC000032323333343435353636373738383939BC
:10DC10003A3A3B3B3C3C3D3DC3C3C4C4C5C5C6C604
:10DC2000C7C7C8C8C9C9CACACBCBCCCCCDCDCECE4C
:10DC3000CFCFD0D0D1D1D2D2D2D3D3D4D4D5D5D6C0
:10DC4000D6D7D7D8D8D9D9DADADBDBDCDCDDDDDE34
:10DC5000DEDFDFE0E0E1E1E1E2E2E3E3E4E4E5E5A9
:10DC6000E6E6E7E7E8E8E9E9EAEAEBEBECECEDED1C
:10DC7000EEEEEFEFF0F0F1F1F1F2F2F3F3F4F4F590
:10DC8000F5F6F6F7F7F8F8F9F9FAFAFBFBFCFCFD04
:10DC9000FDFEFEFFFF000000000000010102020384
:10DCA000030404050506060707080809090A0A0B04
:10DCB0000B0C0C0D0D0E0E0F0F1010111112121374
:10DCC000131414151516161717181819191A1A1BE4
:10DCD0001B1C1C1D1D1E1E1F1F1F20202121222258
:10DCE00023232424252526262727282829292A2ACC
:10DCF0002B2B2C2C2D2D2E2E2F2F3030313132323C
:10DD000033333434353536363737383839393A3AAB
:10DD10003B3B3C3C3D3D3E3EC2C2C3C3C4C4C5C503
:10DD2000C6C6C7C7C8C8C9C9CACACBCBCCCCCDCD5B
:10DD3000CECECFCFD0D0D1D1D2D2D3D3D4D4D5D5CB
:10DD4000D6D6D7D7D8D8D9D9DADADBDBDCDCDDDD3B
:10DD5000DEDEDFDFE0E0E1E1E1E2E2E3E3E4E4E5AF
:10DD6000E5E6E6E7E7E8E8E9E9EAEAEBEBECECED23
:10DD7000EDEEEEEFEFF0F0F1F1F2F2F3F3F4F4F593
:10DD8000F5F6F6F7F7F8F8F9F9FAFAFBFBFCFCFD03
:10DD9000FDFEFEFFFF000000000001010202030380
:10DDA0000404050506060707080809090A0A0B0BFB
:10DDB0000C0C0D0D0E0E0F0F10101111121213136B
:10DDC0001414151516161717181819191A1A1B1BDB
:10DDD0001C1C1D1D1E1E1F1F20202121222223234B
:10DDE0002424252526262727282829292A2A2B2BBB
:10DDF0002C2C2D2D2E2E2F2F30303131323233332B
:10DE00003434353536363737383839393A3A3B3B9A
:10DE10003C3C3D3D3E3E3F3FC1C1C2C2C3C3C4C402
:10DE2000C5C5C6C6C7C7C8C8C9C9CACACBCBCCCC6A
:10DE3000CDCDCECECFCFD0D0D1D1D2D2D3D3D4D4DA
:10DE4000D5D5D6D6D7D7D8D8D9D9DADADBDBDCDC4A
:10DE5000DDDDDEDEDFDFE0E0E1E1E2E2E3E3E4E4BA
:10DE6000E5E5E6E6E7E7E8E8E9E9EAEAEBEBECEC2A
:10DE7000EDEDEEEEEFEFF0F0F1F1F2F2F3F3F4F49A
:10DE8000F5F5F6F6F7F7F8F8F9F9FAFAFBFBFCFC0A
:10DE9000FDFDFEFEFFFF0000000001010202030382
:10DEA0000404050506060707080809090A0A0B0BFA
:10DEB0000C0C0D0D0E0E0F0F10101111121213136A
:10DEC0001414151516161717181819191A1A1B1BDA
:10DED0001C1C1D1D1E1E1F1F202121222223232446
:10DEE00024252526262727282829292A2A2B2B2CB2
:10DEF0002C2D2D2E2E2F2F30303131323233333422
:10DF000034353536363737383839393A3A3B3B3C91
:10DF10003C3D3D3E3E3F3F40C0C1C1C2C2C3C3C401
:10DF2000C4C5C5C6C6C7C7C8C8C9C9CACACBCBCC71
:10DF3000CCCDCDCECECFCFD0D0D1D1D2D2D3D3D4E1
:10DF4000D4D5D5D6D6D7D7D8D8D9D9DADADBDBDC51
:10DF5000DCDDDDDEDEDFDFE0E1E1E2E2E3E3E4E4BD
:10DF6000E5E5E6E6E7E7E8E8E9E9EAEAEBEBECEC29
:10DF7000EDEDEEEEEFEFF0F0F1F1F2F2F3F3F4F499
:10DF8000F5F5F6F6F7F7F8F8F9F9FAFAFBFBFCFC09
:10DF9000FDFDFEFEFFFF0000000001010202030381
:10DFA0000404050506060707080809090A0A0B0BF9
:10DFB0000C0C0D0D0E0E0F0F101111121213131465
:10DFC00014151516161717181819191A1A1B1B1CD1
:10DFD0001C1D1D1E1E1F1F2021212222232324243D
:10DFE000252526262727282829292A2A2B2B2C2CA9
:10DFF0002D2D2E2E2F2F3030313232333334343515
:10E000003536363737383839393A3A3B3B3C3C3D80
:10E010003D3E3E3F3F404041BFC0C0C1C1C2C2C300
:10E02000C3C4C4C5C5C6C6C7C7C8C8C9C9CACACB80
:10E03000CBCCCCCDCDCECECFD0D0D1D1D2D2D3D3EC
:10E04000D4D4D5D5D6D6D7D7D8D8D9D9DADADBDB58
:10E05000DCDCDDDDDEDEDFDFE0E1E1E2E2E3E3E4C4
:10E06000E4E5E5E6E6E7E7E8E8E9E9EAEAEBEBEC30
:10E07000ECEDEDEEEEEFEFF0F1F1F2F2F3F3F4F49C
:10E08000F5F5F6F6F7F7F8F8F9F9FAFAFBFBFCFC08
:10E09000FDFDFEFEFFFF0000000001010202030380
:10E0A0000404050506060707080809090A0A0B0CF7
:10E0B0000C0D0D0E0E0F0F10101111121213131460
:10E0C000141515161717181819191A1A1B1B1C1CCA
:10E0D0001D1D1E1E1F1F2020212222232324242534
:10E0E0002526262727282829292A2A2B2B2C2D2D9F
:10E0F0002E2E2F2F30303131323233333434353508
:10E10000363637383839393A3A3B3B3C3C3D3D3E70
:10E110003E3F3F4040414142BEBFBFC0C0C1C1C2FF
:10E12000C2C3C3C4C4C5C5C6C6C7C7C8C8C9CACA8E
:10E13000CBCBCCCCCDCDCECECFCFD0D0D1D1D2D2F7
:10E14000D3D3D4D5D5D6D6D7D7D8D8D9D9DADADB60
:10E15000DBDCDCDDDDDEDEDFE0E0E1E1E2E2E3E3CB
:10E16000E4E4E5E5E6E6E7E7E8E8E9E9EAEBEBEC35
:10E17000ECEDEDEEEEEFEFF0F0F1F1F2F2F3F3F49F
:10E18000F4F5F6F6F7F7F8F8F9F9FAFAFBFBFCFC08
:10E19000FDFDFEFEFFFF000000000101020203037F
:10E1A00004040505060607070809090A0A0B0B0CF3
:10E1B0000C0D0D0E0E0F0F1011111212131314145B
:10E1C0001515161617171818191A1A1B1B1C1C1DC3
:10E1D0001D1E1E1F1F20202122222323242425252B
:10E1E00026262727282829292A2B2B2C2C2D2D2E93
:10E1F0002E2F2F30303131323333343435353636FB
:10E200003737383839393A3A3B3C3C3D3D3E3E3F62
:10E210003F40404141424243BDBEBEBFBFC0C0C1FE
:10E22000C1C2C2C3C3C4C4C5C6C6C7C7C8C8C9C99A
:10E23000CACACBCBCCCCCDCDCECFCFD0D0D1D1D202
:10E24000D2D3D3D4D4D5D5D6D7D7D8D8D9D9DADA6A
:10E25000DBDBDCDCDDDDDEDEDFE0E0E1E1E2E2E3D2
:10E26000E3E4E4E5E5E6E6E7E8E8E9E9EAEAEBEB3A
:10E27000ECECEDEDEEEEEFEFF0F1F1F2F2F3F3F4A2
:10E28000F4F5F5F6F6F7F7F8F9F9FAFAFBFBFCFC0A
:10E29000FDFDFEFEFFFF000000000101020203037E
:10E2A00004040505060707080809090A0A0B0B0CF0
:10E2B0000C0D0E0E0F0F1010111112121313141556
:10E2C0001516161717181819191A1A1B1C1C1D1DBC
:10E2D0001E1E1F1F20202121222323242425252622
:10E2E0002627272828292A2A2B2B2C2C2D2D2E2E89
:10E2F0002F2F3031313232333334343535363637EF
:10E30000383839393A3A3B3B3C3C3D3D3E3F3F4053
:10E310004041414242434344BCBDBDBEBEBFBFC0FD
:10E32000C0C1C1C2C3C3C4C4C5C5C6C6C7C7C8C8A7
:10E33000C9CACACBCBCCCCCDCDCECECFCFD0D1D10C
:10E34000D2D2D3D3D4D4D5D5D6D6D7D8D8D9D9DA72
:10E35000DADBDBDCDCDDDDDEDFDFE0E0E1E1E2E2D9
:10E36000E3E3E4E4E5E6E6E7E7E8E8E9E9EAEAEB3F
:10E37000EBECEDEDEEEEEFEFF0F0F1F1F2F2F3F4A5
:10E38000F4F5F5F6F6F7F7F8F8F9F9FAFBFBFCFC0B
:10E39000FDFDFEFEFFFF000000000101020203037D
:10E3A00004040506060707080809090A0A0B0C0CED
:10E3B0000D0D0E0E0F0F1010111212131314141551
:10E3C00015161617181819191A1A1B1B1C1C1D1EB6
:10E3D0001E1F1F2020212122232324242525262619
:10E3E00027272829292A2A2B2B2C2C2D2D2E2F2F7D
:10E3F00030303131323233333435353636373738E1
:10E400003839393A3B3B3C3C3D3D3E3E3F3F404145
:10E410004142424343444445BBBCBCBDBDBEBEBFFC
:10E42000BFC0C1C1C2C2C3C3C4C4C5C5C6C7C7C8B3
:10E43000C8C9C9CACACBCBCCCDCDCECECFCFD0D018
:10E44000D1D1D2D3D3D4D4D5D5D6D6D7D7D8D9D97C
:10E45000DADADBDBDCDCDDDDDEDFDFE0E0E1E1E2E0
:10E46000E2E3E4E4E5E5E6E6E7E7E8E8E9EAEAEB43
:10E47000EBECECEDEDEEEEEFF0F0F1F1F2F2F3F3A8
:10E48000F4F4F5F6F6F7F7F8F8F9F9FAFAFBFCFC0C
:10E49000FDFDFEFEFFFF000000000101020203037C
:10E4A00004040506060707080809090A0B0B0C0CEB
:10E4B0000D0D0E0E0F10101111121213131415154D
:10E4C000161617171818191A1A1B1B1C1C1D1D1EAF
:10E4D0001F1F202021212222232424252526262710
:10E4E000272829292A2A2B2B2C2C2D2E2E2F2F3072
:10E4F00030313132333334343535363637383839D4
:10E50000393A3A3B3B3C3D3D3E3E3F3F4040414235
:10E510004243434444454546BABBBBBCBCBDBDBEFB
:10E52000BEBFC0C0C1C1C2C2C3C3C4C5C5C6C6C7C1
:10E53000C7C8C8C9CACACBCBCCCCCDCDCECFCFD023
:10E54000D0D1D1D2D2D3D4D4D5D5D6D6D7D7D8D985
:10E55000D9DADADBDBDCDCDDDEDEDFDFE0E0E1E1E7
:10E56000E2E3E3E4E4E5E5E6E6E7E8E8E9E9EAEA48
:10E57000EBEBECEDEDEEEEEFEFF0F0F1F2F2F3F3AA
:10E58000F4F4F5F5F6F7F7F8F8F9F9FAFAFBFCFC0C
:10E59000FDFDFEFEFFFF000000000101020203037B
:10E5A000040505060607070809090A0A0B0B0C0CE7
:10E5B0000D0E0E0F0F101011121213131414151547
:10E5C000161717181819191A1B1B1C1C1D1D1E1EA7
:10E5D0001F20202121222223242425252626272707
:10E5E0002829292A2A2B2B2C2D2D2E2E2F2F303067
:10E5F00031323233333434353636373738383939C7
:10E600003A3B3B3C3C3D3D3E3F3F40404141424226
:10E610004344444545464647B9BABABBBBBCBCBDFA
:10E62000BEBEBFBFC0C0C1C1C2C3C3C4C4C5C5C6CE
:10E63000C7C7C8C8C9C9CACACBCCCCCDCDCECECF2E
:10E64000D0D0D1D1D2D2D3D3D4D5D5D6D6D7D7D88E
:10E65000D9D9DADADBDBDCDCDDDEDEDFDFE0E0E1EE
:10E66000E2E2E3E3E4E4E5E5E6E7E7E8E8E9E9EA4E
:10E67000EBEBECECEDEDEEEEEFF0F0F1F1F2F2F3AE
:10E68000F4F4F5F5F6F6F7F7F8F9F9FAFAFBFBFC0E
:10E69000FDFDFEFEFFFF000000000101020203037A
:10E6A000040505060607070809090A0A0B0B0C0DE5
:10E6B0000D0E0E0F0F101111121213131415151643
:10E6C0001617171819191A1A1B1B1C1D1D1E1E1FA1
:10E6D0001F202121222223232425252626272728FF
:10E6E00029292A2A2B2B2C2D2D2E2E2F2F3031315C
:10E6F00032323333343535363637373839393A3ABA
:10E700003B3B3C3D3D3E3E3F3F4041414242434317
:10E710004445454646474748B8B9B9BABABBBBBCF9
:10E72000BDBDBEBEBFBFC0C1C1C2C2C3C3C4C5C5DB
:10E73000C6C6C7C7C8C9C9CACACBCBCCCDCDCECE39
:10E74000CFCFD0D1D1D2D2D3D3D4D5D5D6D6D7D797
:10E75000D8D9D9DADADBDBDCDDDDDEDEDFDFE0E1F4
:10E76000E1E2E2E3E3E4E5E5E6E6E7E7E8E9E9EA52
:10E77000EAEBEBECEDEDEEEEEFEFF0F1F1F2F2F3B0
:10E78000F3F4F5F5F6F6F7F7F8F9F9FAFAFBFBFC0E
:10E79000FDFDFEFEFFFF0000000001010202030478
:10E7A000040505060607080809090A0A0B0C0C0DE2
:10E7B0000D0E0F0F1010111112131314141515163E
:10E7C00017171818191A1A1B1B1C1C1D1E1E1F1F99
:10E7D00020202122222323242525262627272829F5
:10E7E000292A2A2B2B2C2D2D2E2E2F2F3031313252
:10E7F000323334343535363637383839393A3A3BAE
:10E800003C3C3D3D3E3F3F40404141424343444408
:10E810004545464747484849B7B8B8B9B9BABBBBF8
:10E82000BCBCBDBDBEBFBFC0C0C1C1C2C3C3C4C4E8
:10E83000C5C6C6C7C7C8C8C9CACACBCBCCCCCDCE43
:10E84000CECFCFD0D1D1D2D2D3D3D4D5D5D6D6D79F
:10E85000D7D8D9D9DADADBDBDCDDDDDEDEDFE0E0FC
:10E86000E1E1E2E2E3E4E4E5E5E6E6E7E8E8E9E958
:10E87000EAEBEBECECEDEDEEEFEFF0F0F1F1F2F3B3
:10E88000F3F4F4F5F6F6F7F7F8F8F9FAFAFBFBFC0F
:10E89000FCFDFEFEFFFF0000000001010202030478
:10E8A000040505060707080809090A0B0B0C0C0DDF
:10E8B0000E0E0F0F10101112121313141515161639
:10E8C00017181819191A1A1B1C1C1D1D1E1F1F2092
:10E8D00020212122232324242526262727282929ED
:10E8E0002A2A2B2B2C2D2D2E2E2F30303131323247
:10E8F00033343435353637373838393A3A3B3B3CA0
:10E900003C3D3E3E3F3F40414142424343444545FA
:10E91000464647484849494AB6B7B7B8B8B9BABAF7
:10E92000BBBBBCBDBDBEBEBFBFC0C1C1C2C2C3C4F4
:10E93000C4C5C5C6C6C7C8C8C9C9CACBCBCCCCCD4F
:10E94000CECECFCFD0D0D1D2D2D3D3D4D5D5D6D6A8
:10E95000D7D7D8D9D9DADADBDCDCDDDDDEDFDFE002
:10E96000E0E1E1E2E3E3E4E4E5E6E6E7E7E8E8E95D
:10E97000EAEAEBEBECEDEDEEEEEFF0F0F1F1F2F2B6
:10E98000F3F4F4F5F5F6F7F7F8F8F9F9FAFBFBFC10
:10E99000FCFDFEFEFFFF0000000001010202030477
:10E9A0000405050607070808090A0A0B0B0C0D0DDC
:10E9B0000E0E0F1010111112131314141515161733
:10E9C000171818191A1A1B1B1C1D1D1E1E1F20208C
:10E9D0002121222323242425262627272828292AE3
:10E9E0002A2B2B2C2D2D2E2E2F303031313233333C
:10E9F000343435363637373839393A3A3B3B3C3D93
:10EA00003D3E3E3F404041414243434444454646EB
:10EA100047474849494A4A4BB5B6B6B7B7B8B9B9F6
:10EA2000BABABBBCBCBDBDBEBFBFC0C0C1C2C2C301
:10EA3000C3C4C5C5C6C6C7C7C8C9C9CACACBCCCC5A
:10EA4000CDCDCECFCFD0D0D1D2D2D3D3D4D5D5D6B1
:10EA5000D6D7D8D8D9D9DADADBDCDCDDDDDEDFDF0A
:10EA6000E0E0E1E2E2E3E3E4E5E5E6E6E7E8E8E961
:10EA7000E9EAEBEBECECEDEDEEEFEFF0F0F1F2F2BA
:10EA8000F3F3F4F5F5F6F6F7F8F8F9F9FAFBFBFC11
:10EA9000FCFDFEFEFFFF0000000001010203030475
:10EAA0000405060607070809090A0A0B0C0C0D0DD8
:10EAB0000E0F0F101011121213131415151616172E
:10EAC000181819191A1B1B1C1C1D1E1E1F1F202184
:10EAD00021222223242425252627272828292A2ADB
:10EAE0002B2B2C2D2D2E2E2F303031313233333431
:10EAF0003435363637373839393A3A3B3C3C3D3D88
:10EB00003E3F3F40404142424343444545464647DD
:10EB1000484849494A4B4B4CB4B5B5B6B7B7B8B8F5
:10EB2000B9BABABBBBBCBDBDBEBEBFC0C0C1C1C20D
:10EB3000C3C3C4C4C5C6C6C7C7C8C9C9CACACBCC63
:10EB4000CCCDCDCECFCFD0D0D1D2D2D3D3D4D5D5BA
:10EB5000D6D6D7D8D8D9D9DADBDBDCDCDDDEDEDF10
:10EB6000DFE0E1E1E2E2E3E4E4E5E5E6E7E7E8E867
:10EB7000E9EAEAEBEBECEDEDEEEEEFF0F0F1F1F2BD
:10EB8000F3F3F4F4F5F6F6F7F7F8F9F9FAFAFBFC13
:10EB9000FCFDFDFEFFFF0000000001010203030475
:10EBA0000405060607070809090A0A0B0C0C0D0ED6
:10EBB0000E0F0F101111121213141415151617172A
:10EBC0001818191A1A1B1C1C1D1D1E1F1F2020217E
:10EBD000222223232425252627272828292A2A2BD1
:10EBE0002B2C2D2D2E2E2F30303131323333343526
:10EBF00035363637383839393A3B3B3C3C3D3E3E7A
:10EC00003F3F4041414243434444454646474748CD
:10EC100049494A4A4B4C4C4DB3B4B4B5B6B6B7B7F4
:10EC2000B8B9B9BABABBBCBCBDBDBEBFBFC0C1C11B
:10EC3000C2C2C3C4C4C5C5C6C7C7C8C8C9CACACB6F
:10EC4000CBCCCDCDCECFCFD0D0D1D2D2D3D3D4D5C3
:10EC5000D5D6D6D7D8D8D9D9DADBDBDCDDDDDEDE18
:10EC6000DFE0E0E1E1E2E3E3E4E4E5E6E6E7E8E86B
:10EC7000E9E9EAEBEBECECEDEEEEEFEFF0F1F1F2BF
:10EC8000F2F3F4F4F5F6F6F7F7F8F9F9FAFAFBFC13
:10EC9000FCFDFDFEFFFF0000000001010203030474
:10ECA0000405060607080809090A0B0B0C0C0D0ED3
:10ECB0000E0F101011111213131414151616171825
:10ECC0001819191A1B1B1C1D1D1E1E1F2020212177
:10ECD000222323242525262627282829292A2B2BC9
:10ECE0002C2D2D2E2E2F303031313233333435351B
:10ECF0003636373838393A3A3B3B3C3D3D3E3E3F6D
:10ED000040404142424343444545464647484849BE
:10ED10004A4A4B4B4C4D4D4EB2B3B3B4B5B5B6B6F3
:10ED2000B7B8B8B9BABABBBBBCBDBDBEBEBFC0C028
:10ED3000C1C2C2C3C3C4C5C5C6C6C7C8C8C9CACA7A
:10ED4000CBCBCCCDCDCECFCFD0D0D1D2D2D3D3D4CC
:10ED5000D5D5D6D7D7D8D8D9DADADBDBDCDDDDDE1E
:10ED6000DFDFE0E0E1E2E2E3E3E4E5E5E6E7E7E870
:10ED7000E8E9EAEAEBECECEDEDEEEFEFF0F0F1F2C2
:10ED8000F2F3F4F4F5F5F6F7F7F8F8F9FAFAFBFC14
:10ED9000FCFDFDFEFFFF0000000001010203030473
:10EDA00005050606070808090A0A0B0B0C0D0D0ECF
:10EDB0000F0F10101112121314141515161717181F
:10EDC00019191A1A1B1C1C1D1E1E1F1F202121226F
:10EDD0002323242425262627282829292A2B2B2CBF
:10EDE0002D2D2E2E2F30303132323333343535360F
:10EDF00037373838393A3A3B3C3C3D3D3E3F3F405F
:10EE00004141424243444445464647474849494AAE
:10EE10004B4B4C4C4D4E4E4FB1B2B2B3B4B4B5B5F2
:10EE2000B6B7B7B8B9B9BABABBBCBCBDBEBEBFBF36
:10EE3000C0C1C1C2C3C3C4C4C5C6C6C7C8C8C9C986
:10EE4000CACBCBCCCDCDCECECFD0D0D1D2D2D3D3D6
:10EE5000D4D5D5D6D7D7D8D8D9DADADBDCDCDDDD26
:10EE6000DEDFDFE0E1E1E2E2E3E4E4E5E6E6E7E776
:10EE7000E8E9E9EAEBEBECECEDEEEEEFF0F0F1F1C6
:10EE8000F2F3F3F4F5F5F6F6F7F8F8F9FAFAFBFB16
:10EE9000FCFDFDFEFFFF0000000001010203030472
:10EEA00005050606070808090A0A0B0C0C0D0D0ECD
:10EEB0000F0F10111112121314141516161718181B
:10EEC00019191A1B1B1C1D1D1E1F1F202021222269
:10EED00023242425252627272829292A2B2B2C2CB7
:10EEE0002D2E2E2F30303131323333343535363705
:10EEF000373838393A3A3B3C3C3D3E3E3F3F404153
:10EF0000414243434444454646474848494A4A4BA0
:10EF10004B4C4D4D4E4F4F50B0B1B1B2B3B3B4B5F1
:10EF2000B5B6B6B7B8B8B9BABABBBCBCBDBDBEBF42
:10EF3000BFC0C1C1C2C2C3C4C4C5C6C6C7C8C8C990
:10EF4000C9CACBCBCCCDCDCECFCFD0D0D1D2D2D3DE
:10EF5000D4D4D5D5D6D7D7D8D9D9DADBDBDCDCDD2C
:10EF6000DEDEDFE0E0E1E1E2E3E3E4E5E5E6E7E77A
:10EF7000E8E8E9EAEAEBECECEDEEEEEFEFF0F1F1C8
:10EF8000F2F3F3F4F4F5F6F6F7F8F8F9FAFAFBFB16
:10EF9000FCFDFDFEFFFF0000000001010203030471
:10EFA00005050607070808090A0A0B0C0C0D0E0ECA
:10EFB0000F10101111121313141515161717181816
:10EFC000191A1A1B1C1C1D1E1E1F20202121222362
:10EFD000232425252627272829292A2A2B2C2C2DAE
:10EFE0002E2E2F30303131323333343535363737FA
:10EFF0003839393A3A3B3C3C3D3E3E3F4040414146
:10F000004243434445454647474849494A4A4B4C91
:10F010004C4D4E4E4F505051AFB0B0B1B2B2B3B4F0
:10F02000B4B5B6B6B7B7B8B9B9BABBBBBCBDBDBE4F
:10F03000BFBFC0C0C1C2C2C3C4C4C5C6C6C7C7C89B
:10F04000C9C9CACBCBCCCDCDCECFCFD0D0D1D2D2E7
:10F05000D3D4D4D5D6D6D7D7D8D9D9DADBDBDCDD33
:10F06000DDDEDFDFE0E0E1E2E2E3E4E4E5E6E6E77F
:10F07000E8E8E9E9EAEBEBECEDEDEEEFEFF0F0F1CB
:10F08000F2F2F3F4F4F5F6F6F7F8F8F9F9FAFBFB17
:10F09000FCFDFDFEFFFF0000000001010203030470
:10F0A00005050607070809090A0B0B0C0C0D0E0EC7
:10F0B0000F10101112121314141516161717181911
:10F0C000191A1B1B1C1D1D1E1F1F2021212223235B
:10F0D0002424252626272828292A2A2B2C2C2D2EA5
:10F0E0002E2F2F30313132333334353536373738F0
:10F0F00039393A3B3B3C3C3D3E3E3F404041424239
:10F1000043444445464647474849494A4B4B4C4D82
:10F110004D4E4F4F50515152AEAFAFB0B1B1B2B3EF
:10F12000B3B4B5B5B6B7B7B8B9B9BABABBBCBCBD5C
:10F13000BEBEBFC0C0C1C2C2C3C4C4C5C5C6C7C7A6
:10F14000C8C9C9CACBCBCCCDCDCECFCFD0D1D1D2EF
:10F15000D2D3D4D4D5D6D6D7D8D8D9DADADBDCDC3A
:10F16000DDDDDEDFDFE0E1E1E2E3E3E4E5E5E6E784
:10F17000E7E8E9E9EAEAEBECECEDEEEEEFF0F0F1CE
:10F18000F2F2F3F4F4F5F5F6F7F7F8F9F9FAFBFB18
:10F19000FCFDFDFEFFFF000000000101020303046F
:10F1A00005050607070809090A0B0B0C0D0D0E0FC4
:10F1B0000F1011111213131415151616171818190C
:10F1C0001A1A1B1C1C1D1E1E1F2020212222232454
:10F1D00024252626272828292A2A2B2B2C2D2D2E9C
:10F1E0002F2F3031313233333435353637373839E4
:10F1F000393A3B3B3C3D3D3E3F3F4040414242432C
:10F200004444454646474848494A4A4B4C4C4D4E73
:10F210004E4F505051525253ADAEAEAFB0B0B1B2EE
:10F22000B2B3B4B4B5B6B6B7B8B8B9BABABBBCBC69
:10F23000BDBEBEBFC0C0C1C1C2C3C3C4C5C5C6C7B1
:10F24000C7C8C9C9CACBCBCCCDCDCECFCFD0D1D1F9
:10F25000D2D3D3D4D5D5D6D6D7D8D8D9DADADBDC41
:10F26000DCDDDEDEDFE0E0E1E2E2E3E4E4E5E6E689
:10F27000E7E8E8E9EAEAEBEBECEDEDEEEFEFF0F1D1
:10F28000F1F2F3F3F4F5F5F6F7F7F8F9F9FAFBFB19
:10F29000FCFDFDFEFFFF000000000101020303046E
:10F2A00005050607070809090A0B0B0C0D0D0E0FC3
:10F2B0000F10111112131314151516171718191909
:10F2C0001A1B1B1C1D1D1E1F1F202121222323244E
:10F2D00025252627272829292A2B2B2C2D2D2E2F93
:10F2E0002F303131323333343535363737383939D9
:10F2F0003A3B3B3C3D3D3E3F3F404141424343441E
:10F3000045454647474849494A4B4B4C4D4D4E4F62
:10F310004F50515152535354ACADADAEAFAFB0B1ED
:10F32000B1B2B3B3B4B5B5B6B7B7B8B9B9BABBBB78
:10F33000BCBDBDBEBFBFC0C1C1C2C3C3C4C5C5C6BD
:10F34000C7C7C8C9C9CACBCBCCCDCDCECFCFD0D102
:10F35000D1D2D3D3D4D5D5D6D7D7D8D9D9DADBDB48
:10F36000DCDDDDDEDFDFE0E1E1E2E3E3E4E5E5E68D
:10F37000E7E7E8E9E9EAEBEBECEDEDEEEFEFF0F1D2
:10F38000F1F2F3F3F4F5F5F6F7F7F8F9F9FAFBFB18
:10F39000FCFDFDFEFFFF000000000102020304046B
:10F3A000050606070808090A0A0B0C0C0D0E0E0FBD
:10F3B0001010111212131414151616171818191A02
:10F3C0001A1B1C1C1D1E1E1F202021222223242448
:10F3D000252626272828292A2B2B2C2D2D2E2F2F8A
:10F3E0003031313233333435353637373839393ACD
:10F3F0003B3B3C3D3D3E3F3F404141424343444512
:10F40000454647474849494A4B4B4C4D4D4E4F4F57
:10F410005051515253535455ABACADADAEAFAFB0EC
:10F42000B1B1B2B3B3B4B5B5B6B7B7B8B9B9BABB81
:10F43000BBBCBDBDBEBFBFC0C1C1C2C3C3C4C5C5C7
:10F44000C6C7C7C8C9C9CACBCBCCCDCDCECFCFD00C
:10F45000D1D1D2D3D3D4D5D5D6D7D8D8D9DADADB4F
:10F46000DCDCDDDEDEDFE0E0E1E2E2E3E4E4E5E691
:10F47000E6E7E8E8E9EAEAEBECECEDEEEEEFF0F0D7
:10F48000F1F2F2F3F4F4F5F6F6F7F8F8F9FAFAFB1C
:10F49000FCFCFDFEFEFF000000000102020304046C
:10F4A000050606070808090A0A0B0C0C0D0E0E0FBC
:10F4B0001010111213131415151617171819191AFD
:10F4C0001B1B1C1D1D1E1F1F202121222324242540
:10F4D0002626272828292A2A2B2C2C2D2E2E2F3081
:10F4E00030313232333435353637373839393A3BC3
:10F4F0003B3C3D3D3E3F3F40414142434344454606
:10F5000046474848494A4A4B4C4C4D4E4E4F505046
:10F510005152525354545556AAABACACADAEAEAFEB
:10F52000B0B0B1B2B2B3B4B4B5B6B6B7B8B8B9BA90
:10F53000BABBBCBDBDBEBFBFC0C1C1C2C3C3C4C5D1
:10F54000C5C6C7C7C8C9C9CACBCBCCCDCECECFD014
:10F55000D0D1D2D2D3D4D4D5D6D6D7D8D8D9DADA56
:10F56000DBDCDCDDDEDFDFE0E1E1E2E3E3E4E5E597
:10F57000E6E7E7E8E9E9EAEBEBECEDEDEEEFF0F0DA
:10F58000F1F2F2F3F4F4F5F6F6F7F8F8F9FAFAFB1B
:10F59000FCFCFDFEFEFF000000000102020304046B
:10F5A000050606070808090A0B0B0C0D0D0E0F0FB8
:10F5B00010111112131314151616171818191A1AF8
:10F5C0001B1C1C1D1E1E1F20212122232324252538
:10F5D0002627272829292A2B2C2C2D2E2E2F303078
:10F5E000313232333434353637373839393A3B3BB8
:10F5F0003C3D3D3E3F3F40414242434444454646F8
:10F60000474848494A4A4B4C4D4D4E4F4F50515137
:10F610005253535455555657A9AAABABACADADAEEA
:10F62000AFAFB0B1B1B2B3B3B4B5B6B6B7B8B8B99D
:10F63000BABABBBCBCBDBEBEBFC0C1C1C2C3C3C4DD
:10F64000C5C5C6C7C7C8C9C9CACBCCCCCDCECECF1D
:10F65000D0D0D1D2D2D3D4D4D5D6D7D7D8D9D9DA5D
:10F66000DBDBDCDDDDDEDFDFE0E1E2E2E3E4E4E59D
:10F67000E6E6E7E8E8E9EAEAEBECEDEDEEEFEFF0DD
:10F68000F1F1F2F3F3F4F5F5F6F7F8F8F9FAFAFB1D
:10F69000FCFCFDFEFEFF000000000102020304046A
:10F6A000050606070809090A0B0B0C0D0D0E0F0FB6
:10F6B00010111212131414151616171819191A1BF3
:10F6C0001B1C1D1D1E1F1F20212222232424252632
:10F6D00026272829292A2B2B2C2D2D2E2F2F303170
:10F6E0003232333434353636373839393A3B3B3CAD
:10F6F0003D3D3E3F3F4041424243444445464647EC
:10F700004849494A4B4B4C4D4D4E4F4F5051525228
:10F710005354545556565758A8A9AAAAABACACADE9
:10F72000AEAEAFB0B1B1B2B3B3B4B5B5B6B7B7B8AA
:10F73000B9BABABBBCBCBDBEBEBFC0C1C1C2C3C3E7
:10F74000C4C5C5C6C7C7C8C9CACACBCCCCCDCECE26
:10F75000CFD0D1D1D2D3D3D4D5D5D6D7D7D8D9DA63
:10F76000DADBDCDCDDDEDEDFE0E1E1E2E3E3E4E5A1
:10F77000E5E6E7E7E8E9EAEAEBECECEDEEEEEFF0E0
:10F78000F1F1F2F3F3F4F5F5F6F7F7F8F9FAFAFB1D
:10F79000FCFCFDFEFEFF0000000001020203040469
:10F7A000050607070809090A0B0B0C0D0E0E0F10B2
:10F7B000101112121314151516171718191A1A1BEF
:10F7C0001C1C1D1E1E1F202121222323242525262B
:10F7D000272828292A2A2B2C2D2D2E2F2F30313166
:10F7E00032333434353636373838393A3B3B3C3DA2
:10F7F0003D3E3F3F404142424344444546474748DF
:10F8000049494A4B4B4C4D4E4E4F5050515252531A
:10F810005455555657575859A7A8A9A9AAABABACE8
:10F82000ADAEAEAFB0B0B1B2B2B3B4B5B5B6B7B7B6
:10F83000B8B9B9BABBBCBCBDBEBEBFC0C1C1C2C3F2
:10F84000C3C4C5C5C6C7C8C8C9CACACBCCCCCDCE2F
:10F85000CFCFD0D1D1D2D3D3D4D5D6D6D7D8D8D96B
:10F86000DADBDBDCDDDDDEDFDFE0E1E2E2E3E4E4A6
:10F87000E5E6E6E7E8E9E9EAEBEBECEDEEEEEFF0E2
:10F88000F0F1F2F2F3F4F5F5F6F7F7F8F9F9FAFB1F
:10F89000FCFCFDFEFEFF0000000001020203040468
:10F8A000050607070809090A0B0C0C0D0E0E0F10B0
:10F8B000111112131314151616171818191A1B1BE9
:10F8C0001C1D1D1E1F1F2021222223242425262724
:10F8D000272829292A2B2C2C2D2E2E2F303131325E
:10F8E000333334353636373838393A3B3B3C3D3D97
:10F8F0003E3F3F40414242434444454647474849D2
:10F90000494A4B4C4C4D4E4E4F505151525353540B
:10F91000555656575858595AA6A7A8A8A9AAAAABE7
:10F92000ACADADAEAFAFB0B1B2B2B3B4B4B5B6B7C3
:10F93000B7B8B9B9BABBBCBCBDBEBEBFC0C1C1C2FD
:10F94000C3C3C4C5C5C6C7C8C8C9CACACBCCCDCD38
:10F95000CECFCFD0D1D2D2D3D4D4D5D6D7D7D8D971
:10F96000D9DADBDCDCDDDEDEDFE0E1E1E2E3E3E4AB
:10F97000E5E5E6E7E8E8E9EAEAEBECEDEDEEEFEFE6
:10F98000F0F1F2F2F3F4F4F5F6F7F7F8F9F9FAFB1F
:10F99000FCFCFDFEFEFF0000000001020203040566
:10F9A0000506070708090A0A0B0C0C0D0E0F0F10AD
:10F9B000111112131414151617171819191A1B1CE4
:10F9C0001C1D1E1E1F20212122232324252626271D
:10F9D0002828292A2B2B2C2D2E2E2F303031323354
:10F9E0003334353536373838393A3A3B3C3D3D3E8D
:10F9F0003F3F404142424344454546474748494AC4
:10FA00004A4B4C4C4D4E4F4F5051515253545455FC
:10FA10005656575859595A5BA5A6A7A7A8A9AAAAE6
:10FA2000ABACACADAEAFAFB0B1B1B2B3B4B4B5B6D0
:10FA3000B6B7B8B9B9BABBBBBCBDBEBEBFC0C1C109
:10FA4000C2C3C3C4C5C6C6C7C8C8C9CACBCBCCCD40
:10FA5000CDCECFD0D0D1D2D2D3D4D5D5D6D7D8D879
:10FA6000D9DADADBDCDDDDDEDFDFE0E1E2E2E3E4B0
:10FA7000E4E5E6E7E7E8E9E9EAEBECECEDEEEFEFE9
:10FA8000F0F1F1F2F3F4F4F5F6F6F7F8F9F9FAFB20
:10FA9000FBFCFDFEFEFF0000000001020203040566
:10FAA0000506070708090A0A0B0C0D0D0E0F0F10AB
:10FAB0001112121314151516171718191A1A1B1CE0
:10FAC0001D1D1E1F1F202122222324252526272716
:10FAD00028292A2A2B2C2D2D2E2F2F30313232334C
:10FAE00034353536373738393A3A3B3C3D3D3E3F81
:10FAF0003F404142424344454546474748494A4AB8
:10FB00004B4C4D4D4E4F4F505152525354555556EC
:10FB1000575758595A5A5B5CA4A5A6A6A7A8A9A9E5
:10FB2000AAABABACADAEAEAFB0B1B1B2B3B3B4B5DE
:10FB3000B6B6B7B8B9B9BABBBBBCBDBEBEBFC0C113
:10FB4000C1C2C3C3C4C5C6C6C7C8C9C9CACBCBCC4A
:10FB5000CDCECECFD0D1D1D2D3D3D4D5D6D6D7D87F
:10FB6000D9D9DADBDBDCDDDEDEDFE0E1E1E2E3E3B5
:10FB7000E4E5E6E6E7E8E9E9EAEBEBECEDEEEEEFEB
:10FB8000F0F1F1F2F3F3F4F5F6F6F7F8F9F9FAFB20
:10FB9000FBFCFDFEFEFF0000000001020203040565
:10FBA0000506070808090A0B0B0C0D0D0E0F1010A7
:10FBB0001112131314151616171818191A1B1B1CDB
:10FBC0001D1E1E1F2021212223232425262627280F
:10FBD00029292A2B2C2C2D2E2F2F30313132333442
:10FBE000343536373738393A3A3B3C3C3D3E3F3F77
:10FBF000404142424344454546474748494A4A4BAB
:10FC00004C4D4D4E4F5050515252535455555657DE
:10FC10005858595A5B5B5C5DA3A4A5A5A6A7A8A8E4
:10FC2000A9AAABABACADAEAEAFB0B0B1B2B3B3B4EA
:10FC3000B5B6B6B7B8B9B9BABBBBBCBDBEBEBFC01E
:10FC4000C1C1C2C3C4C4C5C6C6C7C8C9C9CACBCC52
:10FC5000CCCDCECFCFD0D1D1D2D3D4D4D5D6D7D787
:10FC6000D8D9DADADBDCDDDDDEDFDFE0E1E2E2E3BA
:10FC7000E4E5E5E6E7E8E8E9EAEAEBECEDEDEEEFEE
:10FC8000F0F0F1F2F3F3F4F5F5F6F7F8F8F9FAFB22
:10FC9000FBFCFDFEFEFF0000000001020203040564
:10FCA0000506070808090A0B0B0C0D0E0E0F1011A4
:10FCB0001112131414151617171819191A1B1C1CD6
:10FCC0001D1E1F1F20212222232425252627282808
:10FCD000292A2B2B2C2D2E2E2F303031323333343A
:10FCE000353636373839393A3B3C3C3D3E3F3F406C
:10FCF0004142424344454546474748494A4A4B4C9E
:10FD00004D4D4E4F505051525353545556565758CF
:10FD100059595A5B5C5C5D5EA2A3A4A4A5A6A7A7E3
:10FD2000A8A9AAAAABACADADAEAFB0B0B1B2B3B3F7
:10FD3000B4B5B6B6B7B8B9B9BABBBBBCBDBEBEBF29
:10FD4000C0C1C1C2C3C4C4C5C6C7C7C8C9CACACB5B
:10FD5000CCCDCDCECFD0D0D1D2D2D3D4D5D5D6D78D
:10FD6000D8D8D9DADBDBDCDDDEDEDFE0E1E1E2E3BF
:10FD7000E4E4E5E6E7E7E8E9E9EAEBECECEDEEEFF1
:10FD8000EFF0F1F2F2F3F4F5F5F6F7F8F8F9FAFB23
:10FD9000FBFCFDFEFEFF0000000001020303040562
:10FDA0000606070809090A0B0C0C0D0E0F0F10119F
:10FDB00012121314151516171818191A1B1B1C1DCF
:10FDC0001E1E1F20212122232424252627272829FF
:10FDD0002A2A2B2C2D2D2E2F30303132333334352F
:10FDE0003636373839393A3B3C3C3D3E3F3F40415F
:10FDF00042424344454546474848494A4B4B4C4D8F
:10FE00004E4E4F50515152535454555657575859BE
:10FE10005A5A5B5C5D5D5E5FA1A2A3A3A4A5A6A6E2
:10FE2000A7A8A9A9AAABACACADAEAFAFB0B1B2B206
:10FE3000B3B4B5B5B6B7B8B8B9BABBBBBCBDBEBE36
:10FE4000BFC0C1C1C2C3C4C4C5C6C7C7C8C9CACA66
:10FE5000CBCCCDCDCECFD0D0D1D2D3D3D4D5D6D696
:10FE6000D7D8D9D9DADBDCDCDDDEDFDFE0E1E2E2C6
:10FE7000E3E4E5E5E6E7E8E8E9EAEBEBECEDEEEEF6
:10FE8000EFF0F1F1F2F3F4F4F5F6F7F7F8F9FAFA26
:10FE9000FBFCFDFDFEFF0000000001020303040562
:10FEA0000606070809090A0B0C0C0D0E0F0F10119E
:10FEB00012121314151516171819191A1B1C1C1DCC
:10FEC0001E1F1F20212222232425252627282829FA
:10FED0002A2B2B2C2D2E2E2F303132323334353528
:10FEE00036373838393A3B3B3C3D3E3E3F40414156
:10FEF000424344444546474748494A4B4B4C4D4E84
:10FF00004E4F505151525354545556575758595AB1
:10FF10005A5B5C5D5D5E5F60A0A1A2A3A3A4A5A6E1
:10FF2000A6A7A8A9A9AAABACACADAEAFAFB0B1B211
:10FF3000B2B3B4B5B5B6B7B8B9B9BABBBCBCBDBE3F
:10FF4000BFBFC0C1C2C2C3C4C5C5C6C7C8C8C9CA6D
:10FF5000CBCBCCCDCECECFD0D1D2D2D3D4D5D5D69B
:10FF6000D7D8D8D9DADBDBDCDDDEDEDFE0E1E1E2C9
:10FF7000E3E4E4E5E6E7E7E8E9EAEBEBECEDEEEEF7
:10FF8000EFF0F1F1F2F3F4F4F5F6F7F7F8F9FAFA25
:10FF9000FBFCFDFDFEFF0000000001020303040561
:10FFA0000606070809090A0B0C0D0D0E0F1010119B
:10FFB000121313141516161718191A1A1B1C1D1DC7
:10FFC0001E1F202021222323242526272728292AF3
:10FFD0002A2B2C2D2D2E2F3031313233343435361F
:10FFE000373738393A3A3B3C3D3E3E3F404141424B
:10FFF0004344444546474748494A4B4B4C4D4E4E77
:020000040803EF
:100000004F505151525354545556575858595A5BA2
:100010005B5C5D5E5E5F60619FA0A1A2A2A3A4A5E0
:10002000A5A6A7A8A8A9AAABACACADAEAFAFB0B11E
:10003000B2B2B3B4B5B5B6B7B8B9B9BABBBCBCBD4A
:10004000BEBFBFC0C1C2C2C3C4C5C6C6C7C8C9C976
:10005000CACBCCCCCDCECFCFD0D1D2D3D3D4D5D6A2
:10006000D6D7D8D9D9DADBDCDDDDDEDFE0E0E1E2CE
:10007000E3E3E4E5E6E6E7E8E9EAEAEBECEDEDEEFA
:10008000EFF0F0F1F2F3F3F4F5F6F7F7F8F9FAFA26
:10009000FBFCFDFDFEFF0000000001020303040560
:1000A00006060708090A0A0B0C0D0D0E0F10111198
:1000B000121314141516171718191A1B1B1C1D1EC2
:1000C0001E1F202122222324252526272828292AED
:1000D0002B2C2C2D2E2F2F30313233333435363616
:1000E0003738393A3A3B3C3D3D3E3F404041424340
:1000F00044444546474748494A4B4B4C4D4E4E4F6A
:10010000505151525354555556575858595A5B5C93
:100110005C5D5E5F5F6061629E9FA0A1A1A2A3A4DF
:10012000A4A5A6A7A8A8A9AAABABACADAEAFAFB02B
:10013000B1B2B2B3B4B5B5B6B7B8B9B9BABBBCBC55
:10014000BDBEBFC0C0C1C2C3C3C4C5C6C6C7C8C97F
:10015000CACACBCCCDCDCECFD0D1D1D2D3D4D4D5A9
:10016000D6D7D8D8D9DADBDBDCDDDEDEDFE0E1E2D2
:10017000E2E3E4E5E5E6E7E8E9E9EAEBECECEDEEFD
:10018000EFEFF0F1F2F3F3F4F5F6F6F7F8F9FAFA27
:10019000FBFCFDFDFEFF000000000102030304055F
:1001A00006070708090A0A0B0C0D0E0E0F10111195
:1001B000121314151516171819191A1B1C1C1D1EBD
:1001C0001F202021222323242526272728292A2AE5
:1001D0002B2C2D2E2E2F303132323334353536370D
:1001E0003839393A3B3C3C3D3E3F40404142434335
:1001F000444546474748494A4B4B4C4D4E4E4F505D
:100200005152525354555556575859595A5B5C5C84
:100210005D5E5F60606162639D9E9FA0A0A1A2A3DE
:10022000A4A4A5A6A7A7A8A9AAABABACADAEAEAF38
:10023000B0B1B2B2B3B4B5B5B6B7B8B9B9BABBBC60
:10024000BDBDBEBFC0C0C1C2C3C4C4C5C6C7C7C888
:10025000C9CACBCBCCCDCECECFD0D1D2D2D3D4D5B0
:10026000D6D6D7D8D9D9DADBDCDDDDDEDFE0E0E1D8
:10027000E2E3E4E4E5E6E7E7E8E9EAEBEBECEDEE00
:10028000EFEFF0F1F2F2F3F4F5F6F6F7F8F9F9FA28
:10029000FBFCFDFDFEFF000000000102030304055E
:1002A00006070708090A0B0B0C0D0E0E0F10111292
:1002B0001213141516161718191A1A1B1C1D1D1EB9
:1002C0001F202121222324252526272829292A2BDE
:1002D0002C2C2D2E2F303031323334343536373804
:1002E00038393A3B3B3C3D3E3F3F4041424343442B
:1002F0004546474748494A4A4B4C4D4E4E4F505150
:1003000052525354555656575859595A5B5C5D5D75
:100310005E5F6061616263649C9D9E9F9FA0A1A2DD
:10032000A3A3A4A5A6A7A7A8A9AAAAABACADAEAE45
:10033000AFB0B1B2B2B3B4B5B6B6B7B8B9B9BABB6B
:10034000BCBDBDBEBFC0C1C1C2C3C4C5C5C6C7C890
:10035000C8C9CACBCCCCCDCECFD0D0D1D2D3D4D4B7
:10036000D5D6D7D7D8D9DADBDBDCDDDEDFDFE0E1DD
:10037000E2E3E3E4E5E6E6E7E8E9EAEAEBECEDEE02
:10038000EEEFF0F1F2F2F3F4F5F5F6F7F8F9F9FA29
:10039000FBFCFDFDFEFF000000000102030304055D
:1003A00006070708090A0B0B0C0D0E0F0F10111290
:1003B0001313141516171718191A1B1B1C1D1E1FB3
:1003C0001F2021222323242526272728292A2B2BD7
:1003D0002C2D2E2F2F3031323333343536363738FB
:1003E000393A3A3B3C3D3E3E3F4041424243444520
:1003F00046464748494A4A4B4C4D4E4E4F50515243
:100400005253545556565758595A5A5B5C5D5E5E66
:100410005F606162626364659B9C9D9E9E9FA0A1DC
:10042000A2A2A3A4A5A6A6A7A8A9AAAAABACADAE52
:10043000AEAFB0B1B2B2B3B4B5B6B6B7B8B9BABA76
:10044000BBBCBDBEBEBFC0C1C2C2C3C4C5C6C6C799
:10045000C8C9CACACBCCCDCDCECFD0D1D1D2D3D4BE
:10046000D5D5D6D7D8D9D9DADBDCDDDDDEDFE0E1E2
:10047000E1E2E3E4E5E5E6E7E8E9E9EAEBECEDED06
:10048000EEEFF0F1F1F2F3F4F5F5F6F7F8F9F9FA29
:10049000FBFCFDFDFEFF000000000102030404055B
:1004A00006070808090A0B0C0C0D0E0F101011128C
:1004B0001314141516171818191A1B1C1C1D1E1FAF
:1004C000202021222324252526272829292A2B2CD0
:1004D0002D2D2E2F303131323334353536373839F2
:1004E000393A3B3C3D3D3E3F404141424344454615
:1004F000464748494A4A4B4C4D4E4E4F5051525236
:1005000053545556565758595A5A5B5C5D5E5E5F58
:1005100060616262636465669A9B9C9D9E9E9FA0DB
:10052000A1A2A2A3A4A5A6A6A7A8A9AAAAABACAD5E
:10053000AEAEAFB0B1B2B2B3B4B5B6B6B7B8B9BA81
:10054000BABBBCBDBEBFBFC0C1C2C3C3C4C5C6C7A2
:10055000C7C8C9CACBCBCCCDCECFCFD0D1D2D3D3C5
:10056000D4D5D6D7D7D8D9DADBDBDCDDDEDFE0E0E7
:10057000E1E2E3E4E4E5E6E7E8E8E9EAEBECECED08
:10058000EEEFF0F0F1F2F3F4F4F5F6F7F8F8F9FA2B
:10059000FBFCFCFDFEFF000000000102030404055B
:1005A00006070808090A0B0C0D0D0E0F1011111289
:1005B00013141515161718191A1A1B1C1D1E1E1FA9
:1005C0002021222223242526272728292A2B2B2CC9
:1005D0002D2E2F2F303132333434353637383839E9
:1005E0003A3B3C3C3D3E3F40414142434445454609
:1005F000474849494A4B4C4D4E4E4F505152525329
:10060000545556565758595A5B5B5C5D5E5F5F6048
:100610006162636364656667999A9B9C9D9D9E9FDA
:10062000A0A1A1A2A3A4A5A5A6A7A8A9AAAAABAC6C
:10063000ADAEAEAFB0B1B2B2B3B4B5B6B7B7B8B98C
:10064000BABBBBBCBDBEBFBFC0C1C2C3C4C4C5C6AC
:10065000C7C8C8C9CACBCCCCCDCECFD0D1D1D2D3CC
:10066000D4D5D5D6D7D8D9D9DADBDCDDDEDEDFE0EC
:10067000E1E2E2E3E4E5E6E6E7E8E9EAEBEBECED0C
:10068000EEEFEFF0F1F2F3F3F4F5F6F7F8F8F9FA2C
:10069000FBFCFCFDFEFF000000000102030404055A
:1006A00006070809090A0B0C0D0D0E0F1011121286
:1006B00013141516161718191A1B1B1C1D1E1F1FA5
:1006C0002021222324242526272829292A2B2C2DC2
:1006D0002D2E2F3031323233343536363738393AE1
:1006E0003B3B3C3D3E3F3F404142434444454647FF
:1006F0004849494A4B4C4D4D4E4F5051525253541C
:100700005556565758595A5B5B5C5D5E5F5F60613A
:10071000626364646566676898999A9B9C9C9D9ED9
:100720009FA0A1A1A2A3A4A5A5A6A7A8A9AAAAAB78
:10073000ACADAEAEAFB0B1B2B3B3B4B5B6B7B7B897
:10074000B9BABBBCBCBDBEBFC0C1C1C2C3C4C5C5B4
:10075000C6C7C8C9CACACBCCCDCECECFD0D1D2D3D2
:10076000D3D4D5D6D7D7D8D9DADBDCDCDDDEDFE0F1
:10077000E1E1E2E3E4E5E5E6E7E8E9EAEAEBECED0E
:10078000EEEEEFF0F1F2F3F3F4F5F6F7F7F8F9FA2D
:10079000FBFCFCFDFEFF0000000001020304040559
:1007A00006070809090A0B0C0D0E0E0F1011121383
:1007B00013141516171818191A1B1C1C1D1E1F20A0
:1007C00021212223242526262728292A2B2B2C2DBC
:1007D0002E2F303031323334353536373839393AD7
:1007E0003B3C3D3E3E3F40414243434445464748F3
:1007F00048494A4B4C4D4D4E4F5051515253545510
:1008000056565758595A5B5B5C5D5E5F606061622B
:1008100063646565666768699798999A9B9B9C9DD8
:100820009E9FA0A0A1A2A3A4A5A5A6A7A8A9AAAA85
:10083000ABACADAEAFAFB0B1B2B3B3B4B5B6B7B8A1
:10084000B8B9BABBBCBDBDBEBFC0C1C2C2C3C4C5BE
:10085000C6C7C7C8C9CACBCBCCCDCECFD0D0D1D2DA
:10086000D3D4D5D5D6D7D8D9DADADBDCDDDEDFDFF5
:10087000E0E1E2E3E4E4E5E6E7E8E8E9EAEBECED11
:10088000EDEEEFF0F1F2F2F3F4F5F6F7F7F8F9FA2E
:10089000FBFCFCFDFEFF0000000001020304050557
:1008A000060708090A0A0B0C0D0E0F0F1011121380
:1008B00014141516171819191A1B1C1D1E1E1F209B
:1008C00021222323242526272828292A2B2C2D2DB5
:1008D0002E2F3031323233343536373838393A3BCF
:1008E0003C3D3D3E3F4041424243444546474748E8
:1008F000494A4B4C4C4D4E4F505151525354555602
:10090000565758595A5B5B5C5D5E5F60606162631D
:10091000646565666768696A969798999A9B9B9CD7
:100920009D9E9FA0A0A1A2A3A4A5A5A6A7A8A9AA91
:10093000AAABACADAEAFAFB0B1B2B3B4B4B5B6B7AD
:10094000B8B9B9BABBBCBDBEBEBFC0C1C2C3C3C4C7
:10095000C5C6C7C8C8C9CACBCCCDCECECFD0D1D2E0
:10096000D3D3D4D5D6D7D8D8D9DADBDCDDDDDEDFFA
:10097000E0E1E2E2E3E4E5E6E7E7E8E9EAEBECEC14
:10098000EDEEEFF0F1F1F2F3F4F5F6F6F7F8F9FA2F
:10099000FBFBFCFDFEFF0000000001020304050557
:1009A000060708090A0A0B0C0D0E0F10101112137E
:1009B000141515161718191A1B1B1C1D1E1F202095
:1009C000212223242525262728292A2B2B2C2D2EAE
:1009D0002F3030313233343536363738393A3B3BC5
:1009E0003C3D3E3F404041424344454646474849DE
:1009F0004A4B4B4C4D4E4F505151525354555656F5
:100A00005758595A5B5B5C5D5E5F6061616263640D
:100A10006566666768696A6B95969798999A9A9BD6
:100A20009C9D9E9F9FA0A1A2A3A4A5A5A6A7A8A99F
:100A3000AAAAABACADAEAFAFB0B1B2B3B4B5B5B6B8
:100A4000B7B8B9BABABBBCBDBEBFC0C0C1C2C3C4CF
:100A5000C5C5C6C7C8C9CACACBCCCDCECFD0D0D1E8
:100A6000D2D3D4D5D5D6D7D8D9DADBDBDCDDDEDFFF
:100A7000E0E0E1E2E3E4E5E5E6E7E8E9EAEBEBEC18
:100A8000EDEEEFF0F0F1F2F3F4F5F6F6F7F8F9FA2F
:100A9000FBFBFCFDFEFF0000000001020304050556
:100AA000060708090A0B0B0C0D0E0F10111112137B
:100AB000141516161718191A1B1C1C1D1E1F202191
:100AC000222223242526272828292A2B2C2D2D2EA7
:100AD0002F3031323333343536373839393A3B3CBD
:100AE0003D3E3F3F40414243444445464748494AD2
:100AF0004A4B4C4D4E4F50505152535455565657E9
:100B000058595A5B5B5C5D5E5F60616162636465FE
:100B100066676768696A6B6C949596979899999AD5
:100B20009B9C9D9E9F9FA0A1A2A3A4A5A5A6A7A8AC
:100B3000A9AAAAABACADAEAFB0B0B1B2B3B4B5B6C2
:100B4000B6B7B8B9BABBBCBCBDBEBFC0C1C1C2C3D9
:100B5000C4C5C6C7C7C8C9CACBCCCDCDCECFD0D1EE
:100B6000D2D3D3D4D5D6D7D8D8D9DADBDCDDDEDE04
:100B7000DFE0E1E2E3E4E4E5E6E7E8E9EAEAEBEC1A
:100B8000EDEEEFEFF0F1F2F3F4F5F5F6F7F8F9FA30
:100B9000FBFBFCFDFEFF0000000001020304050654
:100BA000060708090A0B0C0C0D0E0F101112121378
:100BB000141516171818191A1B1C1D1E1E1F20218C
:100BC0002223242425262728292A2A2B2C2D2E2FA0
:100BD0003030313233343536373738393A3B3C3DB3
:100BE0003D3E3F4041424343444546474849494AC8
:100BF0004B4C4D4E4F4F50515253545555565758DC
:100C0000595A5B5B5C5D5E5F6061616263646566EF
:100C1000676768696A6B6C6D9394959697989999D4
:100C20009A9B9C9D9E9F9FA0A1A2A3A4A5A5A6A7B9
:100C3000A8A9AAABABACADAEAFB0B1B1B2B3B4B5CD
:100C4000B6B7B7B8B9BABBBCBDBDBEBFC0C1C2C3E1
:100C5000C3C4C5C6C7C8C9C9CACBCCCDCECFD0D0F6
:100C6000D1D2D3D4D5D6D6D7D8D9DADBDCDCDDDE09
:100C7000DFE0E1E2E2E3E4E5E6E7E8E8E9EAEBEC1D
:100C8000EDEEEEEFF0F1F2F3F4F4F5F6F7F8F9FA31
:100C9000FAFBFCFDFEFF0000000001020304050654
:100CA000060708090A0B0C0D0D0E0F101112131375
:100CB0001415161718191A1A1B1C1D1E1F20202187
:100CC0002223242526272728292A2B2C2D2D2E2F99
:100CD00030313233343435363738393A3A3B3C3DAB
:100CE0003E3F4041414243444546474748494A4BBD
:100CF0004C4D4E4E4F5051525354545556575859CF
:100D00005A5B5B5C5D5E5F606161626364656667E0
:100D10006868696A6B6C6D6E9293949596979898D3
:100D2000999A9B9C9D9E9F9FA0A1A2A3A4A5A5A6C6
:100D3000A7A8A9AAABACACADAEAFB0B1B2B2B3B4D8
:100D4000B5B6B7B8B9B9BABBBCBDBEBFBFC0C1C2EA
:100D5000C3C4C5C6C6C7C8C9CACBCCCCCDCECFD0FC
:100D6000D1D2D3D3D4D5D6D7D8D9D9DADBDCDDDE0E
:100D7000DFE0E0E1E2E3E4E5E6E6E7E8E9EAEBEC20
:100D8000EDEDEEEFF0F1F2F3F3F4F5F6F7F8F9FA32
:100D9000FAFBFCFDFEFF0000000001020304050653
:100DA000070708090A0B0C0D0E0E0F101112131471
:100DB0001515161718191A1B1C1C1D1E1F20212281
:100DC00023232425262728292A2A2B2C2D2E2F3091
:100DD00031313233343536373838393A3B3C3D3EA1
:100DE0003F3F40414243444546464748494A4B4CB1
:100DF0004D4D4E4F50515253545455565758595AC1
:100E00005B5B5C5D5E5F60616262636465666768D0
:100E100069696A6B6C6D6E6F9192939495969797D2
:100E200098999A9B9C9D9E9E9FA0A1A2A3A4A5A5D4
:100E3000A6A7A8A9AAABACACADAEAFB0B1B2B3B3E4
:100E4000B4B5B6B7B8B9BABABBBCBDBEBFC0C1C1F4
:100E5000C2C3C4C5C6C7C8C8C9CACBCCCDCECFCF04
:100E6000D0D1D2D3D4D5D6D6D7D8D9DADBDCDDDD14
:100E7000DEDFE0E1E2E3E4E4E5E6E7E8E9EAEBEB24
:100E8000ECEDEEEFF0F1F2F2F3F4F5F6F7F8F9F934
:100E9000FAFBFCFDFEFF0000000001020304050652
:100EA000070708090A0B0C0D0E0F0F10111213146F
:100EB0001516161718191A1B1C1D1E1E1F2021227D
:100EC00023242525262728292A2B2C2D2D2E2F308B
:100ED000313233343435363738393A3B3C3C3D3E99
:100EE0003F40414243434445464748494A4B4B4CA7
:100EF0004D4E4F50515252535455565758595A5AB5
:100F00005B5C5D5E5F6061616263646566676869C2
:100F1000696A6B6C6D6E6F709091929394959697D1
:100F20009798999A9B9C9D9E9F9FA0A1A2A3A4A5E0
:100F3000A6A6A7A8A9AAABACADAEAEAFB0B1B2B3EE
:100F4000B4B5B5B6B7B8B9BABBBCBDBDBEBFC0C1FC
:100F5000C2C3C4C4C5C6C7C8C9CACBCCCCCDCECF0A
:100F6000D0D1D2D3D3D4D5D6D7D8D9DADBDBDCDD18
:100F7000DEDFE0E1E2E2E3E4E5E6E7E8E9EAEAEB26
:100F8000ECEDEEEFF0F1F1F2F3F4F5F6F7F8F9F934
:100F9000FAFBFCFDFEFF0000000001020304050651
:100FA000070808090A0B0C0D0E0F1010111213146C
:100FB0001516171818191A1B1C1D1E1F2020212278
:100FC00023242526272828292A2B2C2D2E2F303084
:100FD000313233343536373839393A3B3C3D3E3F90
:100FE0004041414243444546474849494A4B4C4D9C
:100FF0004E4F5051515253545556575859595A5BA8
:101000005C5D5E5F606161626364656667686969B3
:101010006A6B6C6D6E6F70718F90919293949596D0
:10102000979798999A9B9C9D9E9F9FA0A1A2A3A4ED
:10103000A5A6A7A7A8A9AAABACADAEAFAFB0B1B2F9
:10104000B3B4B5B6B7B7B8B9BABBBCBDBEBFBFC005
:10105000C1C2C3C4C5C6C7C7C8C9CACBCCCDCECF11
:10106000D0D0D1D2D3D4D5D6D7D8D8D9DADBDCDD1D
:10107000DEDFE0E0E1E2E3E4E5E6E7E8E8E9EAEB29
:10108000ECEDEEEFF0F0F1F2F3F4F5F6F7F8F8F935
:10109000FAFBFCFDFEFF0000000001020304050650
:1010A000070808090A0B0C0D0E0F1011111213146A
:1010B00015161718191A1A1B1C1D1E1F2021222372
:1010C000232425262728292A2B2C2C2D2E2F30317E
:1010D0003233343535363738393A3B3C3D3D3E3F87
:1010E00040414243444546464748494A4B4C4D4E91
:1010F0004F4F50515253545556575858595A5B5C9C
:101100005D5E5F60616162636465666768696A6AA3
:101110006B6C6D6E6F7071728E8F909192939495CF
:1011200096969798999A9B9C9D9E9F9FA0A1A2A3FB
:10113000A4A5A6A7A8A8A9AAABACADAEAFB0B1B103
:10114000B2B3B4B5B6B7B8B9BABABBBCBDBEBFC00E
:10115000C1C2C3C3C4C5C6C7C8C9CACBCBCCCDCE18
:10116000CFD0D1D2D3D4D4D5D6D7D8D9DADBDCDD21
:10117000DDDEDFE0E1E2E3E4E5E6E6E7E8E9EAEB2D
:10118000ECEDEEEFEFF0F1F2F3F4F5F6F7F8F8F935
:10119000FAFBFCFDFEFF000000000102030405064F
:1011A000070809090A0B0C0D0E0F10111213131466
:1011B00015161718191A1B1C1D1D1E1F202122236E
:1011C000242526262728292A2B2C2D2E2F30303176
:1011D00032333435363738393A3A3B3C3D3E3F407E
:1011E000414243434445464748494A4B4C4D4D4E86
:1011F0004F50515253545556575758595A5B5C5D8E
:101200005E5F60606162636465666768696A6A6B95
:101210006C6D6E6F707172738D8E8F9091929394CE
:101220009596969798999A9B9C9D9E9FA0A0A1A207
:10123000A3A4A5A6A7A8A9A9AAABACADAEAFB0B10F
:10124000B2B3B3B4B5B6B7B8B9BABBBCBDBDBEBF17
:10125000C0C1C2C3C4C5C6C6C7C8C9CACBCCCDCE1F
:10126000CFD0D0D1D2D3D4D5D6D7D8D9DADADBDC27
:10127000DDDEDFE0E1E2E3E3E4E5E6E7E8E9EAEB2F
:10128000ECEDEDEEEFF0F1F2F3F4F5F6F7F7F8F937
:10129000FAFBFCFDFEFF000000000102030405064E
:1012A0000708090A0A0B0C0D0E0F10111213141562
:1012B00015161718191A1B1C1D1E1F1F202122236B
:1012C0002425262728292A2A2B2C2D2E2F3031326F
:1012D00033343535363738393A3B3C3D3E3F3F4075
:1012E0004142434445464748494A4A4B4C4D4E4F7C
:1012F00050515253545555565758595A5B5C5D5E80
:101300005F5F606162636465666768696A6A6B6C87
:101310006D6E6F70717273748C8D8E8F90919293CD
:10132000949596969798999A9B9C9D9E9FA0A1A113
:10133000A2A3A4A5A6A7A8A9AAABABACADAEAFB01B
:10134000B1B2B3B4B5B6B6B7B8B9BABBBCBDBEBF1F
:10135000C0C1C1C2C3C4C5C6C7C8C9CACBCBCCCD26
:10136000CECFD0D1D2D3D4D5D6D6D7D8D9DADBDC2C
:10137000DDDEDFE0E1E1E2E3E4E5E6E7E8E9EAEB30
:10138000EBECEDEEEFF0F1F2F3F4F5F6F6F7F8F939
:10139000FAFBFCFDFEFF000000000102030405064D
:1013A0000708090A0B0B0C0D0E0F10111213141560
:1013B00016171718191A1B1C1D1E1F202122232364
:1013C0002425262728292A2B2C2D2E2F2F30313269
:1013D000333435363738393A3B3B3C3D3E3F40416C
:1013E0004243444546464748494A4B4C4D4E4F5070
:1013F000515252535455565758595A5B5C5D5E5E74
:101400005F606162636465666768696A6A6B6C6D78
:101410006E6F7071727374758B8C8D8E8F909192CC
:1014200093949596969798999A9B9C9D9E9FA0A120
:10143000A2A2A3A4A5A6A7A8A9AAABACADAEAEAF25
:10144000B0B1B2B3B4B5B6B7B8B9BABABBBCBDBE29
:10145000BFC0C1C2C3C4C5C5C6C7C8C9CACBCCCD2D
:10146000CECFD0D1D1D2D3D4D5D6D7D8D9DADBDC30
:10147000DDDDDEDFE0E1E2E3E4E5E6E7E8E9E9EA35
:10148000EBECEDEEEFF0F1F2F3F4F5F5F6F7F8F939
:10149000FAFBFCFDFEFF000000000102030405064C
:1014A0000708090A0B0C0D0D0E0F1011121314155D
:1014B000161718191A1A1B1C1D1E1F20212223245F
:1014C0002526272728292A2B2C2D2E2F3031323361
:1014D000343435363738393A3B3C3D3E3F40414263
:1014E00042434445464748494A4B4C4D4E4F4F5066
:1014F0005152535455565758595A5B5C5C5D5E5F68
:1015000060616263646566676869696A6B6C6D6E69
:101510006F707172737475768A8B8C8D8E8F9091CB
:101520009293949596979798999A9B9C9D9E9FA02D
:10153000A1A2A3A4A4A5A6A7A8A9AAABACADAEAF2F
:10154000B0B1B1B2B3B4B5B6B7B8B9BABBBCBDBE31
:10155000BEBFC0C1C2C3C4C5C6C7C8C9CACBCCCC34
:10156000CDCECFD0D1D2D3D4D5D6D7D8D9D9DADB36
:10157000DCDDDEDFE0E1E2E3E4E5E6E6E7E8E9EA38
:10158000EBECEDEEEFF0F1F2F3F3F4F5F6F7F8F93A
:10159000FAFBFCFDFEFF000000000102030405064B
:1015A0000708090A0B0C0D0E0F0F1011121314155A
:1015B000161718191A1B1C1D1E1E1F20212223245A
:1015C00025262728292A2B2C2D2D2E2F303132335A
:1015D0003435363738393A3B3C3C3D3E3F4041425A
:1015E000434445464748494A4B4B4C4D4E4F50515A
:1015F00052535455565758595A5A5B5C5D5E5F605A
:10160000616263646566676869696A6B6C6D6E6F59
:101610007071727374757677898A8B8C8D8E8F90CA
:10162000919293949596979798999A9B9C9D9E9F3B
:10163000A0A1A2A3A4A5A6A6A7A8A9AAABACADAE3B
:10164000AFB0B1B2B3B4B5B5B6B7B8B9BABBBCBD3B
:10165000BEBFC0C1C2C3C4C4C5C6C7C8C9CACBCC3B
:10166000CDCECFD0D1D2D3D3D4D5D6D7D8D9DADB3B
:10167000DCDDDEDFE0E1E2E2E3E4E5E6E7E8E9EA3B
:10168000EBECEDEEEFF0F1F1F2F3F4F5F6F7F8F93B
:10169000FAFBFCFDFEFF000000000102030405064A
:1016A0000708090A0B0C0D0E0F1011111213141557
:1016B000161718191A1B1C1D1E1F20212222232455
:1016C00025262728292A2B2C2D2E2F303132333353
:1016D0003435363738393A3B3C3D3E3F4041424352
:1016E000444545464748494A4B4C4D4E4F50515250
:1016F00053545556565758595A5B5C5D5E5F60614E
:101700006263646566676768696A6B6C6D6E6F704B
:10171000717273747576777888898A8B8C8D8E8FC9
:1017200090919293949596979899999A9B9C9D9E47
:101730009FA0A1A2A3A4A5A6A7A8A9AAAAABACAD45
:10174000AEAFB0B1B2B3B4B5B6B7B8B9BABBBBBC43
:10175000BDBEBFC0C1C2C3C4C5C6C7C8C9CACBCC41
:10176000CDCDCECFD0D1D2D3D4D5D6D7D8D9DADB40
:10177000DCDDDEDEDFE0E1E2E3E4E5E6E7E8E9EA3E
:10178000EBECEDEEEFEFF0F1F2F3F4F5F6F7F8F93C
:10179000FAFBFCFDFEFF0000000001020304050649
:1017A0000708090A0B0C0D0E0F1011121314141553
:1017B000161718191A1B1C1D1E1F20212223242551
:1017C00026272828292A2B2C2D2E2F30313233344E
:1017D00035363738393A3B3C3D3D3E3F4041424348
:1017E0004445464748494A4B4C4D4E4F5051515243
:1017F000535455565758595A5B5C5D5E5F60616241
:1018000063646565666768696A6B6C6D6E6F70713D
:1018100072737475767778798788898A8B8C8D8EC8
:101820008F909192939495969798999A9B9B9C9D53
:101830009E9FA0A1A2A3A4A5A6A7A8A9AAABACAD50
:10184000AEAFAFB0B1B2B3B4B5B6B7B8B9BABBBC4E
:10185000BDBEBFC0C1C2C3C3C4C5C6C7C8C9CACB49
:10186000CCCDCECFD0D1D2D3D4D5D6D7D8D8D9DA43
:10187000DBDCDDDEDFE0E1E2E3E4E5E6E7E8E9EA40
:10188000EBECECEDEEEFF0F1F2F3F4F5F6F7F8F93E
:10189000FAFBFCFDFEFF0000000001020304050648
:1018A0000708090A0B0C0D0E0F1011121314151650
:1018B000171818191A1B1C1D1E1F2021222324254E
:1018C000262728292A2B2C2D2E2F30313132333444
:1018D00035363738393A3B3C3D3E3F404142434440
:1018E0004546474849494A4B4C4D4E4F505152533B
:1018F0005455565758595A5B5C5D5E5F6061626231
:10190000636465666768696A6B6C6D6E6F7071722F
:10191000737475767778797A868788898A8B8C8DC7
:101920008E8F909192939495969798999A9B9C9D5F
:101930009E9E9FA0A1A2A3A4A5A6A7A8A9AAABAC5E
:10194000ADAEAFB0B1B2B3B4B5B6B7B7B8B9BABB54
:10195000BCBDBEBFC0C1C2C3C4C5C6C7C8C9CACB4F
:10196000CCCDCECFCFD0D1D2D3D4D5D6D7D8D9DA4B
:10197000DBDCDDDEDFE0E1E2E3E4E5E6E7E8E8E941
:10198000EAEBECEDEEEFF0F1F2F3F4F5F6F7F8F93F
:10199000FAFBFCFDFEFF0000000001020304050647
:1019A0000708090A0B0C0D0E0F101112131415164F
:1019B0001718191A1B1C1D1E1F1F20212223242546
:1019C000262728292A2B2C2D2E2F3031323334353F
:1019D000363738393A3B3C3D3E3E3F404142434436
:1019E00045464748494A4B4C4D4E4F50515253542F
:1019F00055565758595A5B5C5D5D5E5F6061626326
:101A00006465666768696A6B6C6D6E6F707172731E
:101A10007475767778797A7B85868788898A8B8CC6
:101A20008D8E8F909192939495969798999A9B9C6E
:101A30009D9E9FA0A1A2A3A3A4A5A6A7A8A9AAAB67
:101A4000ACADAEAFB0B1B2B3B4B5B6B7B8B9BABB5E
:101A5000BCBDBEBFC0C1C2C2C3C4C5C6C7C8C9CA57
:101A6000CBCCCDCECFD0D1D2D3D4D5D6D7D8D9DA4E
:101A7000DBDCDDDEDFE0E1E1E2E3E4E5E6E7E8E947
:101A8000EAEBECEDEEEFF0F1F2F3F4F5F6F7F8F93E
:101A9000FAFBFCFDFEFF0000000001020304050646
:101AA0000708090A0B0C0D0E0F101112131415164E
:101AB0001718191A1B1C1D1E1F202122232425263E
:101AC000272829292A2B2C2D2E2F3031323334353B
:101AD000363738393A3B3C3D3E3F4041424344452E
:101AE000464748494A4B4C4D4E4F50515253535420
:101AF00055565758595A5B5C5D5E5F60616263641E
:101B000065666768696A6B6C6D6E6F70717273740D
:101B100075767778797A7B7C8485868788898A8BC5
:101B20008C8D8E8F909192939495969798999A9B7D
:101B30009C9D9E9FA0A1A2A3A4A5A6A7A8A9AAAB6D
:101B4000ACADADAEAFB0B1B2B3B4B5B6B7B8B9BA6B
:101B5000BBBCBDBEBFC0C1C2C3C4C5C6C7C8C9CA5D
:101B6000CBCCCDCECFD0D1D2D3D4D5D6D7D7D8D950
:101B7000DADBDCDDDEDFE0E1E2E3E4E5E6E7E8E94D
:101B8000EAEBECEDEEEFF0F1F2F3F4F5F6F7F8F93D
:101B9000FAFBFCFDFEFF0000000001020304050645
:101BA0000708090A0B0C0D0E0F101112131415164D
:101BB0001718191A1B1C1D1E1F202122232425263D
:101BC0002728292A2B2C2D2E2F303132333435362D
:101BD0003738393A3B3C3D3E3F3F40414243444524
:101BE000464748494A4B4C4D4E4F5051525354551D
:101BF000565758595A5B5C5D5E5F6061626364650D
:101C0000666768696A6B6C6D6E6F707172737475FC
:101C1000767778797A7B7C7D838485868788898AC4
:101C20008B8C8D8E8F909192939495969798999A8C
:101C30009B9C9D9E9FA0A1A2A3A4A5A6A7A8A9AA7C
:101C4000ABACADAEAFB0B1B2B3B4B5B6B7B8B9BA6C
:101C5000BBBCBDBEBFC0C1C1C2C3C4C5C6C7C8C965
:101C6000CACBCCCDCECFD0D1D2D3D4D5D6D7D8D95C
:101C7000DADBDCDDDEDFE0E1E2E3E4E5E6E7E8E94C
:101C8000EAEBECEDEEEFF0F1F2F3F4F5F6F7F8F93C
:101C9000FAFBFCFDFEFF0000000001020304050644
:101CA0000708090A0B0C0D0E0F101112131415164C
:101CB0001718191A1B1C1D1E1F202122232425263C
:101CC0002728292A2B2C2D2E2F303132333435362C
:101CD0003738393A3B3C3D3E3F404142434445461C
:101CE0004748494A4B4C4D4E4F505152535455560C
:101CF0005758595A5B5C5D5E5F60616263646566FC
:101D00006768696A6B6C6D6E6F70717273747576EB
:101D10007778797A7B7C7D7E8283848586878889C3
:101D20008A8B8C8D8E8F909192939495969798999B
:101D30009A9B9C9D9E9FA0A1A2A3A4A5A6A7A8A98B
:101D4000AAABACADAEAFB0B1B2B3B4B5B6B7B8B97B
:101D5000BABBBCBDBEBFC0C1C2C3C4C5C6C7C8C96B
:101D6000CACBCCCDCECFD0D1D2D3D4D5D6D7D8D95B
:101D7000DADBDCDDDEDFE0E1E2E3E4E5E6E7E8E94B
:101D8000EAEBECEDEEEFF0F1F2F3F4F5F6F7F8F93B
:101D9000FAFBFCFDFEFF0000C70000005602000039
:101DA000E503000073050000000700008C08000038
:101DB000160A00009F0B0000270D0000AC0E00006B
:101DC0002F100000B01100002D130000A814000017
:101DD000201600009417000005190000711A000079
:101DE000DA1B00003F1D00009E1E0000FA1F0000CD
:101DF00050210000A1220000ED2300003325000047
:101E000073260000AE270000E2280000102A000020
:101E1000382B0000592C0000732D0000862E000086
:101E2000922F0000973000009431000089320000AA
:101E3000773300005D3400003A35000010360000B2
:101E4000DD360000A13700005D38000011390000C8
:101E5000BB3900005D3A0000F63A0000853B000007
:101E60000C3C0000893C0000FD3C0000673D000088
:101E7000C83D0000203E00006D3E0000B23E000064
:101E8000EC3E00001D3F0000443F0000613F0000A9
:101E9000753F00007F3F00007F3F0000753F00005E
:101EA000613F0000443F00001D3F0000EC3E000089
:101EB000B23E00006D3E0000203E0000C83D000024
:101EC000673D0000FD3C0000893C00000C3C000028
:101ED000853B0000F63A00005D3A0000BB39000087
:101EE000113900005D380000A1370000DD36000028
:101EF000103600003A3500005D34000077330000F2
:101F0000893200009431000097300000922F0000C9
:101F1000862E0000732D0000592C0000382B000085
:101F2000102A0000E2280000AE27000073260000FF
:101F300033250000ED230000A12200005021000005
:101F4000FA1F00009E1E00003F1D0000DA1B00006B
:101F5000711A0000051900009417000020160000F7
:101F6000A81400002D130000B01100002F10000075
:101F7000AC0E0000270D00009F0B0000160A0000A9
:101F80008C0800000007000073050000E503000056
:101F900056020000C700000039FFFFFFAAFDFFFF47
:101FA0001BFCFFFF8DFAFFFF00F9FFFF74F7FFFF37
:101FB000EAF5FFFF61F4FFFFD9F2FFFF54F1FFFFE5
:101FC000D1EFFFFF50EEFFFFD3ECFFFF58EBFFFF19
:101FD000E0E9FFFF6CE8FFFFFBE6FFFF8FE5FFFF97
:101FE00026E4FFFFC1E2FFFF62E1FFFF06E0FFFF23
:101FF000B0DEFFFF5FDDFFFF13DCFFFFCDDAFFFF89
:102000008DD9FFFF52D8FFFF1ED7FFFFF0D5FFFF8E
:10201000C8D4FFFFA7D3FFFF8DD2FFFF7AD1FFFF08
:102020006ED0FFFF69CFFFFF6CCEFFFF77CDFFFFC4
:1020300089CCFFFFA3CBFFFFC6CAFFFFF0C9FFFF9C
:1020400023C9FFFF5FC8FFFFA3C7FFFFEFC6FFFF66
:1020500045C6FFFFA3C5FFFF0AC5FFFF7BC4FFFF07
:10206000F4C3FFFF77C3FFFF03C3FFFF99C2FFFF66
:1020700038C2FFFFE0C1FFFF93C1FFFF4EC1FFFF6A
:1020800014C1FFFFE3C0FFFFBCC0FFFF9FC0FFFF05
:102090008BC0FFFF81C0FFFF81C0FFFF8BC0FFFF30
:1020A0009FC0FFFFBCC0FFFFE3C0FFFF14C1FFFFE5
:1020B0004EC1FFFF93C1FFFFE0C1FFFF38C2FFFF2A
:1020C00099C2FFFF03C3FFFF77C3FFFFF4C3FFFF06
:1020D0007BC4FFFF0AC5FFFFA3C5FFFF45C6FFFF87
:1020E000EFC6FFFFA3C7FFFF5FC8FFFF23C9FFFFC6
:1020F000F0C9FFFFC6CAFFFFA3CBFFFF89CCFFFFDC
:1021000077CDFFFF6CCEFFFF69CFFFFF6ED0FFFFE3
:102110007AD1FFFF8DD2FFFFA7D3FFFFC8D4FFFF07
:10212000F0D5FFFF1ED7FFFF52D8FFFF8DD9FFFF6D
:10213000CDDAFFFF13DCFFFF5FDDFFFFB0DEFFFF47
:1021400006E0FFFF62E1FFFFC1E2FFFF26E4FFFFC1
:102150008FE5FFFFFBE6FFFF6CE8FFFFE0E9FFFF15
:1021600058EBFFFFD3ECFFFF50EEFFFFD1EFFFFF77
:1021700054F1FFFFD9F2FFFF61F4FFFFEAF5FFFF23
:1021800074F7FFFF00F9FFFF8DFAFFFF1BFCFFFF55
:10219000AAFDFFFF39FFFFFFC70000005602000045
:1021A000E503000073050000000700008C08000034
:1021B000160A00009F0B0000270D0000AC0E000067
:1021C0002F100000B01100002D130000A814000013
:1021D000201600009417000005190000711A000075
:1021E000DA1B00003F1D00009E1E0000FA1F0000C9
:1021F00050210000A1220000ED2300003325000043
:1022000073260000AE270000E2280000102A00001C
:10221000382B0000592C0000732D0000862E000082
:10222000922F0000973000009431000089320000A6
:10223000773300005D3400003A35000010360000AE
:10224000DD360000A13700005D38000011390000C4
:10225000BB3900005D3A0000F63A0000853B000003
:102260000C3C0000893C0000FD3C0000673D000084
:10227000C83D0000203E00006D3E0000B23E000060
:10228000EC3E00001D3F0000443F0000613F0000A5
:10229000753F00007F3F00007F3F0000753F00005A
:1022A000613F0000443F00001D3F0000EC3E000085
:1022B000B23E00006D3E0000203E0000C83D000020
:1022C000673D0000FD3C0000893C00000C3C000024
:1022D000853B0000F63A00005D3A0000BB39000083
:1022E000113900005D380000A1370000DD36000024
:1022F000103600003A3500005D34000077330000EE
:10230000893200009431000097300000922F0000C5
:10231000862E0000732D0000592C0000382B000081
:10232000102A0000E2280000AE27000073260000FB
:1023300033250000ED230000A12200005021000001
:10234000FA1F00009E1E00003F1D0000DA1B000067
:10235000711A0000051900009417000020160000F3
:10236000A81400002D130000B01100002F10000071
:10237000AC0E0000270D00009F0B0000160A0000A5
:102380008C0800000007000073050000E503000052
:1023900056020000C700000039FFFFFFAAFDFFFF43
:1023A0001BFCFFFF8DFAFFFF00F9FFFF74F7FFFF33
:1023B000EAF5FFFF61F4FFFFD9F2FFFF54F1FFFFE1
:1023C000D1EFFFFF50EEFFFFD3ECFFFF58EBFFFF15
:1023D000E0E9FFFF6CE8FFFFFBE6FFFF8FE5FFFF93
:1023E00026E4FFFFC1E2FFFF62E1FFFF06E0FFFF1F
:1023F000B0DEFFFF5FDDFFFF13DCFFFFCDDAFFFF85
:102400008DD9FFFF52D8FFFF1ED7FFFFF0D5FFFF8A
:10241000C8D4FFFFA7D3FFFF8DD2FFFF7AD1FFFF04
:102420006ED0FFFF69CFFFFF6CCEFFFF77CDFFFFC0
:1024300089CCFFFFA3CBFFFFC6CAFFFFF0C9FFFF98
:1024400023C9FFFF5FC8FFFFA3C7FFFFEFC6FFFF62
:1024500045C6FFFFA3C5FFFF0AC5FFFF7BC4FFFF03
:10246000F4C3FFFF77C3FFFF03C3FFFF99C2FFFF62
:1024700038C2FFFFE0C1FFFF93C1FFFF4EC1FFFF66
:1024800014C1FFFFE3C0FFFFBCC0FFFF9FC0FFFF01
:102490008BC0FFFF81C0FFFF81C0FFFF8BC0FFFF2C
:1024A0009FC0FFFFBCC0FFFFE3C0FFFF14C1FFFFE1
:1024B0004EC1FFFF93C1FFFFE0C1FFFF38C2FFFF26
:1024C00099C2FFFF03C3FFFF77C3FFFFF4C3FFFF02
:1024D0007BC4FFFF0AC5FFFFA3C5FFFF45C6FFFF83
:1024E000EFC6FFFFA3C7FFFF5FC8FFFF23C9FFFFC2
:1024F000F0C9FFFFC6CAFFFFA3CBFFFF89CCFFFFD8
:1025000077CDFFFF6CCEFFFF69CFFFFF6ED0FFFFDF
:102510007AD1FFFF8DD2FFFFA7D3FFFFC8D4FFFF03
:10252000F0D5FFFF1ED7FFFF52D8FFFF8DD9FFFF69
:10253000CDDAFFFF13DCFFFF5FDDFFFFB0DEFFFF43
:1025400006E0FFFF62E1FFFFC1E2FFFF26E4FFFFBD
:102550008FE5FFFFFBE6FFFF6CE8FFFFE0E9FFFF11
:1025600058EBFFFFD3ECFFFF50EEFFFFD1EFFFFF73
:1025700054F1FFFFD9F2FFFF61F4FFFFEAF5FFFF1F
:1025800074F7FFFF00F9FFFF8DFAFFFF1BFCFFFF51
:10259000AAFDFFFF39FFFFFF000000001F00000041
:1025A0003B0000005A000000780000009700000087
:1025B000B5000000D4000000F3000000110100008D
:1025C000300100004E0100001F0000001C00000050
:1025D0001F0000001E0000001F0000001E00000081
:1025E0001F0000001F0000001E0000001F00000070
:1025F0001E0000001F0000000020202020202020BE
:1026000020202828282828202020202020202020A2
:1026100020202020202020202088101010101010B2
:1026200010101010101010101004040404040404FE
:102630000404041010101010101041414141414198
:10264000010101010101010101010101010101017A
:10265000010101011010101010104242424242428A
:10266000020202020202020202020202020202024A
:1026700002020202101010102000000000000000F2
:10268000000000000000000000000000000000004A
:10269000000000000000000000000000000000003A
:1026A000000000000000000000000000000000002A
:1026B000000000000000000000000000000000001A
:1026C000000000000000000000000000000000000A
:1026D00000000000000000000000000000000000FA
:1026E00000000000000000000000000000000000EA
:1026F0000000000000000000000000001F000000BB
:102700001C0000001F0000001E0000001F00000051
:102710001E0000001F0000001F0000001E0000003F
:102720001F0000001E0000001F0000001F0000002E
:102730001D0000001F0000001E0000001F00000020
:102740001E0000001F0000001F0000001E0000000F
:102750001F0000001E0000001F000000000000001D
:1027600059F3F8C21F6EA501000000000000F03F01
:08277000E0DAFC7F010000002B
:04277800B50100089F
:04277C0091010008BF
:102780002C0300200024F4000100000010000000D1
:10279000FFFF0000E0FF0000000000003400002008
:1027A000010000001500000001000000F25D0208B9
:1027B00007000C0066620208110018004001F000DA
:1027C0000401010880010010010000000100000068
:1027D0001E001E0022011E00A000D2008100A200E7
:1027E000930396000D025C0376C802000C03000000
:1027F000B2B773FF4CFFFFFFA8FB0100C00C9DFFA9
:1028000076BA07000000000003000000C81900208D
:1028100020E9000820E900089C00002000000000DA
:10282000C8190020301A0020981A0020000000006B
:102830000000000000000000000000000000000098
:102840000000000000000000000000000000000088
:102850000000000000000000000000000000000078
:102860000000000000000000010000000000000067
:102870004A0000000000000000000000000000000E
:102880000000000000000000000000000000000048
:1028900000000000000000004A00000000000000EE
:1028A0000000000000000000000000000000000028
:1028B0000000000000000000000000000000000018
:040000050800190DC9
:00000001FF
